mobile_number,circle_id,loc_og_t2o_mou,std_og_t2o_mou,loc_ic_t2o_mou,last_date_of_month_6,last_date_of_month_7,last_date_of_month_8,arpu_6,arpu_7,arpu_8,onnet_mou_6,onnet_mou_7,onnet_mou_8,offnet_mou_6,offnet_mou_7,offnet_mou_8,roam_ic_mou_6,roam_ic_mou_7,roam_ic_mou_8,roam_og_mou_6,roam_og_mou_7,roam_og_mou_8,loc_og_t2t_mou_6,loc_og_t2t_mou_7,loc_og_t2t_mou_8,loc_og_t2m_mou_6,loc_og_t2m_mou_7,loc_og_t2m_mou_8,loc_og_t2f_mou_6,loc_og_t2f_mou_7,loc_og_t2f_mou_8,loc_og_t2c_mou_6,loc_og_t2c_mou_7,loc_og_t2c_mou_8,loc_og_mou_6,loc_og_mou_7,loc_og_mou_8,std_og_t2t_mou_6,std_og_t2t_mou_7,std_og_t2t_mou_8,std_og_t2m_mou_6,std_og_t2m_mou_7,std_og_t2m_mou_8,std_og_t2f_mou_6,std_og_t2f_mou_7,std_og_t2f_mou_8,std_og_t2c_mou_6,std_og_t2c_mou_7,std_og_t2c_mou_8,std_og_mou_6,std_og_mou_7,std_og_mou_8,isd_og_mou_6,isd_og_mou_7,isd_og_mou_8,spl_og_mou_6,spl_og_mou_7,spl_og_mou_8,og_others_6,og_others_7,og_others_8,total_og_mou_6,total_og_mou_7,total_og_mou_8,loc_ic_t2t_mou_6,loc_ic_t2t_mou_7,loc_ic_t2t_mou_8,loc_ic_t2m_mou_6,loc_ic_t2m_mou_7,loc_ic_t2m_mou_8,loc_ic_t2f_mou_6,loc_ic_t2f_mou_7,loc_ic_t2f_mou_8,loc_ic_mou_6,loc_ic_mou_7,loc_ic_mou_8,std_ic_t2t_mou_6,std_ic_t2t_mou_7,std_ic_t2t_mou_8,std_ic_t2m_mou_6,std_ic_t2m_mou_7,std_ic_t2m_mou_8,std_ic_t2f_mou_6,std_ic_t2f_mou_7,std_ic_t2f_mou_8,std_ic_t2o_mou_6,std_ic_t2o_mou_7,std_ic_t2o_mou_8,std_ic_mou_6,std_ic_mou_7,std_ic_mou_8,total_ic_mou_6,total_ic_mou_7,total_ic_mou_8,spl_ic_mou_6,spl_ic_mou_7,spl_ic_mou_8,isd_ic_mou_6,isd_ic_mou_7,isd_ic_mou_8,ic_others_6,ic_others_7,ic_others_8,total_rech_num_6,total_rech_num_7,total_rech_num_8,total_rech_amt_6,total_rech_amt_7,total_rech_amt_8,max_rech_amt_6,max_rech_amt_7,max_rech_amt_8,date_of_last_rech_6,date_of_last_rech_7,date_of_last_rech_8,last_day_rch_amt_6,last_day_rch_amt_7,last_day_rch_amt_8,date_of_last_rech_data_6,date_of_last_rech_data_7,date_of_last_rech_data_8,total_rech_data_6,total_rech_data_7,total_rech_data_8,max_rech_data_6,max_rech_data_7,max_rech_data_8,count_rech_2g_6,count_rech_2g_7,count_rech_2g_8,count_rech_3g_6,count_rech_3g_7,count_rech_3g_8,av_rech_amt_data_6,av_rech_amt_data_7,av_rech_amt_data_8,vol_2g_mb_6,vol_2g_mb_7,vol_2g_mb_8,vol_3g_mb_6,vol_3g_mb_7,vol_3g_mb_8,arpu_3g_6,arpu_3g_7,arpu_3g_8,arpu_2g_6,arpu_2g_7,arpu_2g_8,night_pck_user_6,night_pck_user_7,night_pck_user_8,monthly_2g_6,monthly_2g_7,monthly_2g_8,sachet_2g_6,sachet_2g_7,sachet_2g_8,monthly_3g_6,monthly_3g_7,monthly_3g_8,sachet_3g_6,sachet_3g_7,sachet_3g_8,fb_user_6,fb_user_7,fb_user_8,aon,aug_vbc_3g,jul_vbc_3g,jun_vbc_3g
7000192800,109,0.0,0.0,0.0,6/30/2014,7/31/2014,8/31/2014,411.301,413.786,255.538,641.44,697.98,475.04,184.08,112.31,5.74,0.0,0.0,0.0,0.0,0.0,0.0,6.33,17.39,9.23,25.73,23.63,1.76,0.0,0.0,0.0,2.8,6.74,0.0,32.06,41.03,10.99,635.11,680.58,465.81,155.54,81.93,3.98,0.0,0.0,0.0,0.0,0.0,0.0,790.66,762.51,469.79,0.0,0.0,0.0,2.8,6.74,0.0,0.0,0.0,0.0,825.53,810.29,480.79,10.71,14.51,16.41,10.34,18.28,13.93,0.0,0.4,0.35,21.06,33.19,30.69,0.05,0.38,5.53,12.93,92.98,67.53,0.0,0.0,0.0,0.0,0.0,0.0,12.98,93.36,73.06,34.38,126.56,103.76,0.33,0.0,0.0,0.0,0.0,0.0,0.0,0.0,0.0,16,14,10,490,492,270,90,110,44,6/30/2014,7/28/2014,8/30/2014,20,110,20,,,,,,,,,,,,,,,,,,,0.0,0.0,0.0,0.0,0.0,0.0,,,,,,,,,,0,0,0,0,0,0,0,0,0,0,0,0,,,,382,0.0,0.0,0.0
7002308733,109,0.0,0.0,0.0,6/30/2014,7/31/2014,8/31/2014,194.111,254.235,250.103,0.0,0.0,52.28,179.63,227.76,217.69,0.0,6.76,0.0,0.0,4.96,0.0,0.0,0.0,0.0,1.88,2.01,38.39,0.0,0.31,0.0,0.65,3.78,0.0,1.88,2.33,38.39,0.0,0.0,52.28,177.09,219.14,179.29,0.0,0.0,0.0,0.0,0.0,0.0,177.09,219.14,231.58,0.0,0.0,0.0,0.65,4.38,9.93,0.3,0.0,0.0,179.93,225.86,279.91,0.0,0.0,0.0,21.16,1.53,15.86,0.0,0.76,0.0,21.16,2.29,15.86,6.11,0.0,0.36,8.59,15.44,25.83,0.0,0.0,0.0,0.0,0.0,0.0,14.71,15.44,26.19,35.88,18.61,45.89,0.0,0.86,0.0,0.0,0.0,3.83,0.0,0.0,0.0,17,18,11,220,280,291,30,30,65,6/30/2014,7/30/2014,8/30/2014,10,30,30,,,,,,,,,,,,,,,,,,,0.0,0.0,0.0,0.0,0.0,0.0,,,,,,,,,,0,0,0,0,0,0,0,0,0,0,0,0,,,,354,0.0,0.0,0.0
7001348413,109,0.0,0.0,0.0,6/30/2014,7/31/2014,8/31/2014,77.566,91.162,82.0,3.89,4.13,0.7,64.36,96.01,66.73,0.0,0.0,0.0,0.0,0.0,0.0,3.89,4.13,0.7,47.98,78.23,21.39,0.0,0.0,0.0,0.0,0.0,0.0,51.88,82.36,22.09,0.0,0.0,0.0,16.38,17.78,45.33,0.0,0.0,0.0,0.0,0.0,0.0,16.38,17.78,45.33,0.0,0.0,0.0,0.0,0.0,0.0,0.0,0.0,0.0,68.26,100.14,67.43,2.18,35.23,0.51,187.09,122.66,14.34,3.11,9.78,0.0,192.39,167.68,14.86,0.0,0.0,0.0,40.11,52.61,0.21,3.38,3.96,0.0,0.0,0.0,0.0,43.49,56.58,0.21,235.89,224.26,15.08,0.0,0.0,0.0,0.0,0.0,0.0,0.0,0.0,0.0,4,3,2,90,220,0,90,110,0,6/18/2014,7/25/2014,8/26/2014,0,110,0,,,,,,,,,,,,,,,,,,,0.0,0.0,0.0,0.0,0.0,0.0,,,,,,,,,,0,0,0,0,0,0,0,0,0,0,0,0,,,,599,0.0,0.0,0.0
7000894176,109,0.0,0.0,0.0,6/30/2014,7/31/2014,8/31/2014,512.303,182.606,224.473,11.86,24.48,48.96,71.08,162.26,75.53,49.94,0.0,0.0,16.94,0.0,0.0,10.46,12.88,13.09,23.88,35.53,43.51,3.28,1.5,0.28,0.0,0.0,0.0,37.63,49.91,56.89,0.0,11.59,35.86,28.36,117.76,31.73,0.0,0.0,0.0,0.0,0.0,0.0,28.36,129.36,67.59,0.0,0.0,0.0,0.0,7.46,0.0,0.0,0.0,0.0,65.99,186.74,124.49,12.74,32.73,18.58,46.08,81.88,81.99,1.33,0.61,3.11,60.16,115.23,103.69,2.64,19.18,33.09,0.0,3.4,0.0,0.0,0.0,0.0,0.0,0.0,0.0,2.64,22.58,33.09,62.81,137.81,136.79,0.0,0.0,0.0,0.0,0.0,0.0,0.0,0.0,0.0,8,5,4,362,208,282,154,110,152,6/29/2014,7/26/2014,8/24/2014,0,48,0,6/23/2014,,8/8/2014,1.0,,2.0,154.0,,152.0,1.0,,1.0,0.0,,1.0,154.0,,304.0,13.43,0.0,27.8,59.89,0.0,540.39,111.31,,69.73,136.0,,67.55,0.0,,0.0,1,0,0,0,0,1,0,0,0,0,0,1,1.0,,1.0,216,21.21,0.0,5.53
7002295584,109,0.0,0.0,0.0,6/30/2014,7/31/2014,8/31/2014,121.795,198.256,0.0,24.38,6.03,,56.01,169.21,,0.0,0.0,,0.0,0.0,,24.38,6.03,,54.94,168.23,,0.56,0.98,,0.0,0.0,,79.89,175.24,,0.0,0.0,,0.0,0.0,,0.0,0.0,,0.0,0.0,,0.0,0.0,,0.0,0.0,,1.31,1.99,,1.64,0.0,,82.86,177.24,0.0,42.26,8.58,,239.33,224.26,,0.0,0.0,,281.59,232.84,,0.0,0.0,,0.0,0.0,,0.0,0.0,,0.0,0.0,,0.0,0.0,,281.59,232.84,0.0,0.0,0.0,,0.0,0.0,,0.0,0.0,,6,6,1,160,210,0,50,50,0,6/29/2014,7/23/2014,8/29/2014,30,50,0,,,,,,,,,,,,,,,,,,,0.0,0.0,0.0,0.0,0.0,0.0,,,,,,,,,,0,0,0,0,0,0,0,0,0,0,0,0,,,,297,0.0,0.0,0.0
7001648530,109,0.0,0.0,0.0,6/30/2014,7/31/2014,8/31/2014,290.914,640.617,511.828,183.13,901.89,635.69,238.43,517.31,550.19,23.73,0.21,2.13,85.54,1.15,2.01,10.31,15.21,7.09,94.16,200.54,311.31,3.61,1.75,0.0,0.0,0.0,0.68,108.09,217.51,318.41,166.51,885.64,628.59,61.39,314.89,236.18,0.0,0.0,0.0,0.0,0.0,0.0,227.91,1200.54,864.78,0.0,0.0,0.0,0.0,0.0,0.68,0.0,0.0,0.0,336.01,1418.06,1183.88,0.0,1.33,5.73,39.18,93.39,122.01,2.55,31.13,42.33,41.73,125.86,170.08,0.0,3.88,0.3,0.83,25.66,17.24,0.0,0.0,0.0,0.0,0.0,0.0,0.83,29.54,17.54,42.56,155.41,187.63,0.0,0.0,0.0,0.0,0.0,0.0,0.0,0.0,0.0,7,10,6,440,647,711,110,110,144,6/30/2014,7/28/2014,8/31/2014,110,110,130,,7/25/2014,,,3.0,,,23.0,,,3.0,,,0.0,,,69.0,,0.0,0.0,0.0,0.0,0.14,0.0,,0.6,,,0.0,,,0.0,,0,0,0,0,3,0,0,0,0,0,0,0,,0.0,,2372,0.0,0.0,0.0
7001205540,109,0.0,0.0,0.0,6/30/2014,7/31/2014,8/31/2014,386.027,584.512,543.651,118.91,351.68,536.53,117.98,124.43,245.91,137.29,42.64,24.58,143.81,59.81,69.79,9.28,66.08,47.58,1.36,44.51,198.26,0.0,0.83,1.84,0.0,0.0,3.56,10.64,111.43,247.69,82.43,270.59,442.79,0.0,34.26,9.16,0.0,0.0,0.0,0.0,0.0,0.0,82.43,304.86,451.96,0.0,0.0,0.0,0.0,0.0,12.98,0.0,0.0,0.0,93.08,416.29,712.64,10.18,39.49,28.01,7.61,21.34,28.81,1.8,0.45,5.61,19.59,61.29,62.44,0.0,5.83,16.08,0.0,5.39,2.53,0.0,0.0,0.2,0.0,0.0,0.0,0.0,11.23,18.81,25.66,72.53,86.04,0.0,0.0,0.0,0.0,0.0,0.0,6.06,0.0,4.78,5,8,8,440,774,674,110,198,154,6/24/2014,7/25/2014,8/31/2014,110,110,130,,7/10/2014,8/21/2014,,1.0,1.0,,198.0,154.0,,1.0,1.0,,0.0,0.0,,198.0,154.0,0.0,216.62,29.91,0.0,0.0,255.93,,0.0,65.38,,0.0,3.64,,0.0,0.0,0,1,1,0,0,0,0,0,0,0,0,0,,1.0,1.0,1525,266.94,0.0,0.0
7000258552,109,0.0,0.0,0.0,6/30/2014,7/31/2014,8/31/2014,368.162,315.675,598.9,40.96,27.84,87.18,85.38,46.66,124.13,0.0,0.0,0.0,0.0,0.0,0.0,40.96,27.84,87.18,49.11,20.28,81.18,0.0,0.0,1.16,4.13,0.0,0.0,90.08,48.13,169.53,0.0,0.0,0.0,0.0,0.0,0.0,0.0,0.0,0.0,0.0,0.0,0.0,0.0,0.0,0.0,32.13,26.38,41.78,4.13,0.0,0.0,0.0,0.0,0.0,126.34,74.51,211.31,38.16,56.28,48.36,56.73,41.48,64.44,9.14,8.54,6.39,104.04,106.31,119.21,0.0,0.0,0.0,1.23,0.0,0.0,0.0,0.0,0.0,0.0,0.0,0.0,1.23,0.0,0.0,164.39,145.69,184.44,0.48,0.0,0.0,58.63,39.38,65.23,0.0,0.0,0.0,15,21,38,380,380,665,110,50,50,6/25/2014,7/31/2014,8/31/2014,10,20,20,,,,,,,,,,,,,,,,,,,0.0,0.0,0.0,0.0,0.0,0.0,,,,,,,,,,0,0,0,0,0,0,0,0,0,0,0,0,,,,344,0.0,0.0,0.0
7001750198,109,0.0,0.0,0.0,6/30/2014,7/31/2014,8/31/2014,37.588,68.35,25.503,38.44,36.96,12.01,24.44,32.31,42.58,0.0,0.0,0.0,0.0,0.0,0.0,10.69,11.38,5.18,21.68,28.64,30.36,0.0,0.0,0.0,0.0,0.0,0.0,32.38,40.03,35.54,27.74,25.58,6.83,0.06,3.66,12.21,2.69,0.0,0.0,0.0,0.0,0.0,30.51,29.24,19.04,0.0,0.0,0.0,0.0,0.0,0.0,0.0,0.0,0.0,62.89,69.28,54.59,3.59,14.83,7.04,59.86,22.59,47.23,0.0,0.0,0.0,63.46,37.43,54.28,1.06,0.6,0.0,16.41,4.54,6.64,0.0,0.0,0.0,0.0,0.0,0.0,17.48,5.14,6.64,80.94,42.58,60.93,0.0,0.0,0.0,0.0,0.0,0.0,0.0,0.0,0.0,3,2,3,128,0,149,128,0,149,6/26/2014,7/17/2014,8/30/2014,128,0,149,,,,,,,,,,,,,,,,,,,0.0,0.0,0.0,0.0,0.0,0.0,,,,,,,,,,0,0,0,0,0,0,0,0,0,0,0,0,,,,1868,0.0,0.0,0.0
7000413272,109,0.0,0.0,0.0,6/30/2014,7/31/2014,8/31/2014,176.354,203.892,297.272,29.49,50.19,55.56,85.23,70.19,104.28,0.0,0.0,0.0,0.0,0.0,0.0,29.49,46.29,55.56,85.23,68.78,103.66,0.0,1.41,0.0,0.0,0.0,0.0,114.73,116.49,159.23,0.0,3.9,0.0,0.0,0.0,0.61,0.0,0.0,0.0,0.0,0.0,0.0,0.0,3.9,0.61,0.0,0.0,0.0,0.0,0.0,0.0,0.0,0.0,0.0,114.73,120.39,159.84,573.03,878.29,858.11,304.94,323.48,330.24,0.0,0.13,0.0,877.98,1201.91,1188.36,0.0,0.0,0.0,0.0,0.0,0.0,0.0,0.0,0.0,0.0,0.0,0.0,0.0,0.0,0.0,877.98,1201.91,1188.36,0.0,0.0,0.0,0.0,0.0,0.0,0.0,0.0,0.0,8,3,3,223,250,330,33,110,150,6/30/2014,7/22/2014,8/20/2014,30,110,150,,,,,,,,,,,,,,,,,,,0.0,0.0,0.0,0.0,0.0,0.0,,,,,,,,,,0,0,0,0,0,0,0,0,0,0,0,0,,,,362,0.0,0.0,0.0
7001481306,109,0.0,0.0,0.0,6/30/2014,7/31/2014,8/31/2014,124.911,71.281,87.396,56.56,171.43,169.16,245.38,158.04,137.09,0.0,0.0,0.0,0.0,0.0,0.0,56.56,170.74,148.01,207.74,132.14,134.48,13.59,21.81,2.18,1.45,4.76,10.43,277.91,324.71,284.68,0.0,0.68,21.14,18.73,0.0,0.43,3.85,4.08,0.0,0.0,0.0,0.0,22.58,4.76,21.58,0.0,0.0,0.0,1.45,4.76,10.43,0.0,0.0,0.0,301.94,334.24,316.69,16.38,85.86,259.89,119.34,138.59,123.14,1.96,2.89,3.04,137.69,227.36,386.09,0.0,0.0,0.0,8.76,0.0,2.78,0.0,0.0,0.0,0.0,0.0,0.0,8.76,0.0,2.78,147.18,228.14,390.04,0.19,0.4,0.0,0.51,0.33,0.0,0.0,0.05,1.16,5,4,3,110,110,130,110,110,130,6/18/2014,7/19/2014,8/18/2014,0,0,0,,,,,,,,,,,,,,,,,,,0.0,0.0,0.0,0.0,0.0,0.0,,,,,,,,,,0,0,0,0,0,0,0,0,0,0,0,0,,,,2665,8.75,12.28,9.77
7000521617,109,0.0,0.0,0.0,6/30/2014,7/31/2014,8/31/2014,207.012,179.036,121.708,74.76,79.79,32.38,29.71,74.31,59.31,0.0,0.0,10.51,0.0,0.0,43.94,60.54,79.79,13.54,29.06,32.93,9.14,0.0,0.0,0.0,0.0,30.28,14.33,89.61,112.73,22.69,14.21,0.0,10.51,0.65,0.0,0.0,0.0,0.0,0.0,0.0,0.0,0.0,14.86,0.0,10.51,0.0,0.0,0.0,4.76,63.39,25.58,5.28,0.0,0.0,114.53,176.13,58.79,286.39,226.84,184.89,383.68,113.36,58.23,1.99,1.53,10.41,672.08,341.74,253.54,28.21,14.13,1.14,29.86,5.0,0.48,0.0,0.0,5.48,0.0,0.0,0.0,58.08,19.13,7.11,730.16,360.88,260.66,0.0,0.0,0.0,0.0,0.0,0.0,0.0,0.0,0.0,20,13,10,220,210,134,24,50,30,6/28/2014,7/31/2014,8/25/2014,20,10,30,,,,,,,,,,,,,,,,,,,0.0,0.0,0.0,0.0,0.0,0.0,,,,,,,,,,0,0,0,0,0,0,0,0,0,0,0,0,,,,724,0.0,0.0,0.0
7000447729,109,0.0,0.0,0.0,6/30/2014,7/31/2014,8/31/2014,621.167,544.359,549.874,1315.46,970.79,1090.78,202.61,372.33,144.79,0.0,0.0,0.0,0.0,0.0,0.0,44.33,23.08,13.31,23.54,8.61,7.71,0.0,0.98,0.0,0.0,0.0,0.0,67.88,32.68,21.03,1271.13,947.71,1077.46,175.43,362.73,122.34,0.0,0.0,0.0,0.0,0.0,0.0,1446.56,1310.44,1199.81,0.0,0.0,0.13,5.46,0.0,14.59,0.0,0.0,0.0,1519.91,1343.13,1235.58,10.46,25.84,4.96,11.06,1.71,3.24,0.86,0.66,1.18,22.39,28.23,9.39,6.51,0.09,0.18,33.99,9.79,48.44,0.0,0.0,0.0,0.0,0.0,0.0,40.51,9.89,48.63,62.91,38.13,58.03,0.0,0.0,0.0,0.0,0.0,0.0,0.0,0.0,0.0,9,11,9,762,668,679,128,128,169,6/27/2014,7/29/2014,8/30/2014,0,128,130,,,,,,,,,,,,,,,,,,,0.0,0.0,0.0,0.0,0.0,0.0,,,,,,,,,,0,0,0,0,0,0,0,0,0,0,0,0,,,,442,0.0,0.0,0.0
7001169184,109,0.0,0.0,0.0,6/30/2014,7/31/2014,8/31/2014,272.318,423.78,186.692,613.71,820.21,358.56,25.46,18.83,85.31,0.0,0.0,0.0,0.0,0.0,0.0,22.53,29.94,10.69,11.06,16.09,2.53,0.0,0.0,0.0,0.0,0.0,0.0,33.59,46.04,13.23,591.18,790.26,347.86,14.39,2.73,82.78,0.0,0.0,0.0,0.0,0.0,0.0,605.58,792.99,430.64,0.0,0.0,0.0,1.11,0.0,0.0,0.0,0.0,0.0,640.29,839.04,443.88,33.48,34.91,34.76,6.14,8.81,9.91,0.0,0.0,0.0,39.63,43.73,44.68,0.43,2.43,3.46,3.48,3.96,3.76,0.0,0.0,0.0,0.0,0.0,0.0,3.91,6.39,7.23,43.81,50.13,51.94,0.26,0.0,0.03,0.0,0.0,0.0,0.0,0.0,0.0,7,7,8,436,366,309,110,110,130,6/29/2014,7/27/2014,8/31/2014,110,0,130,,,,,,,,,,,,,,,,,,,0.0,0.0,0.0,0.0,0.0,0.0,,,,,,,,,,0,0,0,0,0,0,0,0,0,0,0,0,,,,490,0.0,0.0,0.0
7001638780,109,0.0,0.0,0.0,6/30/2014,7/31/2014,8/31/2014,134.945,130.827,122.78,0.0,0.0,0.0,4.36,0.0,0.0,0.0,0.0,0.0,0.0,0.0,0.0,0.0,0.0,0.0,0.0,0.0,0.0,0.0,0.0,0.0,0.0,0.0,0.0,0.0,0.0,0.0,0.0,0.0,0.0,0.0,0.0,0.0,0.0,0.0,0.0,0.0,0.0,0.0,0.0,0.0,0.0,0.0,0.0,0.0,4.36,0.0,0.0,0.0,0.0,0.0,4.36,0.0,0.0,0.6,4.69,11.76,8.11,11.16,26.84,0.0,0.0,0.0,8.71,15.86,38.61,0.0,0.0,0.0,17.44,33.56,18.21,0.0,0.0,0.0,0.0,0.0,0.0,17.44,33.56,18.21,43.96,50.23,62.94,0.0,0.0,0.0,8.05,0.0,0.0,9.74,0.79,6.11,3,1,2,154,154,145,154,154,145,6/14/2014,7/4/2014,8/13/2014,0,154,0,6/6/2014,7/4/2014,8/11/2014,1.0,1.0,1.0,154.0,154.0,145.0,1.0,1.0,0.0,0.0,0.0,1.0,154.0,154.0,145.0,131.44,229.28,238.21,0.0,0.0,0.0,0.0,0.0,122.07,-0.04,0.0,122.07,0.0,0.0,0.0,1,1,0,0,0,0,0,0,1,0,0,0,1.0,1.0,1.0,424,0.0,0.0,0.0
7001158256,109,0.0,0.0,0.0,6/30/2014,7/31/2014,8/31/2014,131.578,170.854,226.919,14.09,4.68,18.13,60.86,70.24,146.99,0.0,0.0,0.0,0.0,0.0,0.0,14.09,4.68,18.13,58.74,63.71,101.88,2.11,6.53,38.89,0.0,0.0,0.0,74.96,74.93,158.91,0.0,0.0,0.0,0.0,0.0,0.0,0.0,0.0,0.0,0.0,0.0,0.0,0.0,0.0,0.0,0.0,0.0,0.0,0.0,0.0,6.21,0.0,0.0,0.0,74.96,74.93,165.13,3.03,0.38,9.55,17.74,17.49,24.09,9.39,8.84,21.69,30.18,26.73,55.34,0.0,0.0,0.0,0.36,1.73,0.0,0.0,0.0,0.63,0.0,0.0,0.0,0.36,1.73,0.63,35.89,28.46,57.31,0.31,0.0,0.0,0.0,0.0,0.0,5.03,0.0,1.33,6,5,6,134,204,330,90,110,130,6/27/2014,7/22/2014,8/28/2014,0,0,50,,,,,,,,,,,,,,,,,,,0.0,0.0,0.0,0.0,0.0,0.0,,,,,,,,,,0,0,0,0,0,0,0,0,0,0,0,0,,,,2567,0.0,0.0,0.0
7001531278,109,0.0,0.0,0.0,6/30/2014,7/31/2014,8/31/2014,88.116,62.171,122.11,0.33,0.33,17.81,86.51,77.74,80.48,0.0,0.0,0.0,0.0,0.0,0.0,0.33,0.33,0.96,69.63,73.93,67.81,13.43,3.81,5.79,0.0,0.0,6.76,83.39,78.08,74.58,0.0,0.0,0.0,3.44,0.0,0.1,0.0,0.0,16.84,0.0,0.0,0.0,3.44,0.0,16.94,0.0,0.0,0.0,0.0,0.0,6.76,0.0,0.0,0.0,86.84,78.08,98.29,5.28,4.98,6.91,92.43,73.56,45.41,33.48,33.69,35.91,131.19,112.24,88.24,0.0,0.0,0.0,16.56,0.0,6.29,0.0,0.0,0.0,0.0,0.0,0.0,16.56,0.0,6.29,235.31,200.34,155.29,0.0,0.0,0.0,87.54,88.09,45.69,0.0,0.0,15.05,2,4,4,90,110,211,90,110,150,6/12/2014,7/19/2014,8/21/2014,0,0,150,,,8/16/2014,,,1.0,,,41.0,,,0.0,,,1.0,,,41.0,0.0,0.0,23.33,0.0,0.0,46.64,,,35.0,,,35.0,,,0.0,0,0,0,0,0,0,0,0,0,0,0,1,,,1.0,2660,48.48,0.0,0.0
7000388006,109,0.0,0.0,0.0,6/30/2014,7/31/2014,8/31/2014,624.876,653.258,697.853,512.31,379.63,506.26,249.88,389.88,504.54,0.0,0.0,0.0,0.0,0.0,0.0,16.51,36.54,19.14,65.19,181.03,135.36,2.0,0.81,0.53,0.0,0.0,0.0,83.71,218.39,155.04,495.79,343.08,487.11,182.68,207.93,365.84,0.0,0.0,0.0,0.0,0.0,0.0,678.48,551.01,852.96,0.0,0.0,0.0,0.0,0.23,2.8,0.0,0.0,0.0,762.19,769.64,1010.81,6.09,21.44,21.69,19.93,112.09,54.59,2.16,0.53,1.44,28.19,134.08,77.74,11.86,2.08,10.21,20.36,58.23,58.34,0.0,0.0,0.0,0.0,0.0,0.0,32.23,60.31,68.56,60.43,194.39,152.13,0.0,0.0,0.0,0.0,0.0,5.81,0.0,0.0,0.0,16,14,23,778,720,804,152,152,65,6/29/2014,7/31/2014,8/31/2014,44,36,65,6/15/2014,7/9/2014,8/27/2014,3.0,2.0,5.0,152.0,152.0,29.0,2.0,1.0,4.0,1.0,1.0,1.0,318.0,304.0,61.0,151.86,22.38,1.41,528.57,694.41,531.72,63.96,76.89,29.2,63.96,63.96,29.0,0.0,0.0,1.0,0,0,0,2,1,4,0,0,0,1,1,1,1.0,1.0,1.0,569,26.44,250.07,150.88
7001449179,109,0.0,0.0,0.0,6/30/2014,7/31/2014,8/31/2014,250.29,264.014,58.523,89.93,68.01,22.64,77.98,44.31,22.41,0.0,0.0,0.0,0.0,0.0,0.0,89.93,68.01,22.64,56.71,44.31,15.14,0.45,0.0,0.0,0.0,0.0,0.0,147.09,112.33,37.79,0.0,0.0,0.0,10.2,0.0,7.26,0.0,0.0,0.0,0.0,0.0,0.0,10.2,0.0,7.26,0.0,0.0,0.0,10.61,0.0,0.0,0.0,0.0,0.0,167.91,112.33,45.06,67.86,47.09,36.76,65.28,38.63,53.33,0.31,0.0,4.84,133.46,85.73,94.94,0.0,0.0,0.0,11.51,5.24,4.38,0.31,0.0,1.19,0.0,0.0,0.0,11.83,5.24,5.58,146.01,90.98,100.53,0.71,0.0,0.0,0.0,0.0,0.0,0.0,0.0,0.0,9,5,2,344,297,30,110,154,30,6/28/2014,7/28/2014,8/19/2014,0,0,30,6/10/2014,7/14/2014,,1.0,1.0,,14.0,154.0,,1.0,1.0,,0.0,0.0,,14.0,154.0,,105.07,158.17,0.0,0.0,0.0,0.0,0.0,0.0,,0.0,0.0,,0.0,0.0,,0,1,0,1,0,0,0,0,0,0,0,0,1.0,1.0,,277,0.0,0.0,0.0
7000735333,109,0.0,0.0,0.0,6/30/2014,7/31/2014,8/31/2014,143.108,144.068,141.577,231.58,184.36,205.31,24.06,34.28,24.29,0.0,0.0,0.0,0.0,2.98,3.38,6.64,13.84,5.29,13.93,7.63,3.46,0.0,0.0,0.83,0.0,0.0,0.0,20.58,21.48,9.59,224.93,168.09,196.63,10.13,26.08,19.99,0.0,0.0,0.0,0.0,0.0,0.0,235.06,194.18,216.63,0.0,0.0,0.0,0.0,0.0,0.0,0.0,0.0,0.0,255.64,215.66,226.23,26.83,8.21,22.33,16.16,16.74,13.53,0.0,0.0,0.0,42.99,24.96,35.86,0.0,0.0,11.41,3.88,0.0,7.96,0.0,0.0,0.0,0.0,0.0,0.0,3.88,0.0,19.38,47.34,24.96,55.24,0.0,0.0,0.0,0.0,0.0,0.0,0.46,0.0,0.0,1,5,3,120,156,166,120,120,130,6/21/2014,7/31/2014,8/17/2014,120,0,0,,,,,,,,,,,,,,,,,,,0.0,0.0,0.0,0.0,0.0,0.0,,,,,,,,,,0,0,0,0,0,0,0,0,0,0,0,0,,,,1336,0.0,0.0,0.0
7001283689,109,0.0,0.0,0.0,6/30/2014,7/31/2014,8/31/2014,306.535,276.312,202.033,0.0,0.0,3.71,698.24,578.04,379.09,0.0,0.0,0.0,0.0,0.0,21.21,0.0,0.0,0.0,21.61,16.56,7.66,0.0,0.0,0.0,0.0,0.0,0.0,21.61,16.56,7.66,0.0,0.0,3.71,676.63,561.48,350.21,0.0,0.0,0.0,0.0,0.0,0.0,676.63,561.48,353.93,0.0,0.0,0.0,0.0,0.0,0.0,0.0,0.0,0.0,698.24,578.04,361.59,0.9,1.96,2.14,1.23,14.98,4.04,18.81,3.18,18.68,20.94,20.13,24.88,1.28,0.0,0.0,0.0,0.0,0.0,0.16,0.0,0.0,0.0,0.0,0.0,1.44,0.0,0.0,22.39,20.13,24.88,0.0,0.0,0.0,0.0,0.0,0.0,0.0,0.0,0.0,4,4,5,366,256,296,110,110,130,6/29/2014,7/22/2014,8/29/2014,110,36,0,,,,,,,,,,,,,,,,,,,0.0,0.0,0.0,0.0,0.0,0.0,,,,,,,,,,0,0,0,0,0,0,0,0,0,0,0,0,,,,2683,0.0,0.0,0.08
7000529566,109,0.0,0.0,0.0,6/30/2014,7/31/2014,8/31/2014,2.0,377.233,367.055,0.0,62.81,24.66,1.71,567.08,640.61,0.0,0.66,0.0,1.71,0.0,0.0,0.0,2.66,0.56,0.0,49.23,97.49,0.0,0.0,0.0,0.0,0.0,0.0,0.0,51.89,98.06,0.0,60.14,24.09,0.0,517.81,543.11,0.0,0.0,0.0,0.0,0.0,0.0,0.0,577.96,567.21,0.0,0.0,0.0,0.0,0.03,0.0,0.0,0.0,0.0,0.0,629.89,665.28,0.0,13.93,4.09,0.0,198.79,267.09,0.0,0.0,0.0,0.0,212.73,271.19,0.0,0.0,0.01,0.0,13.08,29.31,0.0,0.0,0.0,0.0,0.0,0.0,0.0,13.08,29.33,0.0,225.81,300.53,0.0,0.0,0.0,0.0,0.0,0.0,0.0,0.0,0.0,1,17,13,0,393,417,0,110,144,6/25/2014,7/20/2014,8/29/2014,0,110,30,,,,,,,,,,,,,,,,,,,0.0,0.0,0.0,0.0,0.0,0.0,,,,,,,,,,0,0,0,0,0,0,0,0,0,0,0,0,,,,367,0.0,0.0,0.0
7000802052,109,0.0,0.0,0.0,6/30/2014,7/31/2014,8/31/2014,717.149,370.451,357.023,32.21,16.08,9.01,152.46,70.78,58.03,0.0,0.0,0.0,0.0,0.0,0.0,32.21,16.08,9.01,141.14,68.91,25.46,9.04,1.83,1.68,0.0,0.03,30.43,182.41,86.83,36.16,0.0,0.0,0.0,0.23,0.0,0.45,0.0,0.0,0.0,0.0,0.0,0.0,0.23,0.0,0.45,0.0,0.0,0.0,2.03,0.03,30.43,0.0,0.0,0.0,184.68,86.86,67.04,24.76,25.68,37.16,79.88,138.38,55.06,9.28,8.23,9.34,113.93,172.29,101.58,0.0,0.0,0.0,1.08,0.0,2.88,0.0,1.01,0.13,0.0,0.0,0.0,1.08,1.01,3.01,115.01,173.69,104.59,0.0,0.0,0.0,0.0,0.38,0.0,0.0,0.0,0.0,15,10,7,830,433,407,152,152,145,6/30/2014,7/31/2014,8/30/2014,30,30,30,6/21/2014,7/24/2014,8/24/2014,5.0,3.0,3.0,152.0,152.0,145.0,2.0,1.0,0.0,3.0,2.0,3.0,482.0,345.0,227.0,2.63,9.41,11.32,1535.02,824.58,657.14,283.33,101.25,83.26,179.05,98.96,70.0,0.0,0.0,0.0,0,0,0,2,1,0,0,0,1,3,2,2,1.0,1.0,1.0,1981,413.85,111.76,307.15
7000091952,109,0.0,0.0,0.0,6/30/2014,7/31/2014,8/31/2014,170.456,24.893,11.186,3.11,6.45,3.49,11.68,3.08,6.78,0.0,0.0,0.0,0.0,0.0,0.0,3.11,6.45,3.49,8.06,2.74,6.78,0.0,0.0,0.0,0.0,0.0,0.0,11.18,9.19,10.28,0.0,0.0,0.0,0.0,0.0,0.0,0.0,0.0,0.0,0.0,0.0,0.0,0.0,0.0,0.0,0.0,0.0,0.0,3.61,0.33,0.05,0.0,0.0,0.0,14.79,9.53,10.33,2.01,0.53,0.46,51.76,40.29,45.44,12.49,0.0,24.16,66.28,40.83,70.08,0.0,0.0,0.0,0.4,0.0,55.44,0.0,0.38,0.0,0.0,0.0,0.0,0.4,0.38,55.44,66.73,41.29,125.66,0.05,0.01,0.13,0.0,0.0,0.0,0.0,0.06,0.0,7,5,2,200,30,10,91,10,10,6/29/2014,7/14/2014,8/24/2014,91,10,0,6/29/2014,,,3.0,,,91.0,,,2.0,,,1.0,,,130.0,,,445.5,0.0,0.0,0.0,0.0,0.0,77.68,,,91.38,,,0.0,,,0,0,0,2,0,0,0,0,0,1,0,0,1.0,,,265,0.0,0.0,0.0
7001616683,109,0.0,0.0,0.0,6/30/2014,7/31/2014,8/31/2014,9.261,25.1,179.389,0.1,2.8,16.41,8.21,18.39,128.01,0.0,0.0,0.0,0.0,0.0,0.0,0.1,2.8,15.59,8.21,18.39,103.36,0.0,0.0,0.0,0.0,0.0,0.0,8.31,21.19,118.96,0.0,0.0,0.81,0.0,0.0,4.31,0.0,0.0,20.33,0.0,0.0,0.0,0.0,0.0,25.46,0.0,0.0,0.0,0.0,0.0,7.61,0.0,0.0,0.0,8.31,21.19,152.04,2.83,2.78,85.96,9.78,20.86,601.26,0.0,0.0,7.81,12.61,23.64,695.04,0.0,0.0,0.0,0.0,0.0,7.38,0.0,0.0,10.24,0.0,0.0,0.0,0.0,0.0,17.63,12.61,23.64,720.66,0.0,0.0,0.38,0.0,0.0,0.0,0.0,0.0,7.59,3,6,15,10,30,200,10,10,30,6/13/2014,7/31/2014,8/26/2014,0,10,20,,,,,,,,,,,,,,,,,,,0.0,0.0,0.0,0.0,0.0,0.0,,,,,,,,,,0,0,0,0,0,0,0,0,0,0,0,0,,,,713,0.0,0.0,0.0
7002268672,109,0.0,0.0,0.0,6/30/2014,7/31/2014,8/31/2014,20.021,121.984,145.82,24.29,21.74,14.58,66.81,102.98,98.29,0.0,0.0,0.0,0.0,0.0,0.0,24.29,21.74,14.58,58.31,98.48,98.29,0.6,0.0,0.0,0.0,0.0,0.0,83.21,120.23,112.88,0.0,0.0,0.0,2.81,0.0,0.0,0.0,0.0,0.0,0.0,0.0,0.0,2.81,0.0,0.0,0.0,0.0,0.0,5.08,4.49,0.0,0.0,0.0,0.0,91.11,124.73,112.88,26.56,68.73,48.51,223.04,243.79,302.58,13.28,4.44,16.49,262.89,316.98,367.59,0.0,0.0,0.0,2.98,2.01,1.16,1.01,0.0,0.0,0.0,0.0,0.0,3.99,2.01,1.16,267.06,318.99,368.98,0.0,0.0,0.21,0.0,0.0,0.0,0.16,0.0,0.0,5,3,2,360,120,0,120,120,0,6/28/2014,7/19/2014,8/26/2014,120,0,0,,,,,,,,,,,,,,,,,,,0.0,0.0,0.0,0.0,0.0,0.0,,,,,,,,,,0,0,0,0,0,0,0,0,0,0,0,0,,,,1534,0.0,0.0,0.0
7001271018,109,0.0,0.0,0.0,6/30/2014,7/31/2014,8/31/2014,359.939,558.292,830.102,105.61,398.64,238.04,363.51,675.83,411.09,0.0,0.0,0.0,0.0,0.0,0.0,12.73,52.79,19.16,44.84,162.14,148.73,0.0,16.41,7.96,0.0,0.0,0.0,57.58,231.36,175.86,92.88,345.84,218.88,310.74,497.26,224.44,0.0,0.0,0.0,0.0,0.0,0.0,403.63,843.11,443.33,0.0,0.0,0.0,7.91,0.0,30.44,0.0,0.0,0.0,469.13,1074.48,649.64,2.58,15.64,9.39,39.01,76.13,89.51,0.0,0.0,3.46,41.59,91.78,102.38,13.19,0.83,6.89,289.38,58.44,44.49,0.0,0.0,0.0,0.0,0.0,0.0,302.58,59.28,51.39,344.18,151.06,154.61,0.0,0.0,0.0,0.0,0.0,0.0,0.0,0.0,0.83,10,13,25,397,652,968,90,67,144,6/27/2014,7/29/2014,8/31/2014,0,65,0,6/27/2014,,8/28/2014,1.0,,9.0,49.0,,49.0,0.0,,4.0,1.0,,5.0,49.0,,285.0,0.0,0.0,66.91,899.28,0.0,3165.43,49.0,,310.48,49.0,,307.91,1.0,,1.0,0,0,0,0,0,4,0,0,0,1,0,5,1.0,,1.0,867,33.16,0.0,0.0
7000795938,109,0.0,0.0,0.0,6/30/2014,7/31/2014,8/31/2014,128.407,194.932,144.179,63.96,103.43,87.58,64.03,178.06,90.04,0.0,0.0,0.0,0.0,0.0,0.0,63.96,98.09,84.64,58.69,161.34,90.04,5.33,4.73,0.0,0.0,0.0,0.0,127.99,264.18,174.69,0.0,5.33,2.93,0.0,11.98,0.0,0.0,0.0,0.0,0.0,0.0,0.0,0.0,17.31,2.93,0.0,0.0,0.0,0.0,0.0,0.0,0.0,0.0,0.0,127.99,281.49,177.63,36.58,30.04,20.81,27.63,23.79,14.09,0.0,0.0,0.0,64.21,53.84,34.91,0.0,0.0,0.0,0.0,0.0,0.0,0.0,0.0,0.0,0.0,0.0,0.0,0.0,0.0,0.0,68.18,58.73,37.49,0.0,0.0,0.0,3.96,4.73,2.58,0.0,0.15,0.0,8,7,2,128,456,78,48,110,48,6/26/2014,7/29/2014,8/26/2014,20,48,48,,,,,,,,,,,,,,,,,,,0.0,0.0,0.0,0.0,0.0,0.0,,,,,,,,,,0,0,0,0,0,0,0,0,0,0,0,0,,,,1069,0.0,0.0,0.0
7002099501,109,0.0,0.0,0.0,6/30/2014,7/31/2014,8/31/2014,472.05,717.46,1654.581,362.21,214.58,151.98,232.46,519.03,2157.43,0.0,0.0,25.56,0.0,0.0,46.13,362.21,185.54,151.98,144.54,210.08,274.76,32.94,23.56,21.14,7.78,40.98,11.06,539.71,419.19,447.89,0.0,29.03,0.0,47.18,247.94,1804.31,0.0,0.0,0.0,0.0,0.0,0.0,47.18,276.98,1804.31,0.0,3.41,0.0,7.78,48.64,16.41,0.0,0.0,0.0,594.68,748.24,2268.63,262.51,320.43,53.68,207.16,173.54,228.43,9.93,38.44,39.94,479.61,532.43,322.06,1.43,25.06,3.81,13.31,167.54,586.14,5.38,0.0,0.0,0.0,0.0,0.0,20.13,192.61,589.96,499.74,865.24,912.03,0.0,0.0,0.0,0.0,140.19,0.0,0.0,0.0,0.0,11,12,16,503,757,1844,120,150,252,6/26/2014,7/30/2014,8/31/2014,120,0,252,6/13/2014,7/30/2014,8/31/2014,1.0,3.0,4.0,154.0,252.0,252.0,1.0,2.0,0.0,0.0,1.0,4.0,154.0,560.0,1008.0,963.94,44.04,421.32,438.26,1554.31,4070.93,0.0,271.93,856.79,0.01,212.17,855.1,0.0,0.0,0.0,1,2,0,0,0,0,0,1,4,0,0,0,1.0,1.0,1.0,1025,0.0,0.0,0.0
7000926999,109,0.0,0.0,0.0,6/30/2014,7/31/2014,8/31/2014,342.589,336.2,451.078,51.28,55.36,103.39,97.83,94.36,174.49,0.0,0.0,0.0,0.0,0.0,0.0,24.98,28.34,67.29,75.93,66.81,124.94,0.0,0.0,0.0,0.0,0.0,0.0,100.91,95.16,192.24,26.29,27.01,36.09,19.63,24.58,44.61,2.26,2.96,4.93,0.0,0.0,0.0,48.19,54.56,85.64,0.0,0.0,0.0,0.0,0.0,0.0,0.0,0.0,0.0,149.11,149.73,277.89,36.88,31.38,50.26,50.84,105.84,139.29,0.0,0.0,0.0,87.73,137.23,189.56,1.7,0.0,12.93,30.39,50.34,45.76,0.55,16.48,0.0,0.0,0.0,0.0,32.64,66.83,58.69,121.01,204.06,248.88,0.63,0.0,0.0,0.0,0.0,0.0,0.0,0.0,0.61,12,10,7,434,426,450,120,130,130,6/30/2014,7/31/2014,8/30/2014,44,130,30,,,,,,,,,,,,,,,,,,,0.0,0.0,0.0,0.0,0.0,0.0,,,,,,,,,,0,0,0,0,0,0,0,0,0,0,0,0,,,,1314,0.0,0.0,0.0
7001805224,109,0.0,0.0,0.0,6/30/2014,7/31/2014,8/31/2014,207.412,51.423,73.706,308.73,10.28,23.71,147.99,56.08,16.96,0.0,1.88,12.73,0.0,31.94,40.68,1.03,0.0,0.0,54.44,0.0,0.0,0.0,0.0,0.0,0.0,0.0,0.0,55.48,0.0,0.0,307.69,0.0,0.0,93.54,25.35,0.0,0.0,0.0,0.0,0.0,0.0,0.0,401.24,25.35,0.0,0.0,0.0,0.0,0.0,9.06,0.0,0.0,0.0,0.0,456.73,34.41,0.0,30.93,1.91,0.0,49.59,8.61,0.0,0.0,0.0,0.0,80.53,10.53,0.0,3.36,0.0,0.0,5.76,0.03,0.0,0.0,0.0,0.0,0.0,0.0,0.0,9.13,0.03,0.0,89.66,10.56,0.0,0.0,0.0,0.0,0.0,0.0,0.0,0.0,0.0,0.0,3,4,2,220,130,50,110,110,50,6/22/2014,7/25/2014,8/24/2014,0,0,0,,,,,,,,,,,,,,,,,,,0.0,0.0,0.0,0.0,0.0,0.0,,,,,,,,,,0,0,0,0,0,0,0,0,0,0,0,0,,,,2512,0.0,0.0,0.0
7000324045,109,0.0,0.0,0.0,6/30/2014,7/31/2014,8/31/2014,6.6,2.5,150.746,0.15,1.01,40.74,4.38,0.73,115.99,0.0,0.0,0.0,0.0,0.0,0.0,0.15,1.01,39.78,4.26,0.73,18.03,0.11,0.0,0.0,0.0,0.0,0.0,4.53,1.74,57.81,0.0,0.0,0.96,0.0,0.0,97.96,0.0,0.0,0.0,0.0,0.0,0.0,0.0,0.0,98.93,0.0,0.0,0.0,0.0,0.0,0.0,0.0,0.0,0.0,4.53,1.74,156.74,22.48,1.64,48.69,10.64,2.68,23.78,2.14,1.15,1.65,35.28,5.48,74.13,0.0,0.0,0.0,0.81,0.0,7.96,0.0,0.0,0.0,0.0,0.0,0.0,0.81,0.0,7.96,36.09,5.48,82.09,0.0,0.0,0.0,0.0,0.0,0.0,0.0,0.0,0.0,3,2,7,0,0,170,0,0,44,6/17/2014,7/16/2014,8/29/2014,0,0,30,,,,,,,,,,,,,,,,,,,0.0,0.0,0.0,0.0,0.0,0.0,,,,,,,,,,0,0,0,0,0,0,0,0,0,0,0,0,,,,949,0.0,0.0,0.0
7001592900,109,0.0,0.0,0.0,6/30/2014,7/31/2014,8/31/2014,214.083,3.0,18.69,0.0,0.0,,4.61,0.0,,0.0,1.98,,4.61,0.0,,0.0,0.0,,0.0,0.0,,0.0,0.0,,0.0,0.0,,0.0,0.0,,0.0,0.0,,0.0,0.0,,0.0,0.0,,0.0,0.0,,0.0,0.0,,0.0,0.0,,0.0,0.0,,0.0,0.0,,0.0,0.0,0.0,0.0,0.0,,0.0,0.0,,0.0,0.0,,0.0,0.0,,0.0,0.0,,0.0,0.0,,0.0,0.0,,0.0,0.0,,0.0,0.0,,0.0,0.0,0.0,0.0,0.0,,0.0,0.0,,0.0,0.0,,3,3,3,252,0,0,252,0,0,6/19/2014,7/17/2014,8/25/2014,252,0,0,6/19/2014,7/17/2014,8/16/2014,1.0,1.0,1.0,252.0,179.0,179.0,0.0,0.0,0.0,1.0,1.0,1.0,252.0,179.0,179.0,14.27,16.92,78.98,737.27,750.59,737.4,212.17,150.67,150.67,212.17,150.67,167.26,0.0,0.0,0.0,0,0,0,0,0,0,1,1,1,0,0,0,1.0,1.0,1.0,2761,277.01,172.8,153.44
7002328116,109,0.0,0.0,0.0,6/30/2014,7/31/2014,8/31/2014,358.306,189.719,79.432,2.79,3.95,0.0,165.51,202.48,157.98,0.0,0.0,0.0,0.0,0.0,0.0,2.79,3.95,0.0,5.11,16.91,0.23,0.0,0.0,0.0,1.66,0.0,0.0,7.91,20.86,0.23,0.0,0.0,0.0,155.53,184.69,154.29,0.0,0.0,0.0,0.0,0.0,0.0,155.53,184.69,154.29,0.0,0.0,0.0,4.86,1.36,3.45,0.0,0.0,0.0,168.31,206.93,157.98,2.49,4.63,0.0,3.74,2.21,8.73,0.0,0.0,0.8,6.24,6.85,9.53,0.0,0.0,0.0,5.91,10.16,1.34,0.0,0.0,0.0,0.0,0.0,0.0,5.91,10.16,1.34,12.16,17.01,10.88,0.0,0.0,0.0,0.0,0.0,0.0,0.0,0.0,0.0,15,20,15,419,216,90,198,36,10,6/30/2014,7/29/2014,8/26/2014,0,0,0,6/3/2014,,,3.0,,,198.0,,,2.0,,,1.0,,,248.0,,,2802.63,0.0,0.0,50.94,0.0,0.0,21.91,,,21.45,,,0.0,,,1,0,0,1,0,0,0,0,0,1,0,0,1.0,,,305,0.0,0.0,80.27
7002295367,109,0.0,0.0,0.0,6/30/2014,7/31/2014,8/31/2014,59.56,154.587,124.98,2.78,34.66,3.33,43.68,99.03,48.58,0.0,0.0,0.0,0.0,0.0,0.0,2.78,29.93,3.33,43.68,98.39,48.48,0.0,0.0,0.09,0.0,0.0,0.0,46.46,128.33,51.91,0.0,4.73,0.0,0.0,0.6,0.0,0.0,0.0,0.0,0.0,0.0,0.0,0.0,5.33,0.0,0.0,0.0,0.0,0.0,0.03,0.0,0.0,0.0,0.0,46.46,133.69,51.91,2.09,1.04,4.38,18.19,225.29,211.83,1.98,0.75,0.98,22.28,227.09,217.19,0.0,0.48,0.0,20.46,11.66,1.95,0.0,0.0,0.0,0.0,0.0,0.0,20.46,12.14,1.95,42.84,239.36,219.14,0.0,0.11,0.0,0.0,0.0,0.0,0.1,0.0,0.0,2,5,2,0,150,130,0,120,130,6/14/2014,7/30/2014,8/14/2014,0,20,130,,,,,,,,,,,,,,,,,,,0.0,0.0,0.0,0.0,0.0,0.0,,,,,,,,,,0,0,0,0,0,0,0,0,0,0,0,0,,,,396,0.0,0.0,0.0
7000453929,109,0.0,0.0,0.0,6/30/2014,7/31/2014,8/31/2014,270.851,164.278,335.207,92.49,43.84,64.63,224.46,136.51,231.28,0.0,0.0,0.0,0.0,0.0,0.0,75.43,27.03,56.39,99.68,72.39,186.14,0.0,0.0,0.0,0.0,0.0,0.0,175.11,99.43,242.54,17.06,16.81,8.23,124.78,64.11,41.83,0.0,0.0,0.0,0.0,0.0,0.0,141.84,80.93,50.06,0.0,0.0,0.0,0.0,0.0,3.3,0.0,0.0,0.0,316.96,180.36,295.91,5.14,15.44,24.84,49.89,47.76,126.49,1.08,4.08,6.9,56.13,67.29,158.24,0.1,0.0,1.38,37.99,0.0,16.78,0.0,0.0,0.0,0.0,0.0,0.0,38.09,0.0,18.16,103.29,73.34,176.41,0.0,0.0,0.0,9.06,6.04,0.0,0.0,0.0,0.0,6,4,13,290,140,331,120,120,50,6/29/2014,7/25/2014,8/29/2014,120,120,30,,,,,,,,,,,,,,,,,,,0.0,0.0,0.0,0.0,0.0,0.0,,,,,,,,,,0,0,0,0,0,0,0,0,0,0,0,0,,,,641,0.0,0.0,0.0
7001021039,109,0.0,0.0,0.0,6/30/2014,7/31/2014,8/31/2014,1312.647,1062.936,1036.978,155.09,91.88,142.64,1318.89,1202.26,1026.36,0.0,0.0,0.0,0.0,0.0,0.0,153.48,89.38,141.66,315.44,339.04,559.63,24.76,32.08,29.51,5.08,0.0,0.0,493.69,460.51,730.81,1.61,2.5,0.98,973.59,831.13,437.21,0.0,0.0,0.0,0.0,0.0,0.0,975.21,833.63,438.19,0.25,0.0,0.0,5.08,0.0,0.0,0.0,0.0,0.0,1474.24,1294.14,1169.01,49.61,34.33,26.54,228.39,206.43,174.79,38.81,55.01,20.23,316.83,295.78,221.58,1.73,0.0,0.0,14.89,31.63,52.14,0.0,0.0,0.0,0.0,0.0,0.0,16.63,31.63,52.14,350.78,333.16,274.84,0.0,0.0,0.0,17.14,5.75,0.0,0.16,0.0,1.11,16,12,9,1382,1262,1248,128,128,144,6/29/2014,7/30/2014,8/30/2014,128,128,144,,,,,,,,,,,,,,,,,,,0.0,0.0,0.0,0.0,0.0,0.0,,,,,,,,,,0,0,0,0,0,0,0,0,0,0,0,0,,,,1041,0.0,0.0,0.0
7001182084,109,0.0,0.0,0.0,6/30/2014,7/31/2014,8/31/2014,194.772,350.094,308.587,145.23,701.93,605.14,22.44,62.39,50.59,334.24,0.0,0.0,128.89,0.0,0.0,2.7,44.53,65.53,7.03,58.91,48.51,0.0,0.0,0.46,0.0,0.0,0.0,9.73,103.44,114.51,29.04,657.39,539.61,0.0,1.95,1.61,0.0,0.0,0.0,0.0,0.0,0.0,29.04,659.34,541.23,0.0,0.0,0.0,0.0,1.53,0.0,0.0,0.0,0.0,38.78,764.33,655.74,27.39,171.44,135.24,4.69,60.09,35.06,0.0,1.33,0.0,32.1,232.88,170.31,0.0,2.53,7.48,0.0,2.24,0.2,0.0,0.0,0.0,0.0,0.0,0.0,0.0,4.78,7.68,32.1,259.24,189.59,0.0,0.0,0.0,0.0,20.98,11.59,0.0,0.6,0.0,6,8,4,203,435,380,110,130,169,6/30/2014,7/31/2014,8/30/2014,110,130,144,,,,,,,,,,,,,,,,,,,0.0,0.0,0.0,0.0,0.0,0.0,,,,,,,,,,0,0,0,0,0,0,0,0,0,0,0,0,,,,881,0.0,0.0,0.0
7000035849,109,0.0,0.0,0.0,6/30/2014,7/31/2014,8/31/2014,172.911,232.524,0.5,12.59,26.73,1.33,10.83,3.16,0.81,0.0,0.0,0.0,0.0,0.0,0.0,12.59,26.73,1.33,10.83,3.16,0.81,0.0,0.0,0.0,0.0,0.0,0.0,23.43,29.89,2.15,0.0,0.0,0.0,0.0,0.0,0.0,0.0,0.0,0.0,0.0,0.0,0.0,0.0,0.0,0.0,0.0,0.0,0.0,0.94,0.0,1.06,0.0,0.0,0.0,24.38,29.89,3.21,23.83,16.66,14.94,29.01,28.91,11.14,0.85,0.0,0.0,53.69,45.58,26.09,0.0,0.0,0.0,0.0,0.0,0.0,1.7,0.0,8.96,0.0,0.0,0.0,1.7,0.0,8.96,55.39,45.58,39.64,0.0,0.0,0.0,0.0,0.0,4.58,0.0,0.0,0.0,2,2,0,204,274,0,154,154,0,6/14/2014,7/7/2014,,50,154,0,6/8/2014,7/7/2014,,1.0,1.0,,154.0,154.0,,1.0,1.0,,0.0,0.0,,154.0,154.0,,156.91,475.09,0.0,0.0,0.0,0.0,0.0,0.0,,0.0,39.3,,0.0,0.0,,1,1,0,0,0,0,0,0,0,0,0,0,1.0,1.0,,255,0.0,0.0,0.0
7001982402,109,0.0,0.0,0.0,6/30/2014,7/31/2014,8/31/2014,370.157,269.686,228.549,28.13,10.73,30.03,440.86,271.23,157.41,0.0,0.0,0.0,0.0,0.0,0.0,28.13,10.73,30.03,436.76,259.18,153.16,2.05,11.44,2.58,0.0,0.0,0.0,466.94,281.36,185.78,0.0,0.0,0.0,0.0,0.0,0.0,2.05,0.6,1.66,0.0,0.0,0.0,2.05,0.6,1.66,0.0,0.0,0.0,0.0,2.58,3.13,0.61,0.0,0.0,469.61,284.54,190.58,114.46,38.06,19.78,506.76,410.09,241.09,50.23,72.76,16.21,671.46,520.93,277.09,0.0,0.0,0.0,0.0,0.0,0.0,44.13,5.09,46.98,0.0,0.0,0.0,44.13,5.09,46.98,715.59,529.19,324.08,0.0,0.0,0.0,0.0,3.16,0.0,0.0,0.0,0.0,8,9,4,350,435,152,120,130,50,6/25/2014,7/30/2014,8/28/2014,120,130,42,,,,,,,,,,,,,,,,,,,0.0,0.0,0.0,0.0,0.0,0.0,,,,,,,,,,0,0,0,0,0,0,0,0,0,0,0,0,,,,2337,0.57,1.66,8.04
7002361730,109,0.0,0.0,0.0,6/30/2014,7/31/2014,8/31/2014,122.031,65.64,44.506,0.0,3.33,0.0,128.53,72.54,43.38,0.0,0.0,0.0,0.0,0.0,0.0,0.0,3.33,0.0,128.53,72.54,43.38,0.0,0.0,0.0,0.0,0.0,0.0,128.53,75.88,43.38,0.0,0.0,0.0,0.0,0.0,0.0,0.0,0.0,0.0,0.0,0.0,0.0,0.0,0.0,0.0,0.0,0.0,0.0,0.0,0.0,0.0,0.0,0.0,0.0,128.53,75.88,43.38,2.16,0.0,0.0,111.38,78.61,37.56,0.0,0.0,0.0,113.54,78.61,37.56,0.0,0.0,0.0,0.0,0.0,0.0,0.0,0.0,0.0,0.0,0.0,0.0,0.0,0.0,0.0,114.03,78.61,37.56,0.0,0.0,0.0,0.0,0.0,0.0,0.48,0.0,0.0,4,3,2,160,38,100,60,23,50,6/26/2014,7/16/2014,8/29/2014,50,0,50,,,,,,,,,,,,,,,,,,,0.0,0.0,0.0,0.0,0.0,0.0,,,,,,,,,,0,0,0,0,0,0,0,0,0,0,0,0,,,,837,0.0,0.0,0.0
7000544657,109,0.0,0.0,0.0,6/30/2014,7/31/2014,8/31/2014,382.702,238.77,282.559,463.78,137.89,83.84,216.68,99.94,182.43,21.23,2.36,0.7,189.09,20.61,23.95,312.71,117.61,74.21,176.16,98.09,156.03,1.7,0.0,0.0,0.0,0.0,0.0,490.58,215.71,230.24,0.0,0.0,0.0,0.78,1.51,0.0,0.0,0.0,0.0,0.0,0.0,0.0,0.78,1.51,0.0,0.0,0.0,0.0,0.0,1.46,13.09,0.0,0.0,0.0,491.36,218.69,243.34,30.51,6.09,4.49,24.89,14.63,21.46,2.95,0.78,0.0,58.36,21.51,25.96,0.0,0.0,0.0,0.58,0.0,0.0,0.0,0.0,0.0,0.0,0.0,0.0,0.58,0.0,0.0,58.94,21.64,25.96,0.0,0.0,0.0,0.0,0.0,0.0,0.0,0.13,0.0,10,6,9,474,250,340,110,50,130,6/28/2014,7/28/2014,8/29/2014,50,50,50,,,8/17/2014,,,1.0,,,1.0,,,0.0,,,1.0,,,1.0,0.0,0.0,20.48,0.0,0.0,0.0,,,1.0,,,18.1,,,1.0,0,0,0,0,0,0,0,0,0,0,0,1,,,1.0,430,0.0,0.0,0.0
7000476729,109,0.0,0.0,0.0,6/30/2014,7/31/2014,8/31/2014,35.523,16.404,206.292,3.99,1.18,40.39,15.33,8.06,138.53,0.0,0.0,0.0,0.0,0.0,0.0,3.99,1.18,40.39,13.26,5.98,126.99,2.06,2.08,11.53,0.0,0.0,0.0,19.33,9.24,178.93,0.0,0.0,0.0,0.0,0.0,0.0,0.0,0.0,0.0,0.0,0.0,0.0,0.0,0.0,0.0,0.0,0.0,0.0,0.21,0.0,2.51,0.0,0.0,0.0,19.54,9.24,181.44,0.85,2.93,3.66,41.68,71.04,183.78,3.23,0.0,5.96,45.76,73.98,193.41,0.0,0.0,0.0,0.0,0.0,0.0,0.0,0.0,0.0,0.0,0.0,0.0,0.0,0.0,0.0,45.76,73.98,193.58,0.0,0.0,0.16,0.0,0.0,0.0,0.0,0.0,0.0,6,3,21,40,20,230,20,10,20,6/18/2014,7/29/2014,8/29/2014,0,10,10,,,,,,,,,,,,,,,,,,,0.0,0.0,0.0,0.0,0.0,0.0,,,,,,,,,,0,0,0,0,0,0,0,0,0,0,0,0,,,,728,0.0,0.0,0.0
7000879544,109,0.0,0.0,0.0,6/30/2014,7/31/2014,8/31/2014,266.457,358.423,234.531,6.99,22.14,5.09,66.73,91.33,88.23,0.0,0.0,0.0,0.0,0.0,0.0,6.99,22.14,5.09,38.49,29.09,60.68,2.11,14.16,0.0,2.35,0.0,0.0,47.61,65.41,65.78,0.0,0.0,0.0,1.36,6.43,12.0,0.0,0.0,0.0,0.0,0.0,0.0,1.36,6.43,12.0,22.39,41.63,15.55,2.75,2.74,1.83,0.48,0.0,0.0,74.61,116.23,95.16,43.94,38.61,22.06,98.04,41.93,88.39,1.43,10.28,1.1,143.43,90.83,111.56,0.0,0.0,0.0,0.41,19.91,5.48,0.0,0.0,0.0,0.0,0.0,0.0,0.41,19.91,5.48,178.68,151.13,117.04,0.0,0.0,0.0,34.83,40.38,0.0,0.0,0.0,0.0,8,7,6,312,415,284,110,110,144,6/28/2014,7/26/2014,8/30/2014,20,110,50,6/2/2014,,,1.0,,,17.0,,,1.0,,,0.0,,,17.0,,,55.75,0.0,0.0,0.0,0.0,0.0,0.0,,,0.0,,,0.0,,,0,0,0,1,0,0,0,0,0,0,0,0,1.0,,,515,0.0,0.0,0.0
7001792884,109,0.0,0.0,0.0,6/30/2014,7/31/2014,8/31/2014,136.286,132.517,88.328,0.58,0.0,0.0,51.88,0.0,0.0,0.0,0.0,0.0,0.0,0.0,0.0,0.58,0.0,0.0,6.18,0.0,0.0,0.0,0.0,0.0,3.21,0.0,0.0,6.76,0.0,0.0,0.0,0.0,0.0,42.48,0.0,0.0,0.0,0.0,0.0,0.0,0.0,0.0,42.48,0.0,0.0,0.0,0.0,0.0,3.21,0.0,0.0,0.0,0.0,0.0,52.46,0.0,0.0,1.23,0.51,3.06,63.18,2.56,26.13,0.0,0.0,0.0,64.41,3.08,29.19,0.0,0.0,0.0,1.91,0.0,0.0,6.84,0.0,4.78,0.0,0.0,0.0,8.76,0.0,4.78,73.18,3.08,34.06,0.0,0.0,0.08,0.0,0.0,0.0,0.0,0.0,0.0,9,14,10,125,150,100,50,25,25,6/28/2014,7/31/2014,8/26/2014,25,25,25,6/28/2014,7/31/2014,8/26/2014,5.0,12.0,8.0,25.0,25.0,25.0,5.0,12.0,8.0,0.0,0.0,0.0,125.0,300.0,200.0,2.37,2.41,9.27,239.94,522.28,410.94,0.0,0.01,0.0,10.0,0.0,0.0,0.0,0.0,0.0,0,0,0,5,12,8,0,0,0,0,0,0,1.0,1.0,1.0,348,211.83,165.1,55.11
7001446301,109,0.0,0.0,0.0,6/30/2014,7/31/2014,8/31/2014,114.213,87.64,61.546,0.51,1.16,1.11,134.96,83.11,48.09,0.0,0.0,0.0,0.0,0.0,0.0,0.51,1.16,1.11,134.78,80.23,45.49,0.0,0.0,0.0,0.05,2.61,0.0,135.29,81.39,46.61,0.0,0.0,0.0,0.0,0.26,0.0,0.0,0.0,2.6,0.0,0.0,0.0,0.0,0.26,2.6,0.0,0.0,0.0,0.18,2.61,0.0,0.0,0.0,0.0,135.48,84.28,49.21,6.58,4.63,16.83,223.59,134.46,132.63,0.41,0.0,0.0,230.59,139.09,149.46,0.0,0.0,0.0,5.54,7.54,3.34,0.0,0.0,0.0,0.0,0.0,0.0,5.54,7.54,3.34,236.14,146.64,152.81,0.0,0.0,0.0,0.0,0.0,0.0,0.0,0.0,0.0,4,6,1,120,140,30,90,50,30,6/12/2014,7/26/2014,8/22/2014,0,50,30,,,,,,,,,,,,,,,,,,,0.0,0.0,0.0,0.0,0.0,0.0,,,,,,,,,,0,0,0,0,0,0,0,0,0,0,0,0,,,,1165,0.0,0.0,0.0
7001864546,109,0.0,0.0,0.0,6/30/2014,7/31/2014,8/31/2014,30.843,53.85,39.636,2.24,4.96,6.69,32.98,61.24,25.89,0.0,0.0,0.0,0.0,0.0,0.0,2.24,4.96,6.69,26.04,36.39,25.78,0.0,3.83,0.11,0.0,0.0,0.0,28.29,45.19,32.59,0.0,0.0,0.0,0.0,0.0,0.0,0.0,0.0,0.0,0.0,0.0,0.0,0.0,0.0,0.0,0.0,0.0,0.0,6.93,21.01,0.0,0.0,0.0,0.0,35.23,66.21,32.59,13.01,12.79,7.69,44.63,72.94,96.63,144.56,121.33,45.91,202.21,207.08,150.24,0.0,0.0,0.0,5.18,2.53,0.08,1.5,2.71,5.98,0.0,0.0,0.0,6.68,5.24,6.06,208.89,212.33,156.31,0.0,0.0,0.0,0.0,0.0,0.0,0.0,0.0,0.0,3,7,7,30,60,50,30,30,10,6/12/2014,7/26/2014,8/31/2014,0,10,10,,,,,,,,,,,,,,,,,,,0.0,0.0,0.0,0.0,0.0,0.0,,,,,,,,,,0,0,0,0,0,0,0,0,0,0,0,0,,,,1008,0.0,0.0,98.55
7000422102,109,0.0,0.0,0.0,6/30/2014,7/31/2014,8/31/2014,644.114,626.758,63.549,1102.93,1031.96,82.03,66.41,119.14,8.23,0.0,0.0,0.98,0.0,0.0,10.88,26.84,9.53,0.0,7.06,52.84,8.23,0.0,0.0,0.0,0.0,0.0,0.0,33.91,62.38,8.23,1076.08,1022.43,71.14,58.23,64.11,0.0,0.0,0.0,0.0,0.0,0.0,0.0,1134.31,1086.54,71.14,0.0,0.0,0.0,1.11,2.18,0.0,0.0,0.0,0.0,1169.34,1151.11,79.38,46.11,28.04,0.0,13.03,32.66,27.71,0.0,0.0,0.0,59.14,60.71,27.71,63.23,18.89,0.0,10.28,0.0,0.0,0.0,0.0,0.0,0.0,0.0,0.0,73.51,18.89,0.0,132.66,79.61,27.71,0.0,0.0,0.0,0.0,0.0,0.0,0.0,0.0,0.0,36,38,6,736,716,70,50,50,30,6/29/2014,7/30/2014,8/26/2014,20,20,0,,,,,,,,,,,,,,,,,,,0.0,0.0,0.0,0.0,0.0,0.0,,,,,,,,,,0,0,0,0,0,0,0,0,0,0,0,0,,,,619,0.0,0.0,0.0
7002103294,109,0.0,0.0,0.0,6/30/2014,7/31/2014,8/31/2014,476.092,233.235,25.6,43.33,12.79,0.0,1010.39,335.34,21.16,0.0,19.16,2.44,0.0,82.74,16.46,6.61,0.0,0.0,9.81,13.26,0.18,0.0,0.0,0.0,0.0,0.0,0.0,16.43,13.26,0.18,36.71,12.79,0.0,1000.48,239.33,4.51,0.0,0.0,0.0,0.0,0.0,0.0,1037.19,252.13,4.51,0.0,0.0,0.0,0.1,0.0,0.0,0.0,0.0,0.0,1053.73,265.39,4.69,0.0,0.0,0.0,280.26,130.44,0.0,0.0,0.0,0.0,280.26,130.44,0.0,0.0,0.0,0.0,14.89,9.95,0.51,0.0,0.0,0.0,0.0,0.0,0.0,14.89,9.95,0.51,295.49,140.39,0.54,0.0,0.0,0.0,0.0,0.0,0.0,0.33,0.0,0.03,10,5,3,516,250,0,110,110,0,6/29/2014,7/25/2014,8/29/2014,110,0,0,,,,,,,,,,,,,,,,,,,0.0,0.0,0.0,0.0,0.0,0.0,,,,,,,,,,0,0,0,0,0,0,0,0,0,0,0,0,,,,454,0.0,0.0,0.0
7000531736,109,0.0,0.0,0.0,6/30/2014,7/31/2014,8/31/2014,110.64,52.567,30.0,1.33,0.0,2.23,65.06,23.09,14.13,1.96,0.0,0.0,0.0,0.0,0.0,1.33,0.0,2.23,62.99,17.16,14.13,2.06,1.11,0.0,0.0,0.0,0.0,66.39,18.28,16.36,0.0,0.0,0.0,0.0,0.0,0.0,0.0,0.0,0.0,0.0,0.0,0.0,0.0,0.0,0.0,0.0,0.0,0.0,0.0,5.81,0.0,0.0,0.0,0.0,66.39,24.09,16.36,9.93,1.48,2.28,260.61,227.29,253.04,21.41,17.66,14.46,291.96,246.44,269.79,0.0,0.0,0.0,0.0,0.0,0.0,0.0,0.58,0.0,0.0,0.0,0.0,0.0,0.58,0.0,292.56,247.04,269.79,0.0,0.0,0.0,0.0,0.0,0.0,0.6,0.01,0.0,5,3,3,120,50,30,120,50,23,6/27/2014,7/25/2014,8/20/2014,0,0,7,,,,,,,,,,,,,,,,,,,0.0,0.0,0.0,0.0,0.0,0.0,,,,,,,,,,0,0,0,0,0,0,0,0,0,0,0,0,,,,539,0.0,0.0,0.0
7001835544,109,0.0,0.0,0.0,6/30/2014,7/31/2014,8/31/2014,371.334,37.138,373.057,706.11,35.11,11.58,102.34,53.66,158.99,0.0,0.0,0.0,0.0,0.0,0.0,706.11,25.46,11.58,84.91,44.49,137.51,6.78,4.28,1.84,6.18,0.0,0.0,797.81,74.24,150.94,0.0,9.65,0.0,2.94,4.41,19.63,0.0,0.46,0.0,0.0,0.0,0.0,2.94,14.53,19.63,0.0,0.0,0.0,7.69,0.0,0.0,0.0,0.0,0.0,808.46,88.78,170.58,869.93,46.29,26.78,106.23,93.98,163.86,154.14,51.14,21.33,1130.31,191.43,211.98,0.0,0.0,0.0,7.48,4.69,25.68,8.78,0.23,0.0,0.0,0.0,0.0,16.26,4.93,25.68,1146.69,196.36,237.66,0.11,0.0,0.0,0.0,0.0,0.0,0.0,0.0,0.0,8,1,3,457,120,393,120,120,274,6/14/2014,7/17/2014,8/14/2014,120,120,119,,,8/8/2014,,,1.0,,,274.0,,,1.0,,,0.0,,,274.0,0.0,0.0,0.0,0.0,0.0,204.83,,,-0.19,,,0.0,,,0.0,0,0,1,0,0,0,0,0,0,0,0,0,,,1.0,2952,0.0,0.0,0.0
7000497500,109,0.0,0.0,0.0,6/30/2014,7/31/2014,,311.492,53.441,0.0,100.33,33.59,,170.86,50.69,,0.0,0.0,,0.0,0.0,,23.68,12.61,,33.44,6.94,,0.0,0.0,,0.6,0.0,,57.13,19.56,,76.64,20.98,,131.74,43.74,,0.0,0.0,,0.0,0.0,,208.39,64.73,,0.0,0.0,,5.66,0.0,,0.0,0.0,,271.19,84.29,0.0,28.09,1.49,,34.46,7.63,,0.0,0.78,,62.56,9.91,,6.69,0.0,,1.46,2.78,,0.0,0.71,,0.0,0.0,,8.16,3.49,,70.73,13.41,0.0,0.0,0.0,,0.0,0.0,,0.0,0.0,,18,4,0,354,60,0,36,20,0,6/29/2014,7/10/2014,,20,20,0,,,,,,,,,,,,,,,,,,,0.0,0.0,0.0,0.0,0.0,0.0,,,,,,,,,,0,0,0,0,0,0,0,0,0,0,0,0,,,,387,0.0,0.0,0.0
7000789599,109,0.0,0.0,0.0,6/30/2014,7/31/2014,,497.155,47.067,0.0,10.86,0.74,,108.76,36.63,,0.0,0.0,,0.0,0.0,,10.86,0.74,,51.19,16.44,,11.36,0.0,,0.0,0.0,,73.43,17.19,,0.0,0.0,,46.19,20.18,,0.0,0.0,,0.0,0.0,,46.19,20.18,,0.0,0.0,,0.0,0.0,,0.0,0.0,,119.63,37.38,0.0,0.4,2.11,,30.66,1.61,,0.0,0.0,,31.06,3.73,,0.0,0.0,,9.69,0.0,,0.0,0.0,,0.0,0.0,,9.69,0.0,,41.51,3.73,0.0,0.0,0.0,,0.75,0.0,,0.0,0.0,,10,1,0,586,50,0,198,50,0,6/30/2014,7/1/2014,,10,50,0,6/24/2014,,,2.0,,,198.0,,,2.0,,,0.0,,,396.0,,,553.0,0.0,0.0,3325.74,0.0,0.0,-0.02,,,0.0,,,0.0,,,2,0,0,0,0,0,0,0,0,0,0,0,1.0,,,647,353.61,0.0,1757.19
7000152986,109,0.0,0.0,0.0,6/30/2014,7/31/2014,8/31/2014,16.962,107.733,178.443,4.6,130.09,231.54,6.86,25.18,36.61,0.0,2.94,0.0,0.0,2.04,0.0,1.35,0.0,0.0,6.86,0.23,3.36,0.0,0.0,0.0,0.0,0.0,0.0,8.21,0.23,3.36,3.25,129.53,231.54,0.0,23.46,33.24,0.0,0.0,0.0,0.0,0.0,0.0,3.25,152.99,264.79,0.0,0.0,0.0,0.0,0.0,0.0,0.0,0.0,0.0,11.46,153.23,268.16,2.65,0.0,0.0,5.79,28.36,56.24,0.0,0.0,0.0,8.44,28.36,56.24,0.0,159.44,434.18,1.5,3.06,34.46,0.0,0.0,0.0,0.0,0.0,0.0,1.5,162.51,468.64,9.94,190.88,524.89,0.0,0.0,0.0,0.0,0.0,0.0,0.0,0.0,0.0,2,7,5,20,143,186,20,50,50,6/18/2014,7/26/2014,8/24/2014,20,50,50,,,,,,,,,,,,,,,,,,,0.0,0.0,0.0,0.0,0.0,0.0,,,,,,,,,,0,0,0,0,0,0,0,0,0,0,0,0,,,,613,0.0,0.0,0.0
7000023085,109,0.0,0.0,0.0,6/30/2014,7/31/2014,8/31/2014,234.565,200.867,62.139,312.68,155.51,81.61,41.64,54.29,21.71,0.0,0.0,0.0,0.0,0.0,0.0,5.91,18.94,2.36,31.03,51.98,17.64,0.31,0.0,4.01,0.0,0.0,0.05,37.26,70.93,24.03,306.76,136.56,79.24,2.31,2.31,0.0,0.0,0.0,0.0,0.0,0.0,0.0,309.08,138.88,79.24,0.0,0.0,0.0,10.41,5.36,3.18,0.0,0.0,0.0,356.76,215.18,106.46,6.38,5.51,16.46,69.38,46.01,31.86,4.34,8.81,3.68,80.11,60.34,52.01,8.83,34.96,9.55,0.0,0.11,0.0,0.0,0.0,0.0,0.0,0.0,0.0,8.83,35.08,9.55,89.19,95.43,61.56,0.25,0.0,0.0,0.0,0.0,0.0,0.0,0.0,0.0,15,10,4,276,246,40,36,50,10,6/30/2014,7/31/2014,8/13/2014,30,50,10,,,,,,,,,,,,,,,,,,,0.0,0.0,0.0,0.0,0.0,0.0,,,,,,,,,,0,0,0,0,0,0,0,0,0,0,0,0,,,,201,0.0,0.0,0.0
7002160332,109,0.0,0.0,0.0,6/30/2014,7/31/2014,,679.948,119.681,0.0,43.36,2.91,,1455.33,196.76,,0.0,0.0,,0.0,0.0,,36.38,2.91,,155.51,18.11,,0.0,0.0,,0.0,0.0,,191.89,21.03,,6.98,0.0,,1299.81,178.64,,0.0,0.0,,0.0,0.0,,1306.79,178.64,,0.0,0.0,,0.0,0.0,,0.0,0.0,,1498.69,199.68,0.0,16.99,12.03,,141.89,32.79,,1.09,0.0,,159.99,44.83,,0.0,0.0,,6.31,8.08,,0.0,0.0,,0.0,0.0,,6.31,8.08,,166.36,52.91,0.0,0.05,0.0,,0.0,0.0,,0.0,0.0,,17,4,0,766,118,0,90,44,0,6/29/2014,7/6/2014,,44,30,0,,,,,,,,,,,,,,,,,,,0.0,0.0,0.0,0.0,0.0,0.0,,,,,,,,,,0,0,0,0,0,0,0,0,0,0,0,0,,,,468,0.0,0.0,0.0
7002193049,109,0.0,0.0,0.0,6/30/2014,7/31/2014,8/31/2014,157.647,298.527,221.761,16.13,24.46,12.56,94.03,60.54,31.86,0.0,0.0,5.7,0.0,0.0,0.93,0.0,0.0,1.15,23.88,26.74,25.81,0.0,0.0,0.46,0.0,0.0,0.0,23.88,26.74,27.43,16.13,24.46,11.41,70.14,33.79,4.65,0.0,0.0,0.0,0.0,0.0,0.0,86.28,58.26,16.06,0.0,0.0,0.0,0.0,0.0,0.0,0.0,0.0,0.0,110.16,85.01,43.49,0.41,4.84,1.56,13.51,46.03,20.08,0.0,0.0,17.64,13.93,50.88,39.29,0.98,9.63,0.45,6.64,0.0,12.34,0.0,0.0,0.0,0.0,0.0,0.0,7.63,9.63,12.79,21.83,60.83,53.21,0.18,0.31,0.25,0.0,0.0,0.0,0.08,0.0,0.86,3,6,3,200,399,284,110,154,154,6/28/2014,7/25/2014,8/25/2014,110,154,130,,7/25/2014,8/23/2014,,2.0,1.0,,154.0,154.0,,2.0,1.0,,0.0,0.0,,179.0,154.0,0.0,367.15,381.59,0.0,0.0,0.0,,0.0,0.0,,14.0,32.4,,0.0,0.0,0,1,1,0,1,0,0,0,0,0,0,0,,1.0,1.0,688,0.0,0.0,0.0
7001291956,109,0.0,0.0,0.0,6/30/2014,,8/31/2014,1.96,0.0,107.193,,,0.0,,,2.25,,,0.0,,,0.0,,,0.0,,,2.25,,,0.0,,,0.0,,,2.25,,,0.0,,,0.0,,,0.0,,,0.0,,,0.0,,,0.0,,,0.0,,,0.98,0.0,0.0,3.23,,,0.0,,,0.0,,,0.0,,,0.0,,,0.0,,,0.0,,,0.0,,,0.0,,,0.0,0.0,0.0,0.0,,,0.0,,,0.0,,,0.0,0,0,1,0,0,126,0,0,126,,,8/21/2014,0,0,126,,,,,,,,,,,,,,,,,,,0.0,0.0,0.0,0.0,0.0,0.0,,,,,,,,,,0,0,0,0,0,0,0,0,0,0,0,0,,,,494,0.0,0.0,0.0
7000934981,109,0.0,0.0,0.0,6/30/2014,7/31/2014,8/31/2014,71.713,94.193,162.47,32.28,48.93,70.39,26.95,44.73,27.29,0.0,0.0,0.0,0.0,0.0,0.0,0.53,3.11,22.31,0.05,4.96,12.61,0.0,0.0,0.0,0.0,0.0,0.0,0.58,8.08,34.93,31.75,45.81,48.08,26.9,39.76,14.68,0.0,0.0,0.0,0.0,0.0,0.0,58.65,85.58,62.76,0.0,0.0,0.0,0.81,1.33,0.61,0.0,0.0,0.0,60.04,94.99,98.31,30.43,52.76,71.78,273.99,126.53,454.89,0.48,2.55,0.21,304.91,181.84,526.89,155.16,122.04,63.36,270.91,173.08,33.48,0.0,0.0,14.26,0.0,0.0,0.0,426.08,295.13,111.11,731.34,477.31,638.01,0.0,0.0,0.0,0.35,0.33,0.0,0.0,0.0,0.0,5,5,7,90,103,180,30,50,50,6/30/2014,7/28/2014,8/26/2014,10,30,50,,,,,,,,,,,,,,,,,,,0.0,0.0,0.0,0.0,0.0,0.0,,,,,,,,,,0,0,0,0,0,0,0,0,0,0,0,0,,,,1414,9.37,0.0,0.0
7000543035,109,0.0,0.0,0.0,6/30/2014,7/31/2014,8/31/2014,494.105,572.705,361.744,196.91,293.16,151.51,240.93,380.31,407.26,0.0,0.0,0.0,0.0,0.0,0.0,53.41,98.14,66.11,126.69,152.48,160.26,6.63,4.43,4.5,12.21,1.61,14.31,186.74,255.06,230.88,143.49,195.01,85.39,94.41,217.63,205.96,0.96,0.0,0.0,0.0,0.0,0.0,238.88,412.64,291.36,0.0,0.6,0.0,14.58,8.56,53.71,2.56,0.0,0.0,442.78,676.88,575.96,141.41,192.84,128.94,136.04,220.04,184.53,33.68,24.53,31.09,311.14,437.43,344.58,35.09,39.98,26.91,108.83,47.71,26.24,0.78,0.0,13.96,0.0,0.0,0.0,144.71,87.69,67.13,455.86,530.51,418.23,0.0,0.0,0.0,0.0,5.38,6.51,0.0,0.0,0.0,6,6,5,550,660,390,110,110,130,6/28/2014,7/27/2014,8/25/2014,110,110,0,,,,,,,,,,,,,,,,,,,0.0,0.0,0.0,0.0,0.0,0.0,,,,,,,,,,0,0,0,0,0,0,0,0,0,0,0,0,,,,387,0.0,0.0,0.0
7000264776,109,0.0,0.0,0.0,6/30/2014,7/31/2014,8/31/2014,168.067,79.717,66.01,70.54,53.46,41.08,83.36,20.29,18.83,0.0,0.0,0.0,0.0,0.0,0.0,70.54,53.46,41.08,79.38,19.91,9.63,0.0,0.0,0.0,0.78,0.0,0.0,149.93,73.38,50.71,0.0,0.0,0.0,3.2,0.38,9.2,0.0,0.0,0.0,0.0,0.0,0.0,3.2,0.38,9.2,0.0,0.0,0.0,0.78,0.0,0.0,0.0,0.0,0.0,153.91,73.76,59.91,67.71,48.98,43.93,125.16,75.84,51.58,7.51,0.25,0.0,200.39,125.08,95.51,0.0,0.0,0.0,0.0,8.14,7.28,0.0,0.0,0.0,0.0,0.0,0.0,0.0,8.14,7.28,203.56,133.23,103.13,0.0,0.0,0.33,3.16,0.0,0.0,0.0,0.0,0.0,6,7,5,170,90,80,50,20,30,6/28/2014,7/25/2014,8/30/2014,30,0,20,,,,,,,,,,,,,,,,,,,0.0,0.0,0.0,0.0,0.0,0.0,,,,,,,,,,0,0,0,0,0,0,0,0,0,0,0,0,,,,1351,0.0,0.0,0.0
7001764357,109,0.0,0.0,0.0,6/30/2014,7/31/2014,8/31/2014,406.199,398.568,579.896,265.63,252.58,374.79,56.29,109.53,70.26,0.0,3.51,0.0,0.0,0.0,0.0,265.63,252.58,374.79,16.31,48.04,67.66,2.83,1.53,1.31,13.53,13.4,0.0,284.78,302.16,443.78,0.0,0.0,0.0,23.61,46.54,0.8,0.0,0.0,0.0,0.0,0.0,0.0,23.61,46.54,0.8,0.0,0.0,0.0,13.53,13.4,0.48,0.0,0.0,0.0,321.93,362.11,445.06,3755.04,3710.59,3489.88,140.39,244.44,245.03,9.54,17.69,91.98,3904.99,3972.74,3826.89,1.03,0.0,0.0,108.98,12.56,10.71,0.0,0.0,0.13,0.0,0.0,0.0,110.01,12.56,10.84,4015.01,3985.31,3837.74,0.0,0.0,0.0,0.0,0.0,0.0,0.0,0.0,0.0,6,8,4,484,733,439,154,145,179,6/24/2014,7/31/2014,8/27/2014,110,130,130,6/15/2014,7/13/2014,8/23/2014,1.0,1.0,1.0,154.0,145.0,179.0,1.0,0.0,0.0,0.0,1.0,1.0,154.0,145.0,179.0,73.97,155.85,110.27,1171.07,197.53,92.68,7.0,122.4,150.67,11.2,130.27,163.57,0.0,0.0,0.0,1,0,0,0,0,0,0,1,1,0,0,0,1.0,1.0,1.0,1587,84.56,297.81,1212.89
7001130703,109,0.0,0.0,0.0,6/30/2014,7/31/2014,8/31/2014,190.316,104.744,163.163,33.63,10.64,16.66,149.51,86.01,138.01,0.0,0.0,0.0,0.0,0.0,0.0,33.63,10.64,16.66,145.13,85.24,138.01,0.0,0.76,0.0,0.0,0.0,0.0,178.76,96.66,154.68,0.0,0.0,0.0,4.38,0.0,0.0,0.0,0.0,0.0,0.0,0.0,0.0,4.38,0.0,0.0,0.0,0.0,0.0,0.0,0.0,0.0,0.0,0.0,0.0,183.14,96.66,154.68,54.31,11.94,18.39,79.06,55.64,99.43,11.44,0.44,2.83,144.83,68.04,120.66,0.0,0.0,0.0,5.86,0.0,0.0,0.0,0.0,0.0,0.0,0.0,0.0,5.86,0.0,0.0,150.86,68.04,121.54,0.0,0.0,0.0,0.0,0.0,0.0,0.16,0.0,0.88,10,8,7,220,120,180,50,20,30,6/25/2014,7/30/2014,8/29/2014,20,20,30,,,,,,,,,,,,,,,,,,,0.0,0.0,0.0,0.0,0.0,0.0,,,,,,,,,,0,0,0,0,0,0,0,0,0,0,0,0,,,,563,0.0,0.0,0.0
7001570210,109,0.0,0.0,0.0,6/30/2014,7/31/2014,8/31/2014,899.745,897.627,1013.523,455.81,372.74,354.64,1220.21,1609.99,1225.64,0.0,0.0,0.0,0.0,0.0,0.0,322.84,265.38,200.28,1025.04,1536.73,1134.59,15.38,10.96,8.66,0.0,0.0,0.0,1363.28,1813.08,1343.54,132.96,107.36,154.36,179.78,62.29,82.38,0.0,0.0,0.0,0.0,0.0,0.0,312.74,169.66,236.74,0.0,0.0,0.0,0.0,0.0,0.0,0.0,0.0,0.0,1676.03,1982.74,1580.29,204.56,157.01,150.29,883.53,1098.18,808.68,5.99,31.78,17.83,1094.09,1286.98,976.81,77.71,33.64,60.81,88.94,28.48,51.39,11.88,0.0,3.18,0.0,0.0,0.0,178.54,62.13,115.39,1281.69,1363.98,1116.86,0.0,0.0,0.0,8.34,13.48,24.64,0.7,1.38,0.0,9,4,5,1015,1261,1043,398,398,550,6/20/2014,7/26/2014,8/26/2014,398,398,28,,,8/15/2014,,,1.0,,,25.0,,,1.0,,,0.0,,,25.0,0.0,0.0,0.0,0.0,0.0,0.0,,,0.0,,,0.0,,,0.0,0,0,0,0,0,1,0,0,0,0,0,0,,,0.0,2662,0.0,0.0,0.0
7000370604,109,0.0,0.0,0.0,6/30/2014,7/31/2014,8/31/2014,297.0,200.906,239.188,55.61,8.55,1.9,514.49,330.59,434.43,0.0,0.0,0.0,0.0,0.0,0.0,0.0,0.0,0.0,0.0,3.26,0.0,0.0,0.0,0.0,0.0,0.0,0.0,0.0,3.26,0.0,55.61,8.55,1.9,511.31,327.33,434.43,0.0,0.0,0.0,0.0,0.0,0.0,566.93,335.88,436.33,0.0,0.0,0.0,3.18,0.0,0.0,0.0,0.0,0.0,570.11,339.14,436.33,0.23,0.0,0.78,0.78,0.56,2.88,0.0,0.0,0.0,1.01,0.56,3.66,0.71,0.0,0.0,0.13,32.86,15.59,0.0,0.0,0.0,0.0,0.0,0.0,0.84,32.86,15.59,1.86,33.43,19.26,0.0,0.0,0.0,0.0,0.0,0.0,0.0,0.0,0.0,13,13,11,326,246,256,36,36,36,6/29/2014,7/30/2014,8/31/2014,30,30,0,,,,,,,,,,,,,,,,,,,0.0,0.0,0.0,0.0,0.0,0.0,,,,,,,,,,0,0,0,0,0,0,0,0,0,0,0,0,,,,333,0.0,0.0,0.0
7000609639,109,0.0,0.0,0.0,6/30/2014,7/31/2014,8/31/2014,501.841,362.943,255.56,126.34,90.78,51.28,167.73,115.29,96.14,0.0,32.93,9.34,0.0,12.76,17.74,126.34,75.66,28.11,37.36,20.83,13.73,2.06,0.0,0.0,0.0,0.0,0.0,165.78,96.49,41.84,0.0,9.41,10.99,128.29,87.39,76.83,0.0,0.0,0.0,0.0,0.0,0.0,128.29,96.81,87.83,0.0,0.0,0.0,0.0,0.0,0.0,0.0,0.0,0.0,294.08,193.31,129.68,95.16,80.88,59.41,68.23,46.88,41.41,0.0,0.0,1.23,163.39,127.76,102.06,0.0,1.36,1.66,12.98,2.01,11.24,0.0,0.0,0.0,0.0,0.0,0.0,12.98,3.38,12.91,176.91,131.14,115.81,0.39,0.0,0.56,0.0,0.0,0.0,0.13,0.0,0.26,8,8,3,546,696,149,110,130,149,6/24/2014,7/31/2014,8/26/2014,110,130,149,,,,,,,,,,,,,,,,,,,0.0,0.0,0.0,0.0,0.0,0.0,,,,,,,,,,0,0,0,0,0,0,0,0,0,0,0,0,,,,1588,0.0,0.0,0.0
7000473431,109,0.0,0.0,0.0,6/30/2014,7/31/2014,8/31/2014,235.182,170.426,245.303,12.76,10.23,3.66,204.86,130.04,211.64,0.0,0.0,0.0,0.0,0.0,0.0,12.76,10.23,3.66,204.86,100.36,205.11,0.0,29.16,6.53,0.0,0.51,0.0,217.63,139.76,215.31,0.0,0.0,0.0,0.0,0.0,0.0,0.0,0.0,0.0,0.0,0.0,0.0,0.0,0.0,0.0,0.0,0.0,0.0,0.0,0.51,0.0,0.0,0.0,0.0,217.63,140.28,215.31,21.89,9.41,3.24,189.09,87.26,130.44,1.49,0.4,0.43,212.49,97.08,134.13,0.0,0.0,0.0,0.0,0.0,0.0,0.0,0.0,0.0,0.0,0.0,0.0,0.0,0.0,0.0,212.49,97.08,134.13,0.0,0.0,0.0,0.0,0.0,0.0,0.0,0.0,0.0,16,11,15,280,190,280,30,30,20,6/30/2014,7/30/2014,8/30/2014,20,20,20,,,,,,,,,,,,,,,,,,,0.0,0.0,0.0,0.0,0.0,0.0,,,,,,,,,,0,0,0,0,0,0,0,0,0,0,0,0,,,,740,0.0,0.0,0.0
7001609828,109,0.0,0.0,0.0,6/30/2014,7/31/2014,8/31/2014,343.602,152.447,0.0,15.61,185.64,0.0,343.81,60.54,0.0,16.38,0.0,0.0,8.46,0.0,0.0,12.54,8.39,0.0,54.74,14.56,0.0,19.9,0.0,0.0,12.53,0.0,0.0,87.19,22.96,0.0,0.58,177.24,0.0,250.38,45.98,0.0,0.0,0.0,0.0,0.0,0.0,0.0,250.96,223.23,0.0,0.0,0.0,0.0,19.34,1.88,0.0,0.0,0.0,0.0,357.51,248.08,0.0,38.94,3.31,2.23,18.11,13.36,1.61,0.0,0.88,0.0,57.06,17.56,3.84,2.78,5.16,11.28,32.09,11.54,61.21,0.0,0.0,0.0,0.0,0.0,0.0,34.88,16.71,72.49,91.94,34.28,76.84,0.0,0.0,0.5,0.0,0.0,0.0,0.0,0.0,0.0,7,4,1,310,146,0,110,116,0,6/27/2014,7/20/2014,8/24/2014,110,116,0,,,,,,,,,,,,,,,,,,,0.0,0.0,0.0,0.0,0.0,0.0,,,,,,,,,,0,0,0,0,0,0,0,0,0,0,0,0,,,,453,0.0,0.0,0.0
7001259463,109,0.0,0.0,0.0,6/30/2014,7/31/2014,8/31/2014,217.835,225.546,168.345,160.63,149.31,150.41,78.21,100.19,38.53,0.0,0.0,0.0,0.0,0.0,0.0,160.63,149.31,150.41,74.16,97.99,34.66,4.05,2.2,3.86,0.0,0.0,0.0,238.84,249.51,188.94,0.0,0.0,0.0,0.0,0.0,0.0,0.0,0.0,0.0,0.0,0.0,0.0,0.0,0.0,0.0,0.0,0.0,0.0,0.0,0.0,0.0,0.0,0.0,0.0,238.84,249.51,188.94,217.83,83.18,136.81,102.43,182.54,18.96,5.43,0.0,0.0,325.69,265.73,155.78,0.0,0.0,0.0,0.0,0.0,0.0,0.0,0.0,0.0,0.0,0.0,0.0,0.0,0.0,0.0,325.69,265.73,155.78,0.0,0.0,0.0,0.0,0.0,0.0,0.0,0.0,0.0,6,8,5,210,270,280,110,110,130,6/30/2014,7/25/2014,8/26/2014,50,0,130,,,,,,,,,,,,,,,,,,,0.0,0.0,0.0,0.0,0.0,0.0,,,,,,,,,,0,0,0,0,0,0,0,0,0,0,0,0,,,,482,0.0,0.0,0.0
7001802111,109,0.0,0.0,0.0,6/30/2014,7/31/2014,8/31/2014,586.252,793.468,533.569,76.93,57.18,47.29,597.48,277.44,270.49,0.0,0.0,21.66,0.0,0.0,28.53,51.44,44.66,24.54,137.39,67.04,29.86,0.0,0.0,0.0,0.0,0.0,0.0,188.84,111.71,54.41,25.48,12.51,7.5,460.08,199.26,227.34,0.0,0.0,0.0,0.0,0.0,0.0,485.56,211.78,234.84,0.0,0.0,0.0,0.0,11.13,0.0,0.0,0.0,0.0,674.41,334.63,289.26,70.06,53.88,20.36,175.58,97.39,26.94,0.0,0.0,0.0,245.64,151.28,47.31,31.33,11.14,3.68,114.63,51.16,71.59,0.0,0.0,0.0,0.0,0.0,0.0,145.96,62.31,75.28,391.61,213.59,122.59,0.0,0.0,0.0,0.0,0.0,0.0,0.0,0.0,0.0,12,10,6,658,1032,510,128,252,252,6/27/2014,7/30/2014,8/22/2014,128,128,30,,7/16/2014,8/13/2014,,2.0,1.0,,252.0,252.0,,0.0,0.0,,2.0,1.0,,504.0,252.0,0.0,1.6,1.31,0.0,4113.36,1537.53,,513.34,228.76,,424.34,212.17,,0.0,0.0,0,0,0,0,0,0,0,2,1,0,0,0,,1.0,1.0,311,595.55,941.37,93.16
7000958300,109,0.0,0.0,0.0,6/30/2014,7/31/2014,8/31/2014,571.706,426.727,296.341,1131.58,752.39,419.39,93.86,53.53,47.51,0.0,0.0,0.0,0.0,0.0,0.0,3.33,11.06,2.03,34.73,38.03,40.46,0.26,3.14,6.06,0.0,0.0,0.0,38.33,52.24,48.56,1128.24,741.33,417.36,57.69,2.86,0.98,0.0,0.0,0.0,0.0,0.0,0.0,1185.94,744.19,418.34,1.16,0.0,0.0,1.25,12.09,5.16,4.24,0.0,0.0,1230.94,808.54,472.08,6.73,5.69,4.18,41.63,40.13,24.76,0.88,19.61,6.31,49.24,65.44,35.26,7.94,5.73,18.79,3.14,2.21,0.76,0.0,0.0,2.58,0.0,0.0,0.0,11.09,7.94,22.14,193.43,239.86,97.23,0.0,0.0,0.0,133.08,166.46,39.81,0.0,0.0,0.0,10,5,6,666,476,366,110,110,130,6/28/2014,7/28/2014,8/26/2014,36,36,36,,,,,,,,,,,,,,,,,,,0.0,0.0,0.0,0.0,0.0,0.0,,,,,,,,,,0,0,0,0,0,0,0,0,0,0,0,0,,,,2832,0.0,0.0,0.0
7000869226,109,0.0,0.0,0.0,6/30/2014,7/31/2014,8/31/2014,113.515,39.1,44.92,54.98,5.91,23.83,27.44,12.36,4.61,0.0,0.0,0.0,0.0,0.0,0.0,54.98,5.91,23.83,27.04,12.36,4.61,0.4,0.0,0.0,0.0,0.0,0.0,82.43,18.28,28.44,0.0,0.0,0.0,0.0,0.0,0.0,0.0,0.0,0.0,0.0,0.0,0.0,0.0,0.0,0.0,0.0,0.0,0.0,0.0,0.75,1.56,0.0,0.0,0.0,82.43,19.03,30.01,59.19,12.71,17.98,34.63,27.86,26.14,0.91,1.34,0.33,94.74,41.93,44.46,0.0,0.0,0.0,21.88,0.79,0.0,0.0,0.23,1.28,0.0,0.0,0.0,21.88,1.03,1.28,116.63,42.96,45.74,0.0,0.0,0.0,0.0,0.0,0.0,0.0,0.0,0.0,4,3,2,120,46,41,90,23,41,6/8/2014,7/26/2014,8/23/2014,0,23,41,6/5/2014,7/3/2014,8/2/2014,1.0,1.0,1.0,154.0,154.0,154.0,1.0,1.0,1.0,0.0,0.0,0.0,154.0,154.0,154.0,21.26,0.51,5.55,410.46,477.28,386.61,-0.23,10.91,3.89,0.0,0.0,0.0,0.0,0.0,0.0,1,1,1,0,0,0,0,0,0,0,0,0,1.0,1.0,1.0,667,151.01,78.29,64.98
7002347135,109,0.0,0.0,0.0,6/30/2014,7/31/2014,8/31/2014,156.098,228.028,220.668,0.0,5.83,5.06,232.04,236.08,233.71,0.0,0.0,0.0,0.0,0.0,0.0,0.0,5.83,1.88,170.88,130.23,175.41,56.28,57.61,42.59,0.0,0.0,0.0,227.16,193.68,219.89,0.0,0.0,3.18,4.88,34.91,15.43,0.0,13.31,0.26,0.0,0.0,0.0,4.88,48.23,18.88,0.0,0.0,0.0,0.0,0.0,1.46,0.0,0.0,0.0,232.04,241.91,240.24,0.53,1.51,0.45,130.04,203.08,140.91,12.91,53.78,29.26,143.49,258.38,170.63,0.0,0.0,3.23,43.06,0.23,0.0,30.48,30.83,26.31,0.0,0.0,0.0,73.54,31.06,29.54,217.04,289.44,200.18,0.0,0.0,0.0,0.0,0.0,0.0,0.0,0.0,0.0,8,6,2,650,229,229,250,229,229,6/27/2014,7/25/2014,8/14/2014,200,0,229,,,,,,,,,,,,,,,,,,,0.0,0.0,0.0,0.0,0.0,0.0,,,,,,,,,,0,0,0,0,0,0,0,0,0,0,0,0,,,,1263,0.0,0.0,0.0
7000480302,109,0.0,0.0,0.0,6/30/2014,7/31/2014,,562.498,91.8,0.0,62.63,0.34,,225.31,41.71,,0.0,0.0,,0.0,0.0,,62.63,0.34,,194.14,27.91,,17.28,0.0,,0.0,2.75,,274.06,28.26,,0.0,0.0,,0.0,0.0,,0.0,0.0,,0.0,0.0,,0.0,0.0,,0.0,0.0,,13.88,13.8,,0.0,0.0,,287.94,42.06,0.0,65.84,34.63,,139.86,46.53,,9.86,0.85,,215.58,82.01,,0.0,0.0,,0.95,0.0,,0.0,0.0,,0.0,0.0,,0.95,0.0,,216.73,82.01,0.0,0.19,0.0,,0.0,0.0,,0.0,0.0,,9,2,0,691,60,0,300,30,0,6/30/2014,7/4/2014,,50,30,0,6/18/2014,,,1.0,,,154.0,,,1.0,,,0.0,,,154.0,,,95.59,0.0,0.0,375.7,0.0,0.0,3.52,,,0.0,,,0.0,,,1,0,0,0,0,0,0,0,0,0,0,0,1.0,,,341,0.0,165.41,460.37
7001931793,109,0.0,0.0,0.0,6/30/2014,7/31/2014,8/31/2014,429.057,0.0,0.0,0.0,0.0,0.0,76.71,3.1,0.0,0.0,0.0,0.0,0.0,0.0,0.0,0.0,0.0,0.0,24.3,0.0,0.0,0.0,0.0,0.0,50.39,3.1,0.0,24.3,0.0,0.0,0.0,0.0,0.0,0.0,0.0,0.0,0.0,0.0,0.0,0.0,0.0,0.0,0.0,0.0,0.0,0.0,0.0,0.0,52.98,3.1,0.0,0.0,0.0,0.0,77.28,3.1,0.0,0.0,0.0,0.0,2.06,0.61,6.19,0.0,0.0,0.0,2.06,0.61,6.19,0.0,0.0,0.0,0.0,0.0,0.0,0.0,0.0,0.0,0.0,0.0,0.0,0.0,0.0,0.0,2.06,0.61,6.39,0.0,0.0,0.19,0.0,0.0,0.0,0.0,0.0,0.0,3,1,1,505,0,0,455,0,0,6/17/2014,7/15/2014,8/25/2014,455,0,0,6/17/2014,,,1.0,,,455.0,,,0.0,,,1.0,,,455.0,,,110.71,0.0,0.0,890.27,0.0,0.0,389.0,,,389.0,,,0.0,,,0,0,0,0,0,0,1,0,0,0,0,0,1.0,,,507,0.0,713.12,887.04
7001377257,109,0.0,0.0,0.0,6/30/2014,7/31/2014,8/31/2014,630.601,665.242,410.983,656.38,830.66,629.58,500.84,504.28,181.41,3.21,0.0,0.0,56.81,0.0,0.0,9.24,6.81,0.43,14.53,8.29,2.9,0.0,0.0,0.0,0.0,3.8,0.0,23.78,15.11,3.33,630.94,823.84,629.14,445.68,489.09,178.51,0.0,0.0,0.0,0.0,0.0,0.0,1076.63,1312.94,807.66,0.0,0.0,0.0,0.58,10.84,5.99,0.0,0.0,0.0,1100.99,1338.91,816.99,1.33,2.94,0.0,43.11,25.34,18.01,0.0,0.0,0.0,44.44,28.29,18.01,1.11,10.54,10.18,13.79,30.89,7.53,0.0,0.0,0.0,0.0,0.0,0.0,14.91,41.44,17.71,59.51,74.08,58.89,0.15,0.15,0.0,0.0,4.18,23.16,0.0,0.0,0.0,15,15,15,806,696,630,110,110,150,6/29/2014,7/27/2014,8/31/2014,110,110,150,,,,,,,,,,,,,,,,,,,0.0,0.0,0.0,0.0,0.0,0.0,,,,,,,,,,0,0,0,0,0,0,0,0,0,0,0,0,,,,196,0.0,0.0,0.0
7001748808,109,0.0,0.0,0.0,6/30/2014,7/31/2014,8/31/2014,106.526,126.381,87.78,11.19,24.71,25.11,46.11,45.08,25.39,0.0,0.0,0.0,0.0,0.0,0.0,11.19,24.31,25.11,35.36,37.18,23.86,0.0,0.85,0.0,0.0,1.28,0.39,46.56,62.34,48.98,0.0,0.4,0.0,9.96,6.93,1.13,0.0,0.0,0.0,0.0,0.0,0.0,9.96,7.33,1.13,0.0,0.0,0.0,5.24,6.33,5.04,0.0,0.0,0.0,61.78,76.01,55.16,41.86,48.79,51.98,143.91,224.84,98.51,2.81,10.59,14.11,188.59,284.24,164.61,0.0,0.0,0.0,10.61,25.79,26.53,0.0,0.0,0.0,0.0,0.0,0.0,10.61,25.79,26.53,199.79,310.59,196.61,0.58,0.2,0.25,0.0,0.0,0.0,0.0,0.35,5.21,11,11,9,120,150,90,20,20,20,6/30/2014,7/30/2014,8/31/2014,20,20,10,,,,,,,,,,,,,,,,,,,0.0,0.0,0.0,0.0,0.0,0.0,,,,,,,,,,0,0,0,0,0,0,0,0,0,0,0,0,,,,192,0.0,0.0,0.0
7002219939,109,0.0,0.0,0.0,6/30/2014,7/31/2014,8/31/2014,202.588,243.913,207.092,50.56,25.29,43.01,97.19,143.28,114.74,5.23,0.7,0.0,10.76,8.1,0.0,47.43,22.49,42.59,41.46,68.08,74.84,34.98,39.54,8.94,0.0,0.0,0.0,123.88,130.13,126.39,0.0,0.0,0.0,0.0,1.78,6.24,12.19,27.56,25.11,0.0,0.0,0.0,12.19,29.34,31.36,0.0,0.0,0.0,1.41,2.05,6.13,0.41,0.0,0.0,137.91,161.53,163.89,51.53,28.96,30.66,25.96,34.81,95.98,9.1,41.38,17.21,86.59,105.16,143.86,0.0,0.0,0.0,1.96,4.54,4.51,10.74,15.64,29.43,0.0,0.0,0.0,12.71,20.19,33.94,113.59,137.08,179.36,0.0,0.2,0.0,14.06,0.0,0.0,0.21,11.51,1.54,6,8,5,250,300,210,100,50,50,6/25/2014,7/31/2014,8/27/2014,50,50,30,,,,,,,,,,,,,,,,,,,0.0,0.0,0.0,0.0,0.0,0.0,,,,,,,,,,0,0,0,0,0,0,0,0,0,0,0,0,,,,2177,0.0,0.0,0.0
7001618918,109,0.0,0.0,0.0,6/30/2014,7/31/2014,8/31/2014,172.335,140.511,161.843,21.83,20.84,36.16,87.88,66.91,64.78,1.16,0.0,0.0,4.73,0.0,0.0,19.06,20.84,30.16,52.74,36.76,39.76,0.8,13.16,17.56,0.51,12.24,0.0,72.61,70.78,87.49,0.96,0.0,5.99,30.06,2.11,6.81,1.33,0.0,0.0,0.0,0.0,0.0,32.36,2.11,12.81,0.0,0.0,0.0,0.0,14.86,0.63,0.0,0.0,0.0,104.98,87.76,100.94,20.18,37.64,32.13,37.83,59.51,66.41,6.28,4.99,4.69,64.29,102.16,103.24,1.8,3.49,0.0,5.89,0.0,0.0,0.73,9.56,2.66,0.0,0.0,0.0,8.43,13.06,2.66,72.73,115.23,106.16,0.0,0.0,0.25,0.0,0.0,0.0,0.0,0.0,0.0,10,12,17,200,164,173,50,30,33,6/30/2014,7/31/2014,8/28/2014,10,17,10,,7/31/2014,,,2.0,,,17.0,,,2.0,,,0.0,,,34.0,,0.0,0.0,0.0,0.0,94.59,0.0,,0.12,,,0.0,,,0.0,,0,0,0,0,2,0,0,0,0,0,0,0,,1.0,,535,53.42,0.0,0.0
7001400998,109,0.0,0.0,0.0,6/30/2014,7/31/2014,8/31/2014,204.052,164.938,165.352,60.99,24.64,42.24,169.33,166.13,140.98,0.0,0.0,0.0,0.0,0.0,0.0,42.44,24.64,28.79,162.39,155.93,124.48,2.26,0.94,0.76,0.0,0.0,0.0,207.11,181.53,154.04,18.54,0.0,13.45,0.41,8.58,15.73,0.0,0.0,0.0,0.0,0.0,0.0,18.96,8.58,29.18,0.0,0.0,0.0,4.25,0.66,0.0,0.0,0.0,0.0,230.33,190.78,183.23,154.89,158.14,152.49,523.56,648.11,415.29,75.53,114.24,49.68,753.99,920.51,617.48,1.05,0.71,2.13,7.68,6.79,7.34,0.63,0.0,0.0,0.0,0.0,0.0,9.36,7.51,9.48,844.01,953.98,664.74,0.0,0.0,0.0,80.64,9.78,37.78,0.0,16.16,0.0,5,3,3,255,161,274,128,128,144,6/30/2014,7/19/2014,8/26/2014,0,0,130,,,,,,,,,,,,,,,,,,,0.0,0.0,0.0,0.0,0.0,0.0,,,,,,,,,,0,0,0,0,0,0,0,0,0,0,0,0,,,,3536,0.0,0.0,0.0
7001025888,109,0.0,0.0,0.0,6/30/2014,7/31/2014,8/31/2014,219.639,129.581,192.622,15.51,25.63,52.64,235.51,155.41,260.99,0.0,0.0,0.0,0.0,0.0,0.0,6.11,7.99,26.03,48.01,26.28,36.31,0.0,4.28,0.0,0.0,0.0,0.0,54.13,38.56,62.34,9.39,17.63,26.61,187.49,124.84,224.68,0.0,0.0,0.0,0.0,0.0,0.0,196.89,142.48,251.29,0.0,0.0,0.0,0.03,0.0,0.0,0.0,0.0,0.0,251.06,181.04,313.64,39.98,32.73,37.94,45.63,97.84,85.34,3.91,13.74,7.56,89.53,144.33,130.86,0.0,0.0,0.08,2.54,19.38,17.81,0.0,0.61,0.0,0.0,0.0,0.0,2.54,19.99,17.89,92.08,164.33,148.76,0.0,0.0,0.0,0.0,0.0,0.0,0.0,0.0,0.0,5,1,5,296,110,363,110,110,130,6/22/2014,7/13/2014,8/31/2014,110,110,130,,,,,,,,,,,,,,,,,,,0.0,0.0,0.0,0.0,0.0,0.0,,,,,,,,,,0,0,0,0,0,0,0,0,0,0,0,0,,,,1893,0.0,0.0,0.0
7001630141,109,0.0,0.0,0.0,6/30/2014,7/31/2014,8/31/2014,79.442,57.243,118.866,5.46,15.81,8.71,79.76,73.24,152.46,0.2,20.71,0.0,0.0,54.41,0.0,4.61,7.31,8.71,30.38,3.49,32.41,0.0,0.0,0.0,1.16,0.0,0.0,34.99,10.81,41.13,0.85,0.0,0.0,48.21,23.83,112.96,0.0,0.0,0.0,0.0,0.0,0.0,49.06,23.83,112.96,0.0,0.0,0.0,1.16,0.0,7.08,0.0,0.0,0.0,85.23,34.64,161.18,27.04,22.63,119.19,35.88,27.44,181.68,0.0,0.0,0.0,62.93,50.08,300.88,5.95,0.73,4.21,13.16,47.44,60.99,0.0,0.26,0.0,0.0,0.0,0.0,19.11,48.44,65.21,88.16,98.53,367.94,0.0,0.0,0.0,6.08,0.0,0.0,0.03,0.0,1.84,4,6,7,90,100,175,30,50,65,6/23/2014,7/29/2014,8/31/2014,30,50,65,,,,,,,,,,,,,,,,,,,0.0,0.0,0.0,0.0,0.0,0.0,,,,,,,,,,0,0,0,0,0,0,0,0,0,0,0,0,,,,324,0.0,0.0,0.0
7001170179,109,0.0,0.0,0.0,6/30/2014,7/31/2014,8/31/2014,1033.521,453.408,391.577,21.59,27.44,43.31,44.78,71.48,25.34,0.0,0.0,0.0,0.0,0.0,0.0,7.11,7.03,0.69,27.13,21.31,15.43,3.78,0.0,0.0,0.0,0.0,0.0,38.03,28.34,16.13,14.48,20.41,42.61,13.48,39.33,9.91,0.0,0.0,0.0,0.0,0.0,0.0,27.96,59.74,52.53,0.0,0.0,0.0,1.13,10.83,0.0,0.0,0.0,0.0,67.13,98.93,68.66,12.39,7.93,13.38,49.48,31.01,27.78,2.28,2.66,2.66,64.16,41.61,43.83,12.64,3.43,21.33,6.65,0.0,0.38,0.0,1.15,0.0,0.0,0.0,0.0,19.29,4.58,21.71,83.61,46.19,65.54,0.15,0.0,0.0,0.0,0.0,0.0,0.0,0.0,0.0,14,9,4,1205,652,396,269,252,252,6/27/2014,7/25/2014,8/25/2014,110,0,0,6/26/2014,7/25/2014,8/9/2014,6.0,6.0,1.0,252.0,252.0,252.0,5.0,5.0,0.0,1.0,1.0,1.0,367.0,367.0,252.0,11.67,0.75,11.27,619.94,505.89,805.41,212.71,225.35,306.39,212.17,224.0,216.47,0.0,0.0,0.0,0,0,0,5,5,0,1,1,1,0,0,0,1.0,1.0,1.0,2372,342.85,347.9,65.8
7001565608,109,0.0,0.0,0.0,6/30/2014,7/31/2014,8/31/2014,152.48,106.34,116.651,90.84,60.49,55.98,49.29,35.31,47.13,0.0,0.0,0.0,0.0,0.0,0.0,8.83,4.51,5.21,31.39,25.16,33.79,0.68,0.5,0.81,0.0,0.08,0.0,40.91,30.18,39.83,82.01,55.98,50.76,16.79,9.56,12.51,0.0,0.0,0.0,0.0,0.0,0.0,98.81,65.54,63.28,0.0,0.0,0.0,0.41,0.11,0.0,1.48,0.0,0.0,141.63,95.84,103.11,15.48,8.86,2.89,37.38,38.38,28.59,0.0,0.0,0.45,52.86,47.24,31.94,157.09,150.29,159.73,77.63,85.66,19.49,0.0,0.0,0.0,0.0,0.0,0.0,234.73,235.96,179.23,287.59,283.39,211.18,0.0,0.0,0.0,0.0,0.0,0.0,0.0,0.18,0.0,17,15,12,160,120,130,20,10,20,6/27/2014,7/27/2014,8/30/2014,10,10,10,,,,,,,,,,,,,,,,,,,0.0,0.0,0.0,0.0,0.0,0.0,,,,,,,,,,0,0,0,0,0,0,0,0,0,0,0,0,,,,362,0.0,0.0,0.0
7001823621,109,0.0,0.0,0.0,6/30/2014,7/31/2014,8/31/2014,507.571,411.987,509.16,7.91,0.0,2.05,22.56,116.43,225.83,0.0,0.0,0.0,0.0,0.0,0.0,6.48,0.0,0.0,5.01,6.54,0.0,0.0,0.0,0.0,17.54,0.0,15.43,11.49,6.54,0.0,1.43,0.0,2.05,0.0,109.88,210.39,0.0,0.0,0.0,0.0,0.0,0.0,1.43,109.88,212.44,0.0,0.0,0.0,17.54,0.0,15.43,0.0,0.0,0.0,30.48,116.43,227.88,0.0,0.0,0.0,8.23,2.11,0.39,0.0,0.0,0.0,8.23,2.11,0.39,0.28,0.0,0.0,2.33,0.0,0.0,0.0,0.0,0.0,0.0,0.0,0.0,2.61,0.0,0.0,10.84,2.96,0.39,0.0,0.0,0.0,0.0,0.48,0.0,0.0,0.36,0.0,5,5,4,281,548,604,120,198,274,6/28/2014,7/29/2014,8/26/2014,120,130,274,6/1/2014,7/22/2014,8/26/2014,1.0,1.0,1.0,41.0,198.0,274.0,0.0,1.0,1.0,1.0,0.0,0.0,41.0,198.0,274.0,504.97,382.87,23.29,195.57,121.22,94.75,35.0,5.88,0.0,35.0,37.08,0.0,0.0,0.0,0.0,0,1,1,0,0,0,0,0,0,1,0,0,1.0,1.0,1.0,1650,0.0,10.91,0.0
7000645140,109,0.0,0.0,0.0,6/30/2014,7/31/2014,8/31/2014,1971.93,1135.94,892.202,99.24,107.74,42.54,327.31,226.83,215.38,0.0,0.0,0.0,0.0,0.0,0.0,41.63,10.96,18.81,58.86,32.78,94.68,0.0,0.2,0.0,0.0,0.0,0.0,100.49,43.94,113.49,57.61,96.78,23.73,13.84,48.73,25.08,0.0,0.0,0.0,0.0,0.0,0.0,71.46,145.51,48.81,248.48,142.13,91.79,8.03,10.01,7.94,5.88,0.0,0.0,434.36,341.61,262.06,109.81,150.18,123.33,413.23,443.96,554.53,37.58,94.78,21.29,560.63,688.93,699.16,42.94,78.88,5.53,15.63,25.73,31.16,0.0,0.0,0.0,0.0,0.0,0.0,58.58,104.61,36.69,993.13,1075.24,836.31,0.0,0.76,0.0,370.21,280.36,99.96,3.69,0.56,0.48,51,37,25,2281,1315,1026,110,110,144,6/30/2014,7/30/2014,8/31/2014,20,50,130,,,,,,,,,,,,,,,,,,,0.0,0.0,0.0,0.0,0.0,0.0,,,,,,,,,,0,0,0,0,0,0,0,0,0,0,0,0,,,,515,0.0,0.0,0.0
7001853158,109,0.0,0.0,0.0,6/30/2014,7/31/2014,8/31/2014,122.853,150.762,147.634,0.0,0.0,0.0,11.61,0.0,7.51,0.0,0.0,0.0,0.0,0.0,0.0,0.0,0.0,0.0,0.0,0.0,0.0,0.0,0.0,0.0,0.0,0.0,1.3,0.0,0.0,0.0,0.0,0.0,0.0,0.0,0.0,0.0,0.0,0.0,0.0,0.0,0.0,0.0,0.0,0.0,0.0,0.0,0.0,0.0,11.61,0.0,9.19,0.0,0.0,0.0,11.61,0.0,9.19,0.55,1.61,0.78,1.93,24.96,5.68,109.51,54.91,47.59,111.99,81.49,54.06,0.0,0.0,0.0,1.01,0.0,0.0,0.0,0.0,0.0,0.0,0.0,0.0,1.01,0.0,0.0,141.81,81.99,54.41,0.0,0.0,0.0,0.0,0.5,0.35,28.8,0.0,0.0,11,12,8,142,171,173,25,46,98,6/30/2014,7/28/2014,8/22/2014,17,46,98,6/30/2014,7/28/2014,8/22/2014,9.0,13.0,6.0,25.0,46.0,98.0,9.0,13.0,6.0,0.0,0.0,0.0,217.0,353.0,223.0,332.26,384.35,387.34,0.0,0.0,0.0,0.0,0.0,0.0,0.0,0.0,0.0,0.0,0.0,0.0,0,0,0,9,13,6,0,0,0,0,0,0,1.0,1.0,1.0,2853,0.0,0.0,0.0
7000164050,109,0.0,0.0,0.0,6/30/2014,7/31/2014,8/31/2014,177.82,211.6,200.02,3.19,2.01,8.63,12.23,19.56,38.36,0.0,0.0,0.0,0.0,0.0,0.0,3.19,2.01,8.63,10.54,19.56,38.36,0.0,0.0,0.0,0.0,0.0,0.0,13.74,21.58,46.99,0.0,0.0,0.0,1.68,0.0,0.0,0.0,0.0,0.0,0.0,0.0,0.0,1.68,0.0,0.0,0.0,0.0,0.0,0.0,0.0,0.0,0.0,0.0,0.0,15.43,21.58,46.99,10.04,8.78,8.43,9.84,27.89,15.34,2.18,4.76,0.41,22.08,41.44,24.19,0.0,0.0,0.0,0.0,0.0,0.0,0.0,0.0,0.0,0.0,0.0,0.0,0.0,0.0,0.0,22.08,41.44,24.19,0.0,0.0,0.0,0.0,0.0,0.0,0.0,0.0,0.0,2,4,3,0,300,200,0,300,200,6/12/2014,7/25/2014,8/26/2014,0,0,0,,,,,,,,,,,,,,,,,,,0.0,0.0,0.0,0.0,0.0,0.0,,,,,,,,,,0,0,0,0,0,0,0,0,0,0,0,0,,,,699,220.1,248.29,56.85
7000395074,109,0.0,0.0,0.0,6/30/2014,7/31/2014,8/31/2014,63.314,9.084,71.794,5.64,0.35,4.36,46.06,5.81,45.89,0.0,0.0,0.0,0.0,0.0,0.0,5.64,0.35,4.36,29.98,0.36,39.79,5.28,0.0,0.0,0.0,0.0,0.0,40.91,0.71,44.16,0.0,0.0,0.0,10.8,5.45,6.1,0.0,0.0,0.0,0.0,0.0,0.0,10.8,5.45,6.1,0.0,0.0,0.0,2.29,1.29,1.88,4.26,0.0,0.0,58.28,7.46,52.14,14.59,10.66,35.59,104.89,82.56,97.66,41.81,0.0,3.98,161.31,93.23,137.24,0.0,0.0,0.0,9.16,8.26,0.0,0.0,0.0,0.0,0.0,0.0,0.0,9.16,8.26,0.0,170.66,101.68,137.56,0.18,0.18,0.31,0.0,0.0,0.0,0.0,0.0,0.0,8,3,8,70,10,80,20,10,20,6/30/2014,7/30/2014,8/29/2014,20,0,10,,,,,,,,,,,,,,,,,,,0.0,0.0,0.0,0.0,0.0,0.0,,,,,,,,,,0,0,0,0,0,0,0,0,0,0,0,0,,,,705,0.0,0.0,0.0
7000662429,109,0.0,0.0,0.0,6/30/2014,7/31/2014,8/31/2014,625.664,430.699,917.922,252.53,225.48,163.91,181.64,128.49,102.31,4.13,0.0,50.96,11.2,0.0,61.63,171.23,134.84,75.14,143.64,104.49,69.21,16.64,10.66,3.76,0.0,0.0,0.0,331.53,250.01,148.13,71.31,90.63,49.64,6.73,5.13,5.89,2.53,0.0,0.0,0.0,0.0,0.0,80.58,95.76,55.54,0.0,0.0,0.0,10.86,8.2,0.91,0.0,0.0,0.0,422.98,353.98,204.59,77.36,118.74,88.19,111.99,85.66,54.81,1.5,2.39,0.61,190.86,206.81,143.63,6.61,0.91,1.89,2.59,1.56,8.08,0.0,0.0,0.0,0.0,0.0,0.0,9.21,2.48,9.98,201.73,210.84,153.61,0.41,0.0,0.0,0.0,0.0,0.0,1.23,1.54,0.0,16,15,21,674,545,1041,252,50,130,6/30/2014,7/31/2014,8/30/2014,30,50,98,6/18/2014,7/30/2014,8/30/2014,5.0,1.0,5.0,252.0,25.0,98.0,0.0,1.0,5.0,5.0,0.0,0.0,344.0,25.0,221.0,426.9,568.6,400.57,0.0,0.0,0.0,290.69,0.0,0.0,286.96,129.76,333.41,0.0,0.0,0.0,0,0,0,0,1,5,1,0,0,4,0,0,1.0,1.0,1.0,310,0.0,0.0,0.0
7000299610,109,0.0,0.0,0.0,6/30/2014,7/31/2014,8/31/2014,51.706,57.413,59.846,28.23,16.41,25.31,8.04,16.66,9.06,0.0,0.0,0.0,0.0,0.0,0.0,28.23,6.31,4.86,4.26,4.61,6.28,0.0,0.0,0.0,0.0,0.0,0.0,32.49,10.93,11.14,0.0,10.09,20.44,3.78,0.0,2.78,0.0,0.0,0.0,0.0,0.0,0.0,3.78,10.09,23.23,0.0,0.0,0.0,0.0,12.05,0.0,0.0,0.0,0.0,36.28,33.08,34.38,16.08,8.76,32.94,21.99,165.83,427.89,0.0,0.0,0.0,38.08,174.59,460.84,21.64,208.86,149.78,3.79,17.76,41.08,0.0,0.0,0.0,0.0,0.0,0.0,25.44,226.63,190.86,63.53,402.21,798.98,0.0,0.4,0.0,0.0,0.58,147.26,0.0,0.0,0.0,6,6,8,70,60,60,20,20,20,6/28/2014,7/21/2014,8/28/2014,20,10,0,,,,,,,,,,,,,,,,,,,0.0,0.0,0.0,0.0,0.0,0.0,,,,,,,,,,0,0,0,0,0,0,0,0,0,0,0,0,,,,200,0.0,0.0,0.0
7000372351,109,0.0,0.0,0.0,6/30/2014,7/31/2014,8/31/2014,159.909,271.738,213.445,28.13,61.48,33.06,91.03,167.66,227.96,0.0,0.0,0.0,0.0,0.0,0.0,13.51,52.54,23.81,60.53,105.51,159.13,0.0,1.23,0.0,0.0,0.75,0.0,74.04,159.29,182.94,14.61,8.93,9.24,30.49,60.16,68.83,0.0,0.0,0.0,0.0,0.0,0.0,45.11,69.09,78.08,0.0,0.0,0.0,8.24,7.08,5.66,5.38,0.0,0.0,132.79,235.48,266.69,9.59,10.09,4.93,98.48,92.24,139.88,0.63,3.64,0.68,108.71,105.99,145.49,17.38,0.0,0.0,2.01,24.44,13.43,0.0,0.0,0.0,0.0,0.0,0.0,19.39,24.44,13.43,128.36,130.44,158.99,0.24,0.0,0.06,0.0,0.0,0.0,0.0,0.0,0.0,10,19,6,170,310,300,30,50,130,6/30/2014,7/29/2014,8/24/2014,10,20,0,,,,,,,,,,,,,,,,,,,0.0,0.0,0.0,0.0,0.0,0.0,,,,,,,,,,0,0,0,0,0,0,0,0,0,0,0,0,,,,366,0.0,0.0,0.0
7002023420,109,0.0,0.0,0.0,6/30/2014,7/31/2014,8/31/2014,98.938,105.93,73.094,10.18,9.79,4.41,106.81,73.63,72.73,0.0,0.0,0.0,0.0,0.0,0.0,8.93,9.79,4.41,93.58,51.99,72.73,0.0,0.0,0.0,0.0,0.0,0.0,102.51,61.79,77.14,1.24,0.0,0.0,4.65,1.36,0.0,8.58,20.26,0.0,0.0,0.0,0.0,14.48,21.63,0.0,0.0,0.0,0.0,0.0,0.0,0.0,0.0,0.0,0.0,116.99,83.43,77.14,23.54,30.79,18.39,98.24,77.81,48.61,0.73,0.0,1.06,122.53,108.61,68.08,0.0,0.0,0.0,0.96,0.0,0.28,0.0,0.41,0.0,0.0,0.0,0.0,0.96,0.41,0.28,123.49,109.03,68.36,0.0,0.0,0.0,0.0,0.0,0.0,0.0,0.0,0.0,2,2,2,120,0,100,120,0,100,6/24/2014,7/27/2014,8/5/2014,120,0,0,,,,,,,,,,,,,,,,,,,0.0,0.0,0.0,0.0,0.0,0.0,,,,,,,,,,0,0,0,0,0,0,0,0,0,0,0,0,,,,1113,0.0,0.0,0.0
7001564266,109,0.0,0.0,0.0,6/30/2014,7/31/2014,8/31/2014,217.63,409.284,646.947,20.91,13.53,48.61,116.98,170.54,307.26,23.64,0.0,0.0,13.43,0.0,0.0,7.18,11.31,29.56,87.14,140.28,219.33,1.05,4.73,19.76,0.0,0.96,0.0,95.38,156.33,268.66,10.08,2.21,18.88,18.99,17.21,34.59,0.0,1.08,21.21,0.0,0.0,0.0,29.08,20.51,74.69,0.0,0.0,0.0,0.0,7.23,12.51,0.0,0.0,0.0,124.46,184.08,355.88,5.29,20.23,13.36,89.11,103.99,161.58,6.14,20.01,18.56,100.56,144.24,193.51,0.0,2.7,0.0,0.0,3.46,0.0,0.0,0.0,2.75,0.0,0.0,0.0,0.0,6.16,2.75,100.56,150.41,196.26,0.0,0.0,0.0,0.0,0.0,0.0,0.0,0.0,0.0,2,4,3,0,154,383,0,154,229,6/13/2014,7/16/2014,8/27/2014,0,0,229,,7/10/2014,8/2/2014,,1.0,1.0,,154.0,154.0,,1.0,1.0,,0.0,0.0,,154.0,154.0,0.0,1.52,971.54,0.0,904.1,19.36,,0.0,0.0,,0.0,0.01,,0.0,0.0,0,1,1,0,0,0,0,0,0,0,0,0,,1.0,1.0,3232,171.17,484.26,0.0
7001245960,109,0.0,0.0,0.0,6/30/2014,7/31/2014,8/31/2014,317.453,214.07,465.378,0.0,17.19,1.06,190.94,226.03,362.86,0.0,0.0,0.0,0.0,0.0,0.0,0.0,3.38,1.06,163.28,115.08,241.68,0.0,0.0,0.0,0.0,0.0,0.0,163.28,118.46,242.74,0.0,13.81,0.0,27.66,110.94,121.18,0.0,0.0,0.0,0.0,0.0,0.0,27.66,124.76,121.18,0.0,0.0,0.0,0.0,0.9,1.5,0.0,0.0,0.0,190.94,244.13,365.43,0.13,0.0,0.71,384.41,50.06,589.56,0.0,0.0,0.0,384.54,50.06,590.28,0.65,0.78,1.0,24.56,23.43,17.09,0.48,0.0,0.0,0.0,0.0,0.0,25.69,24.21,18.09,410.24,77.91,608.38,0.0,0.0,0.0,0.0,0.0,0.0,0.0,3.63,0.0,7,3,9,468,175,580,198,110,198,6/24/2014,7/27/2014,8/28/2014,120,65,61,6/23/2014,,8/4/2014,1.0,,1.0,198.0,,198.0,1.0,,1.0,0.0,,0.0,198.0,,198.0,1.21,0.0,0.0,376.37,0.0,82.66,-10.24,,0.0,0.0,,0.0,0.0,,0.0,1,0,1,0,0,0,0,0,0,0,0,0,1.0,,1.0,1252,0.0,32.42,5.13
7000259877,109,0.0,0.0,0.0,6/30/2014,7/31/2014,8/31/2014,0.08,0.0,298.684,0.0,0.0,15.73,0.58,0.0,117.78,0.0,0.0,0.0,0.0,0.0,0.0,0.0,0.0,1.11,0.06,0.0,8.31,0.0,0.0,0.0,0.0,0.0,2.98,0.06,0.0,9.43,0.0,0.0,14.61,0.0,0.0,106.48,0.0,0.0,0.0,0.0,0.0,0.0,0.0,0.0,121.09,0.0,0.0,0.0,0.51,0.0,32.91,1.29,0.0,0.0,1.88,0.0,163.44,2.71,0.0,1.0,8.78,0.0,13.99,0.0,0.0,0.0,11.49,0.0,14.99,3.05,0.0,21.09,0.26,0.96,10.53,0.0,0.0,0.0,0.0,0.0,0.0,3.31,0.96,31.63,15.14,1.11,47.18,0.15,0.15,0.55,0.0,0.0,0.0,0.18,0.0,0.0,1,2,22,0,0,343,0,0,30,6/17/2014,7/11/2014,8/31/2014,0,0,20,,,8/24/2014,,,6.0,,,25.0,,,6.0,,,0.0,,,118.0,0.0,0.0,358.04,0.0,0.0,0.0,,,0.0,,,68.44,,,0.0,0,0,0,0,0,6,0,0,0,0,0,0,,,1.0,277,0.0,0.0,0.0
7001082299,109,0.0,0.0,0.0,6/30/2014,7/31/2014,8/31/2014,105.556,122.758,0.0,2.06,27.53,0.0,158.03,192.76,0.0,0.0,0.0,0.0,0.0,0.0,0.0,0.0,0.15,0.0,1.34,5.36,0.0,0.0,0.0,0.0,0.0,0.61,0.0,1.34,5.51,0.0,2.06,27.38,0.0,156.68,186.78,0.0,0.0,0.0,0.0,0.0,0.0,0.0,158.74,214.16,0.0,0.0,0.0,0.0,0.0,0.61,0.0,0.0,0.0,0.0,160.09,220.29,0.0,0.0,0.0,0.0,7.76,14.81,9.21,0.43,1.31,2.63,8.19,16.13,11.84,206.46,153.94,90.88,3.25,5.71,1.68,0.0,0.0,0.0,0.0,0.0,0.0,209.71,159.66,92.56,217.91,175.79,104.41,0.0,0.0,0.0,0.0,0.0,0.0,0.0,0.0,0.0,5,3,2,136,130,0,50,110,0,6/23/2014,7/17/2014,8/24/2014,50,10,0,,,,,,,,,,,,,,,,,,,0.0,0.0,0.0,0.0,0.0,0.0,,,,,,,,,,0,0,0,0,0,0,0,0,0,0,0,0,,,,657,0.0,0.0,0.0
7001994415,109,0.0,0.0,0.0,6/30/2014,7/31/2014,8/31/2014,290.774,299.219,282.182,40.21,45.91,49.81,287.91,269.58,301.68,0.0,14.59,0.0,0.0,10.21,0.0,38.09,39.73,43.88,219.21,209.96,235.83,21.93,22.36,12.99,0.0,0.0,0.0,279.24,272.06,292.71,2.11,4.28,5.93,46.61,22.29,50.76,0.15,6.63,2.08,0.0,0.0,0.0,48.88,33.21,58.78,0.0,0.0,0.0,0.0,0.0,0.0,0.0,0.0,0.0,328.13,305.28,351.49,31.78,44.96,49.26,126.71,122.74,175.21,34.96,27.58,23.53,193.46,195.29,248.01,9.4,1.46,0.74,15.48,0.44,20.48,0.0,0.0,0.0,0.0,0.0,0.0,24.88,1.91,21.23,218.34,197.21,269.24,0.0,0.0,0.0,0.0,0.0,0.0,0.0,0.0,0.0,3,5,2,250,339,398,250,229,398,6/27/2014,7/26/2014,8/5/2014,0,110,398,,,,,,,,,,,,,,,,,,,0.0,0.0,0.0,0.0,0.0,0.0,,,,,,,,,,0,0,0,0,0,0,0,0,0,0,0,0,,,,2458,0.0,0.0,0.0
7000816866,109,0.0,0.0,0.0,6/30/2014,7/31/2014,8/31/2014,87.65,464.673,446.922,42.23,570.68,533.81,10.51,127.59,106.54,6.6,0.0,0.0,0.0,0.0,0.0,0.0,0.0,9.49,5.23,5.49,15.51,0.0,0.0,0.65,0.0,0.0,0.0,5.23,5.49,25.66,42.23,570.68,524.31,5.28,122.09,90.38,0.0,0.0,0.0,0.0,0.0,0.0,47.51,692.78,614.69,0.0,0.0,0.0,0.0,0.0,0.0,0.0,0.0,0.0,52.74,698.28,640.36,1.83,0.0,9.23,17.93,4.01,13.84,0.15,0.46,0.0,19.91,4.48,23.08,0.35,0.86,5.61,6.71,0.0,11.79,0.0,0.0,0.0,0.0,0.0,0.0,7.06,0.86,17.41,26.98,5.34,40.49,0.0,0.0,0.0,0.0,0.0,0.0,0.0,0.0,0.0,3,22,20,80,546,496,50,50,50,6/24/2014,7/31/2014,8/31/2014,0,30,10,,,,,,,,,,,,,,,,,,,0.0,0.0,0.0,0.0,0.0,0.0,,,,,,,,,,0,0,0,0,0,0,0,0,0,0,0,0,,,,787,0.0,0.0,0.0
7001558497,109,0.0,0.0,0.0,6/30/2014,7/31/2014,8/31/2014,274.325,294.458,200.467,56.64,50.48,47.64,260.04,286.78,133.59,0.0,0.0,0.0,0.0,0.0,0.0,54.71,49.41,29.28,247.26,282.68,128.01,0.0,0.0,0.0,0.0,0.0,0.0,301.98,332.09,157.29,1.93,1.06,18.36,6.41,4.09,5.58,5.86,0.0,0.0,0.0,0.0,0.0,14.21,5.16,23.94,0.0,0.0,0.0,1.16,0.0,0.0,0.38,0.0,0.0,317.74,337.26,181.24,19.33,18.49,3.76,94.29,74.91,83.54,0.0,0.33,0.0,113.63,93.74,87.31,0.48,3.34,1.99,17.31,0.0,4.29,0.0,0.0,0.0,0.0,0.0,0.0,17.79,3.34,6.29,131.98,97.09,93.61,0.54,0.0,0.0,0.0,0.0,0.0,0.0,0.0,0.0,4,5,4,330,380,280,110,110,130,6/23/2014,7/27/2014,8/28/2014,110,50,50,,,,,,,,,,,,,,,,,,,0.0,0.0,0.0,0.0,0.0,0.0,,,,,,,,,,0,0,0,0,0,0,0,0,0,0,0,0,,,,401,0.0,0.0,0.0
7001095691,109,0.0,0.0,0.0,6/30/2014,7/31/2014,8/31/2014,622.601,585.332,690.241,265.94,274.99,431.58,774.11,1009.84,897.86,31.83,39.33,48.01,44.43,40.28,61.59,244.96,255.21,389.31,52.49,47.44,44.53,0.71,0.0,0.0,0.0,0.0,0.0,298.18,302.66,433.84,4.75,11.31,24.01,692.69,930.58,808.14,0.0,0.0,1.83,0.0,0.0,0.0,697.44,941.89,833.99,0.0,0.0,0.0,0.0,0.0,0.0,0.0,0.0,0.0,995.63,1244.56,1267.84,365.38,354.41,395.89,60.34,216.44,90.16,2.69,1.61,23.38,428.43,572.48,509.44,1.4,1.16,0.0,12.64,20.56,21.84,0.0,0.0,2.41,0.0,0.0,0.0,14.04,21.73,24.26,442.48,594.21,533.71,0.0,0.0,0.0,0.0,0.0,0.0,0.0,0.0,0.0,5,6,8,637,806,647,150,169,150,6/28/2014,7/29/2014,8/28/2014,150,169,130,,,,,,,,,,,,,,,,,,,0.0,0.0,0.0,0.0,0.0,0.0,,,,,,,,,,0,0,0,0,0,0,0,0,0,0,0,0,,,,494,0.0,0.0,0.0
7001703584,109,0.0,0.0,0.0,6/30/2014,7/31/2014,8/31/2014,66.627,97.746,87.966,0.48,0.4,5.03,9.69,11.33,13.88,0.0,0.0,0.0,0.0,0.0,0.0,0.48,0.4,5.03,7.34,10.66,11.38,0.0,0.0,0.0,0.0,0.0,0.0,7.83,11.06,16.41,0.0,0.0,0.0,2.34,0.66,2.5,0.0,0.0,0.0,0.0,0.0,0.0,2.34,0.66,2.5,0.0,0.0,0.0,0.0,0.0,0.0,0.0,0.0,0.0,10.18,11.73,18.91,0.95,1.94,0.71,17.98,10.28,5.79,0.0,0.0,0.21,18.93,12.23,6.73,0.0,0.0,0.0,2.88,4.46,0.0,0.2,0.33,0.0,0.0,0.0,0.0,3.08,4.79,0.0,22.01,17.03,6.73,0.0,0.0,0.0,0.0,0.0,0.0,0.0,0.0,0.0,4,5,5,80,115,130,50,55,50,6/17/2014,7/27/2014,8/27/2014,50,30,50,,,,,,,,,,,,,,,,,,,0.0,0.0,0.0,0.0,0.0,0.0,,,,,,,,,,0,0,0,0,0,0,0,0,0,0,0,0,,,,193,55.02,27.31,67.57
7001114964,109,0.0,0.0,0.0,6/30/2014,7/31/2014,8/31/2014,115.646,107.281,105.327,14.48,11.23,7.33,116.91,117.54,93.08,0.0,0.0,0.0,0.0,0.0,0.0,14.48,11.23,7.33,106.81,116.64,90.41,2.91,0.0,0.0,0.0,0.0,0.0,124.21,127.88,97.74,0.0,0.0,0.0,7.18,0.9,2.66,0.0,0.0,0.0,0.0,0.0,0.0,7.18,0.9,2.66,0.0,0.0,0.0,0.0,0.0,0.0,0.0,0.0,0.0,131.39,128.78,100.41,44.66,51.14,35.94,256.84,125.16,88.48,0.21,0.0,0.0,301.73,176.31,124.43,0.0,0.0,0.0,3.39,5.76,4.73,0.0,0.0,0.0,0.0,0.0,0.0,3.39,5.76,4.73,305.13,182.08,129.16,0.0,0.0,0.0,0.0,0.0,0.0,0.0,0.0,0.0,4,3,3,170,110,90,110,110,30,6/19/2014,7/24/2014,8/31/2014,110,0,30,,,,,,,,,,,,,,,,,,,0.0,0.0,0.0,0.0,0.0,0.0,,,,,,,,,,0,0,0,0,0,0,0,0,0,0,0,0,,,,2344,0.0,0.0,0.0
7000101887,109,0.0,0.0,0.0,6/30/2014,7/31/2014,8/31/2014,105.506,327.117,661.592,0.0,2.73,26.83,0.08,572.26,1067.76,0.0,0.0,0.0,0.0,0.0,0.0,0.0,2.73,8.48,0.0,69.34,36.81,0.0,0.64,4.36,0.08,1.81,0.88,0.0,72.73,49.66,0.0,0.0,18.34,0.0,500.44,1025.69,0.0,0.0,0.0,0.0,0.0,0.0,0.0,500.44,1044.04,0.0,0.0,0.0,0.08,1.81,0.88,0.0,0.0,0.0,0.08,574.99,1094.59,31.81,24.03,30.93,21.03,61.68,79.11,8.93,22.66,16.43,61.78,108.38,126.48,7.44,1.66,1.11,9.26,5.18,1.76,0.0,0.0,0.0,0.0,0.0,0.0,16.71,6.84,2.88,78.93,115.23,129.36,0.25,0.0,0.0,0.0,0.0,0.0,0.18,0.0,0.0,6,16,10,126,533,626,56,130,130,6/29/2014,7/31/2014,8/23/2014,56,130,130,6/29/2014,7/11/2014,8/23/2014,3.0,7.0,5.0,56.0,177.0,56.0,3.0,4.0,4.0,0.0,3.0,1.0,126.0,305.0,156.0,0.0,142.95,46.26,986.96,685.97,498.07,0.0,194.93,131.63,0.0,194.93,21.94,0.0,0.0,0.0,0,0,0,3,4,4,0,1,0,0,2,1,1.0,1.0,1.0,1452,119.62,528.03,0.0
7000804258,109,,,,6/30/2014,7/31/2014,8/31/2014,213.817,344.226,0.0,,,,,,,,,,,,,,,,,,,,,,,,,,,,,,,,,,,,,,,,,,,,,,,,,,,,0.0,0.0,0.0,,,,,,,,,,,,,,,,,,,,,,,,,,,,0.0,0.0,0.0,,,,,,,,,,2,3,1,252,406,0,252,252,0,6/6/2014,7/19/2014,8/26/2014,252,154,0,6/6/2014,7/19/2014,,1.0,2.0,,252.0,252.0,,0.0,1.0,,1.0,1.0,,252.0,406.0,,192.09,75.3,0.0,944.28,902.08,0.0,212.17,0.0,,212.17,0.0,,0.0,0.0,,0,1,0,0,0,0,1,1,0,0,0,0,1.0,1.0,,447,0.0,763.81,733.57
7001461954,109,0.0,0.0,0.0,6/30/2014,7/31/2014,8/31/2014,537.145,652.032,915.454,116.39,146.74,183.68,276.63,259.69,182.74,75.61,68.56,0.0,130.54,131.21,0.0,87.64,109.81,182.38,149.26,112.61,112.28,3.61,2.46,2.89,0.0,0.0,3.58,240.53,224.89,297.56,3.65,9.3,1.3,12.59,13.99,26.23,0.0,3.71,5.88,0.0,0.0,0.0,16.24,27.01,33.41,5.7,23.31,35.44,0.0,1.15,4.25,0.0,0.0,0.0,262.48,276.38,370.68,73.08,72.53,81.29,91.58,83.63,81.78,17.71,7.38,3.08,182.38,163.54,166.16,7.06,2.91,0.0,10.19,7.81,17.63,3.21,2.49,3.29,0.0,0.0,0.0,20.48,13.23,20.93,202.86,176.78,193.01,0.0,0.0,0.0,0.0,0.0,5.91,0.0,0.0,0.0,3,6,6,278,737,967,252,252,252,6/24/2014,7/30/2014,8/22/2014,252,150,130,6/24/2014,7/22/2014,8/15/2014,1.0,1.0,1.0,252.0,252.0,252.0,0.0,0.0,0.0,1.0,1.0,1.0,252.0,252.0,252.0,942.49,1224.59,796.67,0.0,0.0,0.0,212.17,212.17,212.17,213.45,220.1,441.31,0.0,0.0,0.0,0,0,0,0,0,0,1,1,1,0,0,0,1.0,1.0,1.0,2833,0.0,0.0,0.0
7001344589,109,0.0,0.0,0.0,6/30/2014,7/31/2014,8/31/2014,209.574,182.236,107.282,170.53,146.41,84.23,65.99,48.34,41.09,0.0,0.0,0.0,0.0,0.0,0.0,170.53,146.41,84.23,65.99,48.34,38.89,0.0,0.0,0.0,0.0,0.0,2.2,236.53,194.76,123.13,0.0,0.0,0.0,0.0,0.0,0.0,0.0,0.0,0.0,0.0,0.0,0.0,0.0,0.0,0.0,0.0,0.0,0.0,0.0,0.0,2.61,0.0,0.0,0.0,236.53,194.76,125.74,115.63,204.24,198.74,405.68,621.33,419.19,2.24,8.88,0.0,523.56,834.46,617.94,0.0,0.0,0.0,13.89,0.0,0.0,37.49,23.84,7.43,0.0,0.0,0.0,51.39,23.84,7.43,574.96,858.31,625.38,0.0,0.0,0.0,0.0,0.0,0.0,0.0,0.0,0.0,5,4,3,330,140,260,120,110,130,6/25/2014,7/23/2014,8/28/2014,120,110,130,,,,,,,,,,,,,,,,,,,0.0,0.0,0.0,0.0,0.0,0.0,,,,,,,,,,0,0,0,0,0,0,0,0,0,0,0,0,,,,3075,0.0,0.0,0.0
7002126250,109,0.0,0.0,0.0,6/30/2014,7/31/2014,8/31/2014,170.56,231.849,231.924,17.83,55.89,183.36,179.19,262.18,177.31,20.79,0.0,2.04,15.09,1.73,0.16,0.78,6.76,0.73,12.21,25.19,11.56,0.28,1.45,0.0,0.0,0.0,0.0,13.28,33.41,12.29,17.04,49.13,182.63,151.59,233.79,165.58,0.0,0.0,0.0,0.0,0.0,0.0,168.64,282.93,348.21,0.0,0.0,0.0,0.0,2.08,1.74,0.43,0.0,0.0,182.36,318.43,362.26,3.24,21.83,1.6,37.58,43.73,24.71,2.06,41.68,10.28,42.89,107.24,36.59,0.99,12.14,6.19,26.08,80.63,97.76,0.0,0.0,0.0,0.0,0.0,0.0,27.08,92.78,103.96,70.26,200.04,140.56,0.0,0.0,0.0,0.0,0.0,0.0,0.28,0.01,0.0,5,10,5,211,313,219,71,68,68,6/27/2014,7/31/2014,8/29/2014,44,65,42,,,,,,,,,,,,,,,,,,,0.0,0.0,0.0,0.0,0.0,0.0,,,,,,,,,,0,0,0,0,0,0,0,0,0,0,0,0,,,,2296,0.0,0.0,0.0
7000418680,109,0.0,0.0,0.0,6/30/2014,7/31/2014,8/31/2014,25.75,282.275,1074.398,0.94,50.59,258.44,12.34,143.86,1856.08,0.99,26.09,145.74,13.29,0.0,113.89,0.0,47.66,166.03,0.0,45.59,650.93,0.0,0.0,0.95,0.0,1.5,0.0,0.0,93.26,817.91,0.0,2.93,65.14,0.0,89.43,1115.63,0.0,0.0,0.0,0.0,0.0,0.0,0.0,92.36,1180.78,0.0,0.0,0.0,0.0,8.83,1.93,0.0,0.0,0.0,0.0,194.46,2000.63,0.0,48.98,130.53,0.0,37.19,177.09,0.0,0.0,2.1,0.0,86.18,309.73,0.0,0.0,20.18,0.0,38.14,166.49,0.0,0.0,0.0,0.0,0.0,0.0,0.0,38.14,186.68,0.0,124.33,496.54,0.0,0.0,0.0,0.0,0.0,0.0,0.0,0.0,0.13,0,6,8,0,471,1406,0,250,339,,7/19/2014,8/28/2014,0,0,250,,7/2/2014,,,1.0,,,56.0,,,1.0,,,0.0,,,56.0,,0.0,0.0,0.0,0.0,0.0,0.0,,0.0,,,0.0,,,0.0,,0,0,0,0,1,0,0,0,0,0,0,0,,0.0,,292,0.0,0.0,0.0
7001836399,109,0.0,0.0,0.0,6/30/2014,7/31/2014,8/31/2014,522.284,572.551,344.478,141.71,156.34,92.93,193.23,158.84,148.29,60.59,0.0,0.0,134.96,0.0,0.0,106.81,149.84,91.08,67.06,84.14,138.93,0.0,2.53,0.0,0.0,4.15,5.3,173.88,236.53,230.01,3.09,6.49,1.85,21.84,52.03,4.06,0.0,0.0,0.0,0.0,0.0,0.0,24.94,58.53,5.91,0.0,0.0,0.0,1.15,24.89,8.3,1.68,0.0,0.0,201.66,319.96,244.23,70.66,86.08,67.94,88.73,113.58,111.58,0.0,1.46,0.0,159.39,201.13,179.53,0.0,0.0,0.0,13.06,21.36,23.69,0.0,0.0,0.41,0.0,0.0,0.0,13.06,21.36,24.11,172.46,222.49,203.64,0.0,0.0,0.0,0.0,0.0,0.0,0.0,0.0,0.0,12,15,14,740,564,432,110,50,42,6/26/2014,7/30/2014,8/31/2014,110,30,42,,,,,,,,,,,,,,,,,,,0.0,0.0,0.0,0.0,0.0,0.0,,,,,,,,,,0,0,0,0,0,0,0,0,0,0,0,0,,,,2942,0.0,0.0,0.0
7000149316,109,0.0,0.0,0.0,6/30/2014,7/31/2014,8/31/2014,419.29,422.649,545.013,624.71,352.58,311.93,258.18,488.96,941.41,0.0,0.0,0.0,0.0,0.0,0.0,20.29,40.56,20.39,46.08,30.76,74.44,1.7,0.0,0.33,0.75,0.0,0.0,68.08,71.33,95.18,604.41,312.01,291.53,209.64,458.19,866.63,0.0,0.0,0.0,0.0,0.0,0.0,814.06,770.21,1158.16,0.0,0.0,0.0,0.75,0.0,0.0,0.0,0.0,0.0,882.89,841.54,1253.34,6.61,16.73,5.11,22.99,24.93,13.99,10.89,12.34,8.41,40.51,54.01,27.53,8.29,0.66,3.94,7.81,30.48,23.41,0.0,0.0,0.0,0.0,0.0,0.0,16.11,31.14,27.36,58.28,85.16,57.99,0.0,0.0,0.0,0.0,0.0,0.0,1.65,0.0,3.09,10,13,9,506,434,677,110,128,169,6/29/2014,7/27/2014,8/25/2014,110,110,0,,,,,,,,,,,,,,,,,,,0.0,0.0,0.0,0.0,0.0,0.0,,,,,,,,,,0,0,0,0,0,0,0,0,0,0,0,0,,,,495,0.0,0.0,0.0
7001655327,109,0.0,0.0,0.0,6/30/2014,7/31/2014,8/31/2014,662.551,1568.325,1054.913,151.03,37.73,30.41,352.24,1019.58,431.83,0.0,0.0,0.0,0.0,0.0,0.0,3.41,20.96,30.41,81.29,187.73,53.34,3.68,11.96,9.13,0.0,0.0,1.08,88.39,220.66,92.89,147.61,16.76,0.0,160.99,708.44,44.23,104.18,111.43,317.74,0.0,0.0,0.0,412.79,836.64,361.98,1.1,0.0,0.0,2.08,0.0,7.36,0.0,0.0,0.0,504.38,1057.31,462.24,4.3,14.31,32.16,92.44,115.59,103.48,0.0,0.0,1.45,96.74,129.91,137.09,39.08,1.28,3.2,37.83,46.61,3.49,39.03,54.44,0.0,0.0,0.0,0.0,115.94,102.34,6.69,212.69,233.74,190.16,0.0,0.0,0.0,0.0,1.48,46.36,0.0,0.0,0.0,5,10,6,1000,2093,1186,250,279,279,6/30/2014,7/31/2014,8/28/2014,250,279,252,,7/31/2014,8/28/2014,,3.0,2.0,,252.0,252.0,,0.0,0.0,,3.0,2.0,,756.0,397.0,0.0,8.97,10.28,0.0,2021.8,1631.0,,791.31,636.91,,638.05,334.24,,0.0,0.0,0,0,0,0,0,0,0,3,2,0,0,0,,1.0,1.0,2161,749.48,536.95,505.62
7002228846,109,0.0,0.0,0.0,6/30/2014,7/31/2014,8/31/2014,208.517,91.37,29.11,14.06,14.31,0.79,61.68,77.43,5.2,0.0,0.0,0.0,0.0,0.0,0.0,14.06,14.31,0.79,61.68,77.43,5.2,0.0,0.0,0.0,0.0,0.0,0.0,75.74,91.74,5.99,0.0,0.0,0.0,0.0,0.0,0.0,0.0,0.0,0.0,0.0,0.0,0.0,0.0,0.0,0.0,0.0,0.0,0.0,0.0,0.0,0.8,0.0,0.0,0.0,75.74,91.74,6.79,121.74,125.56,98.06,116.63,99.93,139.99,0.0,0.0,0.0,238.38,225.49,238.06,0.0,0.0,0.0,0.0,0.0,0.0,0.0,0.0,0.0,0.0,0.0,0.0,0.0,0.0,0.0,238.61,226.11,238.13,0.18,0.61,0.0,0.0,0.0,0.0,0.05,0.0,0.06,4,2,0,245,0,0,159,0,0,6/18/2014,7/17/2014,,86,0,0,,,,,,,,,,,,,,,,,,,0.0,0.0,0.0,0.0,0.0,0.0,,,,,,,,,,0,0,0,0,0,0,0,0,0,0,0,0,,,,319,0.0,0.0,0.0
7001495263,109,0.0,0.0,0.0,6/30/2014,7/31/2014,8/31/2014,208.663,67.048,184.536,29.06,11.59,21.09,184.01,73.59,151.24,0.0,0.0,0.0,0.0,0.0,0.0,29.06,11.59,21.09,183.66,72.78,146.06,0.35,0.81,0.68,0.0,0.0,1.18,213.08,85.19,167.84,0.0,0.0,0.0,0.0,0.0,0.0,0.0,0.0,0.0,0.0,0.0,0.0,0.0,0.0,0.0,0.0,0.0,0.0,0.0,3.76,6.16,0.0,0.0,0.0,213.08,88.96,174.01,63.19,37.31,68.06,234.98,225.01,206.23,51.44,10.29,41.11,349.63,272.63,315.41,0.0,0.0,0.0,0.0,0.0,2.03,0.0,1.26,0.0,0.0,0.0,0.0,0.0,1.26,2.03,349.63,273.89,317.44,0.0,0.0,0.0,0.0,0.0,0.0,0.0,0.0,0.0,3,5,4,188,70,218,110,30,130,6/22/2014,7/26/2014,8/9/2014,48,30,130,,,,,,,,,,,,,,,,,,,0.0,0.0,0.0,0.0,0.0,0.0,,,,,,,,,,0,0,0,0,0,0,0,0,0,0,0,0,,,,2503,0.0,0.0,0.0
7001670707,109,0.0,0.0,0.0,6/30/2014,7/31/2014,8/31/2014,287.072,256.717,274.024,82.46,53.86,67.63,224.41,185.98,190.79,0.0,0.0,0.0,0.0,0.0,0.0,73.14,49.48,63.59,190.89,129.56,154.23,17.43,29.61,25.78,0.0,0.0,0.0,281.48,208.66,243.61,9.31,4.38,4.03,8.54,22.41,3.11,7.53,4.38,7.66,0.0,0.0,0.0,25.39,31.18,14.81,0.0,0.0,0.0,0.0,0.0,0.0,0.0,0.0,0.0,306.88,239.84,258.43,27.19,19.98,28.59,96.66,77.03,72.53,6.86,15.61,15.93,130.73,112.63,117.06,5.18,1.63,3.64,17.31,31.83,6.83,0.0,0.0,0.0,0.0,0.0,0.0,22.49,33.46,10.48,153.23,146.09,127.54,0.0,0.0,0.0,0.0,0.0,0.0,0.0,0.0,0.0,8,6,7,360,246,360,110,100,110,6/28/2014,7/20/2014,8/30/2014,50,86,50,,,,,,,,,,,,,,,,,,,0.0,0.0,0.0,0.0,0.0,0.0,,,,,,,,,,0,0,0,0,0,0,0,0,0,0,0,0,,,,2243,0.0,0.0,0.0
7001699863,109,0.0,0.0,0.0,6/30/2014,7/31/2014,8/31/2014,1077.586,534.461,539.59,688.63,365.11,358.64,561.98,231.63,263.06,0.0,0.0,0.0,0.0,0.0,0.0,34.29,57.33,52.49,274.04,187.18,192.11,4.39,0.0,0.0,0.0,0.0,0.0,312.74,244.51,244.61,654.33,307.78,306.14,283.53,43.89,70.94,0.0,0.0,0.0,0.0,0.0,0.0,937.86,351.68,377.09,0.0,0.55,0.0,0.0,0.0,0.0,0.0,0.0,0.0,1250.61,596.74,621.71,32.53,32.69,46.68,152.56,119.16,191.01,7.24,20.63,13.46,192.34,172.49,251.16,4.03,6.28,9.08,8.43,7.04,1.56,0.0,0.0,0.0,0.0,0.0,0.0,12.46,13.33,10.64,204.81,185.83,261.81,0.0,0.0,0.0,0.0,0.0,0.0,0.0,0.0,0.0,13,8,5,1320,680,650,110,130,130,6/27/2014,7/30/2014,8/31/2014,110,130,130,,,,,,,,,,,,,,,,,,,0.0,0.0,0.0,0.0,0.0,0.0,,,,,,,,,,0,0,0,0,0,0,0,0,0,0,0,0,,,,2393,0.0,0.0,0.0
7001986114,109,0.0,0.0,0.0,6/30/2014,7/31/2014,8/31/2014,1301.921,2613.91,2466.737,18.84,14.48,26.13,482.11,631.04,571.21,0.0,0.0,0.0,0.0,0.0,0.0,5.28,12.76,20.38,207.04,162.03,178.89,45.71,86.09,62.49,0.0,0.0,0.0,258.04,260.89,261.78,12.54,1.71,5.74,225.88,371.91,329.81,3.46,7.43,0.0,0.0,0.0,0.0,241.89,381.06,335.56,56.59,57.83,74.34,0.0,0.0,0.0,0.0,0.0,0.0,556.54,699.79,671.69,10.09,45.74,27.71,86.96,100.91,128.24,1.16,3.11,6.39,98.23,149.78,162.36,8.43,4.29,4.08,109.69,165.33,157.93,0.0,0.0,0.55,0.0,0.0,0.0,118.13,169.63,162.56,236.71,334.39,345.28,0.0,0.0,0.0,20.34,13.98,18.93,0.0,0.99,1.41,5,1,3,3205,1649,4085,1649,1649,3299,6/24/2014,7/17/2014,8/25/2014,1649,1649,0,6/2/2014,,,2.0,,,152.0,,,1.0,,,1.0,,,304.0,,,12.26,0.0,0.0,0.0,0.0,0.0,63.96,,,79.66,,,0.0,,,0,0,0,1,0,0,0,0,0,1,0,0,1.0,,,663,0.0,0.0,0.0
7002040895,109,0.0,0.0,0.0,6/30/2014,7/31/2014,8/31/2014,7.42,2.3,224.018,10.86,2.63,128.81,1.51,1.23,72.64,0.0,0.0,50.64,0.9,3.86,190.43,2.5,0.0,0.0,0.0,0.0,0.0,0.0,0.0,0.0,0.0,0.0,5.06,2.5,0.0,0.0,7.46,0.0,5.81,1.51,0.0,5.21,0.0,0.0,0.0,0.0,0.0,0.0,8.98,0.0,11.03,0.0,0.0,0.0,0.0,0.0,0.0,0.0,0.0,0.0,11.48,0.0,11.03,0.63,0.0,0.0,0.0,0.0,0.0,0.0,0.0,0.0,0.63,0.0,0.0,0.0,0.0,0.0,0.0,0.0,0.78,0.0,0.0,0.0,0.0,0.0,0.0,0.0,0.0,0.78,0.63,0.0,0.78,0.0,0.0,0.0,0.0,0.0,0.0,0.0,0.0,0.0,2,2,7,0,0,250,0,0,50,6/24/2014,7/22/2014,8/29/2014,0,0,0,,,,,,,,,,,,,,,,,,,0.0,0.0,0.0,0.0,0.0,0.0,,,,,,,,,,0,0,0,0,0,0,0,0,0,0,0,0,,,,1150,0.0,0.0,0.0
7000291428,109,0.0,0.0,0.0,6/30/2014,7/31/2014,8/31/2014,329.952,233.48,27.432,10.98,38.24,16.56,49.51,52.89,54.99,0.0,0.0,0.0,0.0,0.0,0.0,10.98,38.24,16.56,31.88,40.74,47.66,17.28,12.14,7.33,0.0,0.0,0.0,60.14,91.14,71.56,0.0,0.0,0.0,0.0,0.0,0.0,0.35,0.0,0.0,0.0,0.0,0.0,0.35,0.0,0.0,0.0,0.0,0.0,0.0,0.0,0.0,0.0,0.0,0.0,60.49,91.14,71.56,73.74,149.29,104.99,73.93,273.14,138.99,9.61,31.89,56.31,157.29,454.34,300.31,7.81,0.0,0.0,12.41,0.0,0.66,1.1,0.0,27.68,0.0,0.0,0.0,21.33,0.0,28.34,178.63,454.34,328.66,0.0,0.0,0.0,0.0,0.0,0.0,0.0,0.0,0.0,5,3,1,308,154,150,154,154,150,6/30/2014,7/30/2014,8/19/2014,154,154,150,6/30/2014,7/30/2014,,2.0,1.0,,154.0,154.0,,2.0,1.0,,0.0,0.0,,308.0,154.0,,533.6,716.09,0.0,0.0,0.0,0.0,0.0,0.0,,0.01,5.11,,0.0,0.0,,2,1,0,0,0,0,0,0,0,0,0,0,1.0,1.0,,1396,0.0,0.0,0.0
7001869674,109,0.0,0.0,0.0,6/30/2014,7/31/2014,8/31/2014,6.02,234.934,169.082,0.0,321.71,211.94,0.0,53.88,29.26,7.05,0.0,0.0,0.0,0.0,0.0,0.0,11.23,9.63,0.0,5.68,4.78,0.0,0.5,0.0,0.0,0.0,0.0,0.0,17.41,14.41,0.0,310.48,202.31,0.0,34.66,24.48,0.0,0.0,0.0,0.0,0.0,0.0,0.0,345.14,226.79,0.0,0.0,0.0,0.0,13.03,0.26,0.0,0.0,0.0,0.0,375.59,241.48,0.0,32.31,20.51,0.0,7.44,12.18,0.0,26.29,9.93,0.0,66.06,42.63,0.0,264.69,152.09,0.0,41.49,19.94,0.0,0.0,2.43,0.0,0.0,0.0,0.0,306.19,174.48,0.0,372.26,217.11,0.0,0.0,0.0,0.0,0.0,0.0,0.0,0.0,0.0,1,8,5,0,306,296,0,110,130,6/18/2014,7/27/2014,8/29/2014,0,110,130,,,,,,,,,,,,,,,,,,,0.0,0.0,0.0,0.0,0.0,0.0,,,,,,,,,,0,0,0,0,0,0,0,0,0,0,0,0,,,,836,0.0,0.0,0.0
7000759041,109,0.0,0.0,0.0,6/30/2014,7/31/2014,8/31/2014,304.511,13.897,148.647,23.53,0.0,11.94,260.66,16.44,48.03,250.89,24.34,102.53,284.19,16.44,59.98,0.0,0.0,0.0,0.0,0.0,0.0,0.0,0.0,0.0,0.0,0.0,0.0,0.0,0.0,0.0,0.0,0.0,0.0,0.0,0.0,0.0,0.0,0.0,0.0,0.0,0.0,0.0,0.0,0.0,0.0,0.0,0.0,0.0,0.0,0.0,0.0,0.0,0.0,0.0,0.0,0.0,0.0,0.0,0.0,0.0,0.0,0.0,0.0,0.0,0.0,0.0,0.0,0.0,0.0,0.0,0.0,0.0,0.0,0.0,0.0,0.0,0.0,0.0,0.0,0.0,0.0,0.0,0.0,0.0,0.0,0.0,0.0,0.0,0.0,0.0,0.0,0.0,0.0,0.0,0.0,0.0,3,2,1,226,200,200,200,200,200,6/13/2014,7/21/2014,8/31/2014,0,200,200,,,,,,,,,,,,,,,,,,,0.0,0.0,0.0,0.0,0.0,0.0,,,,,,,,,,0,0,0,0,0,0,0,0,0,0,0,0,,,,1078,0.0,0.0,0.0
7001738615,109,0.0,0.0,0.0,6/30/2014,7/31/2014,8/31/2014,136.726,135.55,130.429,0.0,0.34,0.0,0.0,0.6,0.0,0.0,0.0,0.0,0.0,0.0,0.0,0.0,0.34,0.0,0.0,0.6,0.0,0.0,0.0,0.0,0.0,0.0,0.0,0.0,0.94,0.0,0.0,0.0,0.0,0.0,0.0,0.0,0.0,0.0,0.0,0.0,0.0,0.0,0.0,0.0,0.0,0.0,0.0,0.0,0.0,0.0,0.0,0.0,0.0,0.0,0.0,0.94,0.0,2.88,71.29,21.23,43.14,94.03,29.83,1.71,0.41,0.61,47.74,165.74,51.68,0.0,0.0,0.0,0.0,2.13,0.0,0.53,0.0,0.0,0.0,0.0,0.0,0.53,2.13,0.0,48.28,167.88,52.44,0.0,0.0,0.0,0.0,0.0,0.41,0.0,0.0,0.35,4,2,2,164,154,154,154,154,154,6/27/2014,7/25/2014,8/24/2014,10,154,154,6/26/2014,7/25/2014,8/24/2014,1.0,1.0,1.0,154.0,154.0,154.0,1.0,1.0,1.0,0.0,0.0,0.0,154.0,154.0,154.0,10.77,249.42,262.37,0.0,0.0,58.5,0.0,0.0,0.0,0.0,0.0,0.0,0.0,0.0,0.0,1,1,1,0,0,0,0,0,0,0,0,0,1.0,1.0,1.0,2427,87.21,0.0,0.0
7001530032,109,0.0,0.0,0.0,6/30/2014,7/31/2014,8/31/2014,186.238,194.681,376.344,32.84,26.36,117.76,232.36,275.23,426.73,0.0,0.0,0.0,0.0,0.0,0.0,9.18,13.84,34.18,173.03,249.31,349.48,33.73,16.26,33.39,0.0,0.0,0.0,215.94,279.43,417.06,23.66,12.51,83.58,23.38,7.64,37.63,2.21,2.0,6.21,0.0,0.0,0.0,49.26,22.16,127.43,0.0,0.0,0.0,0.0,0.0,0.0,0.0,0.0,0.0,265.21,301.59,544.49,18.58,17.28,43.39,197.28,284.19,578.46,17.13,28.33,90.48,232.99,329.81,712.34,1.28,6.88,9.46,27.63,29.73,28.66,0.0,0.0,17.14,0.0,0.0,0.0,28.91,36.61,55.28,261.91,366.43,767.63,0.0,0.0,0.0,0.0,0.0,0.0,0.0,0.0,0.0,4,5,7,273,283,329,120,130,130,6/28/2014,7/30/2014,8/29/2014,120,130,0,,,,,,,,,,,,,,,,,,,0.0,0.0,0.0,0.0,0.0,0.0,,,,,,,,,,0,0,0,0,0,0,0,0,0,0,0,0,,,,1920,0.0,0.0,0.0
7000954476,109,0.0,0.0,0.0,6/30/2014,7/31/2014,8/31/2014,-5.0,414.465,385.684,,124.86,95.48,,476.03,450.38,,0.0,0.0,,1.96,0.0,,53.23,78.49,,211.83,213.83,,0.0,0.0,,3.3,6.41,,265.06,292.33,,71.63,16.98,,257.53,230.13,,0.0,0.0,,0.0,0.0,,329.16,247.11,,0.0,0.0,,4.7,12.31,,0.0,0.0,0.0,598.93,551.76,,26.29,53.08,,81.63,109.81,,0.0,0.0,,107.93,162.89,,26.26,33.86,,65.44,57.73,,0.0,0.0,,0.0,0.0,,91.71,91.59,0.0,199.64,254.49,,0.0,0.0,,0.0,0.0,,0.0,0.0,1,8,9,0,542,393,0,128,130,6/17/2014,7/29/2014,8/29/2014,0,128,50,,,,,,,,,,,,,,,,,,,0.0,0.0,0.0,0.0,0.0,0.0,,,,,,,,,,0,0,0,0,0,0,0,0,0,0,0,0,,,,619,0.0,0.0,0.0
7002382071,109,0.0,0.0,0.0,6/30/2014,7/31/2014,8/31/2014,921.935,702.293,641.774,341.11,68.41,102.89,518.74,552.58,494.26,0.0,0.0,10.04,0.0,0.0,0.48,66.91,53.34,54.39,421.21,398.28,307.01,0.0,0.0,0.0,0.0,0.0,2.23,488.13,451.63,361.41,274.19,15.06,48.49,97.53,154.29,186.76,0.0,0.0,0.0,0.0,0.0,0.0,371.73,169.36,235.26,0.0,0.0,0.0,0.0,0.0,2.23,0.0,0.0,0.0,859.86,620.99,598.91,133.99,71.13,74.29,515.81,589.69,481.04,1.56,3.03,9.01,651.38,663.86,564.36,112.63,25.14,15.04,18.39,36.66,26.96,0.4,0.9,0.0,0.0,0.0,0.0,131.43,62.71,42.01,782.81,726.68,606.78,0.0,0.0,0.0,0.0,0.0,0.0,0.0,0.1,0.4,41,32,28,1060,783,740,30,50,50,6/30/2014,7/31/2014,8/30/2014,30,10,30,,,,,,,,,,,,,,,,,,,0.0,0.0,0.0,0.0,0.0,0.0,,,,,,,,,,0,0,0,0,0,0,0,0,0,0,0,0,,,,1470,0.0,0.0,0.0
7001948024,109,0.0,0.0,0.0,6/30/2014,7/31/2014,8/31/2014,414.58,-5.0,1.75,77.91,,0.0,227.53,,0.81,18.03,,0.4,7.13,,0.81,12.83,,0.0,119.83,,0.0,0.0,,0.0,0.0,,0.0,132.66,,0.0,62.73,,0.0,102.91,,0.0,0.0,,0.0,0.0,,0.0,165.64,,0.0,0.0,,0.0,0.0,,0.0,1.68,,0.0,299.99,0.0,0.0,10.38,,0.0,147.26,,0.0,6.28,,0.0,163.93,,0.0,21.28,,0.0,212.31,,0.0,0.0,,0.0,0.0,,0.0,233.59,,0.0,397.53,0.0,0.0,0.0,,0.0,0.0,,0.0,0.0,,0.0,26,5,3,465,0,0,50,0,0,6/23/2014,7/15/2014,8/28/2014,50,0,0,6/23/2014,,,7.0,,,25.0,,,7.0,,,0.0,,,175.0,,,153.66,0.0,0.0,0.01,0.0,0.0,0.0,,,14.4,,,0.0,,,0,0,0,7,0,0,0,0,0,0,0,0,1.0,,,431,0.0,0.0,0.0
7002319051,109,0.0,0.0,0.0,6/30/2014,7/31/2014,8/31/2014,831.44,809.13,796.84,489.74,387.78,290.41,911.78,774.29,970.26,0.0,69.41,1.26,0.0,25.14,0.88,339.13,271.51,207.66,738.03,666.94,757.88,30.74,11.11,27.66,0.0,0.0,8.33,1107.91,949.58,993.21,150.54,96.03,81.41,143.06,84.36,132.54,0.0,0.86,2.71,0.0,0.0,0.0,293.61,181.26,216.68,0.0,0.0,0.0,0.0,6.08,50.99,0.0,0.0,0.0,1401.53,1136.93,1260.89,233.76,238.64,349.81,1779.36,1300.29,951.08,225.06,145.88,91.01,2238.19,1684.83,1391.91,375.56,322.26,269.08,172.56,169.16,423.78,138.53,128.73,57.71,0.0,0.0,0.0,686.66,620.16,750.58,2924.86,2328.89,2162.86,0.0,0.0,0.0,0.0,23.89,20.36,0.0,0.0,0.0,12,10,10,880,810,750,110,150,150,6/30/2014,7/30/2014,8/30/2014,110,150,150,6/30/2014,7/20/2014,8/20/2014,2.0,1.0,2.0,46.0,46.0,154.0,2.0,1.0,2.0,0.0,0.0,0.0,92.0,46.0,200.0,49.73,94.92,30.14,0.0,0.0,179.33,0.0,0.0,1.16,0.4,0.73,0.6,0.0,0.0,0.0,0,0,1,2,1,1,0,0,0,0,0,0,1.0,1.0,1.0,674,162.74,0.0,0.0
7000032146,109,0.0,0.0,0.0,6/30/2014,7/31/2014,8/31/2014,1223.956,361.323,18.0,699.79,33.41,,901.94,341.64,,1107.39,1193.39,,493.33,255.11,,31.91,3.13,,309.48,104.65,,0.0,0.0,,0.0,0.0,,341.39,107.78,,635.54,10.94,,131.48,1.21,,0.0,0.0,,0.0,0.0,,767.03,12.16,,0.0,0.0,,4.79,0.38,,1.21,0.0,,1114.44,120.33,0.0,62.84,4.48,,1424.51,180.29,,0.0,0.0,,1487.36,184.78,,174.34,0.44,,278.96,14.59,,0.0,0.0,,0.0,0.0,,453.31,15.04,,1940.78,199.83,0.0,0.1,0.0,,0.0,0.0,,0.0,0.0,,19,9,1,1493,400,0,128,120,0,6/28/2014,7/10/2014,8/25/2014,70,0,0,,,,,,,,,,,,,,,,,,,0.0,0.0,0.0,0.0,0.0,0.0,,,,,,,,,,0,0,0,0,0,0,0,0,0,0,0,0,,,,258,0.0,0.0,0.0
7002393450,109,0.0,0.0,0.0,6/30/2014,7/31/2014,8/31/2014,87.198,110.16,62.545,14.44,14.39,12.84,77.44,86.14,41.84,0.0,0.0,0.0,0.0,0.0,0.0,14.44,14.39,12.84,65.64,78.74,41.84,0.0,0.0,0.0,0.0,0.0,0.0,80.09,93.14,54.69,0.0,0.0,0.0,3.8,4.73,0.0,0.0,2.66,0.0,0.0,0.0,0.0,3.8,7.39,0.0,0.0,0.0,0.0,8.0,0.0,0.0,0.0,0.0,0.0,91.89,100.54,54.69,25.49,31.53,15.99,74.36,163.71,120.53,0.0,0.0,0.0,99.86,195.24,136.53,0.0,0.0,0.0,0.0,9.96,0.61,46.16,46.08,14.11,0.0,0.0,0.0,46.16,56.04,14.73,147.64,251.49,151.26,0.0,0.0,0.0,0.0,0.0,0.0,1.61,0.2,0.0,5,6,4,90,120,90,30,30,30,6/25/2014,7/29/2014,8/30/2014,30,30,30,,,,,,,,,,,,,,,,,,,0.0,0.0,0.0,0.0,0.0,0.0,,,,,,,,,,0,0,0,0,0,0,0,0,0,0,0,0,,,,2314,0.0,0.0,0.0
7000701107,109,0.0,0.0,0.0,6/30/2014,7/31/2014,8/31/2014,307.482,327.34,123.07,38.26,24.58,30.98,164.28,207.33,60.61,0.0,0.0,0.0,0.0,0.0,0.0,29.64,22.54,20.04,142.59,173.96,58.81,11.19,7.59,1.79,0.0,6.31,0.0,183.44,204.11,80.66,8.61,2.03,10.93,5.14,0.0,0.0,0.0,19.45,0.0,0.0,0.0,0.0,13.76,21.48,10.93,5.31,0.0,0.0,0.01,6.31,0.0,0.0,0.0,0.0,202.54,231.91,91.59,20.09,10.18,23.54,137.01,121.11,89.36,43.46,42.86,56.24,200.58,174.16,169.16,35.48,10.51,8.91,4.01,0.56,0.78,4.34,10.54,24.63,0.0,0.0,0.0,43.84,21.63,34.33,244.43,195.79,207.69,0.0,0.0,0.0,0.0,0.0,4.2,0.0,0.0,0.0,8,4,0,635,250,0,250,250,0,6/20/2014,7/31/2014,,250,0,0,,7/20/2014,,,1.0,,,33.0,,,1.0,,,0.0,,,33.0,,0.0,0.03,0.0,0.0,19.03,0.0,,58.35,,,0.1,,,0.0,,0,0,0,0,1,0,0,0,0,0,0,0,,1.0,,2045,0.0,0.0,0.0
7001652295,109,0.0,0.0,0.0,6/30/2014,7/31/2014,8/31/2014,311.552,346.881,251.301,716.89,733.14,646.21,8.04,9.06,3.58,0.0,0.0,0.0,0.0,0.0,0.0,7.39,1.96,6.78,8.04,5.01,0.0,0.0,0.0,0.0,0.0,0.0,0.0,15.44,6.98,6.78,709.49,731.18,639.43,0.0,4.05,3.58,0.0,0.0,0.0,0.0,0.0,0.0,709.49,735.23,643.01,0.0,0.01,0.0,0.0,0.0,0.0,0.0,0.0,0.0,724.94,742.23,649.79,9.99,8.64,4.81,3.51,1.98,0.88,0.0,1.86,0.0,13.51,12.49,5.69,0.1,5.93,5.69,0.0,0.0,0.0,0.0,0.0,0.0,0.0,0.0,0.0,0.1,5.93,5.69,13.89,24.96,11.39,0.28,0.0,0.0,0.0,0.0,0.0,0.0,6.53,0.0,4,8,9,346,366,386,110,110,130,6/25/2014,7/25/2014,8/27/2014,110,0,130,,,,,,,,,,,,,,,,,,,0.0,0.0,0.0,0.0,0.0,0.0,,,,,,,,,,0,0,0,0,0,0,0,0,0,0,0,0,,,,591,0.0,0.0,0.0
7000370338,109,0.0,0.0,0.0,6/30/2014,7/31/2014,8/31/2014,927.765,1193.394,631.025,125.29,206.09,327.33,1235.08,1100.54,348.08,0.0,14.54,78.78,0.0,33.88,188.43,67.66,58.39,40.34,112.61,156.53,73.34,0.0,2.34,7.16,1.1,0.0,0.0,180.28,217.28,120.86,57.63,134.69,189.73,1121.36,920.78,176.38,0.0,0.0,0.0,0.0,0.0,0.0,1178.99,1055.48,366.11,0.0,0.0,0.0,1.99,2.79,0.0,2.79,0.0,0.0,1364.08,1275.56,486.98,24.28,18.99,9.73,75.64,79.54,34.14,0.53,0.0,3.51,100.46,98.54,47.39,19.78,60.41,6.59,58.26,23.03,4.11,0.0,0.0,0.0,0.0,0.0,0.0,78.04,83.44,10.71,178.66,182.11,58.11,0.15,0.0,0.0,0.0,0.0,0.0,0.0,0.11,0.0,16,18,11,1147,1342,898,110,110,239,6/29/2014,7/31/2014,8/25/2014,110,70,239,6/29/2014,7/7/2014,8/17/2014,3.0,1.0,1.0,23.0,23.0,154.0,3.0,1.0,1.0,0.0,0.0,0.0,69.0,23.0,154.0,82.29,76.9,299.73,1154.27,1063.01,874.31,22.71,64.0,0.24,95.0,232.24,105.41,0.0,0.0,0.0,0,0,1,3,1,0,0,0,0,0,0,0,1.0,1.0,1.0,355,123.95,79.31,189.75
7002290183,109,0.0,0.0,0.0,6/30/2014,7/31/2014,8/31/2014,10.19,156.226,243.325,17.0,203.76,363.34,0.98,1.7,0.33,0.0,0.0,0.0,0.0,0.0,0.0,0.0,10.71,21.01,0.0,1.7,0.33,0.0,0.0,0.0,0.98,0.0,0.0,0.0,12.41,21.34,17.0,193.04,342.33,0.0,0.0,0.0,0.0,0.0,0.0,0.0,0.0,0.0,17.0,193.04,342.33,0.0,0.0,0.0,0.98,0.8,0.0,0.0,0.0,0.0,17.98,206.26,363.68,0.0,17.11,18.23,0.0,10.59,3.93,0.0,0.0,0.0,0.0,27.71,22.16,0.0,6.9,1.19,0.0,0.0,0.0,0.0,0.0,0.0,0.0,0.0,0.0,0.0,6.9,1.19,0.0,34.69,23.36,0.0,0.08,0.0,0.0,0.0,0.0,0.0,0.0,0.0,4,14,26,0,186,266,0,36,36,6/24/2014,7/31/2014,8/29/2014,0,10,10,,,,,,,,,,,,,,,,,,,0.0,0.0,0.0,0.0,0.0,0.0,,,,,,,,,,0,0,0,0,0,0,0,0,0,0,0,0,,,,500,0.0,0.0,0.0
7001023538,109,0.0,0.0,0.0,6/30/2014,7/31/2014,8/31/2014,309.095,0.0,4.77,1.26,0.0,0.98,11.99,0.0,2.98,0.0,0.0,0.0,0.0,0.0,0.0,1.26,0.0,0.98,6.69,0.0,1.21,4.69,0.0,1.76,0.0,0.0,0.0,12.66,0.0,3.96,0.0,0.0,0.0,0.6,0.0,0.0,0.0,0.0,0.0,0.0,0.0,0.0,0.6,0.0,0.0,0.0,0.0,0.0,0.0,0.0,0.0,0.0,0.0,0.0,13.26,0.0,3.96,13.06,8.18,6.26,18.51,32.89,6.09,3.05,3.63,0.0,34.63,44.71,12.36,0.0,0.0,0.0,5.36,0.0,0.7,0.63,0.0,0.88,0.0,0.0,0.0,5.99,0.0,1.58,40.63,45.31,13.94,0.0,0.0,0.0,0.0,0.6,0.0,0.0,0.0,0.0,3,0,3,364,0,23,274,0,23,6/30/2014,,8/24/2014,274,0,0,6/30/2014,,,1.0,,,274.0,,,1.0,,,0.0,,,274.0,,,1697.32,0.0,0.0,0.0,0.0,0.0,0.0,,,18.9,,,0.0,,,1,0,0,0,0,0,0,0,0,0,0,0,1.0,,,3048,0.0,0.0,0.0
7001121237,109,0.0,0.0,0.0,6/30/2014,7/31/2014,8/31/2014,354.644,241.196,84.705,34.76,39.49,24.68,80.88,59.83,31.03,0.0,0.0,3.46,0.0,0.0,1.35,34.76,39.49,18.51,66.28,46.86,29.64,7.86,11.44,0.51,0.0,0.11,0.0,108.91,97.81,48.68,0.0,0.0,4.81,6.73,0.0,0.86,0.0,1.4,0.0,0.0,0.0,0.0,6.73,1.4,5.68,20.29,8.73,1.25,0.0,0.13,0.0,0.0,0.0,0.0,135.94,108.08,55.61,98.36,69.33,40.76,155.44,84.28,55.23,8.43,12.53,9.14,262.24,166.14,105.14,0.0,0.0,0.0,7.04,2.81,1.75,0.0,0.8,0.0,0.0,0.0,0.0,7.04,3.61,1.75,283.24,177.29,106.91,0.0,0.0,0.0,13.94,7.53,0.01,0.0,0.0,0.0,7,3,2,400,255,158,110,110,130,6/24/2014,7/14/2014,8/8/2014,110,110,28,,,,,,,,,,,,,,,,,,,0.0,0.0,0.0,0.0,0.0,0.0,,,,,,,,,,0,0,0,0,0,0,0,0,0,0,0,0,,,,2013,0.0,0.0,0.0
7002098925,109,0.0,0.0,0.0,6/30/2014,7/31/2014,8/31/2014,987.046,1101.209,944.792,407.88,755.03,797.51,27.93,104.19,109.74,8.79,0.0,0.0,9.3,0.0,0.0,23.83,21.14,35.54,19.34,18.44,35.88,0.0,0.0,0.0,0.0,0.0,0.0,43.18,39.59,71.43,376.46,733.88,761.96,8.58,75.49,62.11,0.0,10.16,3.68,0.0,0.0,0.0,385.04,819.54,827.76,0.0,0.08,0.0,0.0,0.73,8.06,0.0,0.0,0.0,428.23,859.96,907.26,27.13,33.58,13.56,19.31,25.54,83.79,0.0,0.0,0.0,46.44,59.13,97.36,22.41,6.56,18.93,15.51,2.44,0.06,0.0,0.0,0.0,0.0,0.0,0.0,37.93,9.01,18.99,84.86,68.14,116.53,0.48,0.0,0.0,0.0,0.0,0.0,0.0,0.0,0.16,16,17,16,1260,1192,1171,110,128,169,6/30/2014,7/31/2014,8/30/2014,110,67,150,6/21/2014,7/29/2014,8/30/2014,1.0,5.0,5.0,23.0,23.0,23.0,1.0,5.0,5.0,0.0,0.0,0.0,23.0,115.0,115.0,655.08,697.98,398.57,0.0,0.0,0.0,0.0,0.0,0.0,200.65,176.2,126.1,0.0,0.0,0.0,0,0,0,1,5,5,0,0,0,0,0,0,1.0,1.0,1.0,333,0.0,0.0,0.0
7002143080,109,0.0,0.0,0.0,6/30/2014,7/31/2014,8/31/2014,195.062,199.557,128.496,27.74,6.76,12.38,170.01,240.54,190.64,19.98,0.0,0.0,11.04,0.0,0.0,10.01,6.76,12.38,155.36,215.41,181.89,0.0,1.58,1.13,0.0,0.0,0.0,165.38,223.76,195.41,17.73,0.0,0.0,3.59,16.73,4.94,0.0,0.0,0.0,0.0,0.0,0.0,21.33,16.73,4.94,0.0,0.0,0.0,0.0,6.81,2.66,0.0,0.0,0.0,186.71,247.31,203.03,5.01,10.04,8.89,325.98,431.58,334.91,5.14,5.73,7.68,336.14,447.36,351.49,55.89,21.81,39.38,7.53,11.49,13.45,0.0,0.0,0.0,0.0,0.0,0.0,63.43,33.31,52.83,399.58,480.68,404.33,0.0,0.0,0.0,0.0,0.0,0.0,0.0,0.0,0.0,3,5,1,220,268,130,110,130,130,6/26/2014,7/29/2014,8/22/2014,110,130,130,,,,,,,,,,,,,,,,,,,0.0,0.0,0.0,0.0,0.0,0.0,,,,,,,,,,0,0,0,0,0,0,0,0,0,0,0,0,,,,1173,0.0,0.0,0.0
7001226086,109,0.0,0.0,0.0,6/30/2014,7/31/2014,8/31/2014,6.65,300.089,71.704,,244.84,35.69,,98.66,35.41,,0.0,9.24,,0.0,19.63,,14.64,0.76,,95.39,17.98,,0.0,0.0,,0.0,0.0,,110.04,18.74,,230.19,23.16,,2.25,9.56,,0.0,0.0,,0.0,0.0,,232.44,32.73,,1.01,0.0,,0.0,0.0,,0.0,0.0,0.0,343.51,51.48,,10.38,2.34,,72.36,13.31,,0.0,0.0,,82.74,15.66,,1.18,0.0,,2.91,0.0,,0.0,0.0,,0.0,0.0,,4.09,0.0,0.0,86.84,15.66,,0.0,0.0,,0.0,0.0,,0.0,0.0,1,10,7,0,363,90,0,110,30,6/17/2014,7/29/2014,8/25/2014,0,30,0,,,,,,,,,,,,,,,,,,,0.0,0.0,0.0,0.0,0.0,0.0,,,,,,,,,,0,0,0,0,0,0,0,0,0,0,0,0,,,,3164,0.0,0.0,0.0
7000491528,109,0.0,0.0,0.0,6/30/2014,7/31/2014,8/31/2014,323.294,267.954,170.555,45.09,11.83,10.96,589.49,397.43,335.04,0.0,6.99,0.0,0.0,5.03,0.0,0.28,4.18,7.34,257.99,33.44,50.44,0.0,0.0,0.0,0.0,6.36,9.71,258.28,37.63,57.79,44.81,4.53,3.61,319.53,354.66,261.98,0.0,0.0,0.0,0.0,0.0,0.0,364.34,359.19,265.59,0.0,0.0,0.0,11.96,7.39,24.29,0.71,0.0,0.0,635.31,404.23,347.69,2.21,1.34,5.19,15.48,16.24,4.59,3.46,21.19,5.96,21.16,38.79,15.76,15.98,3.31,2.03,85.16,29.33,43.29,21.01,0.4,0.75,0.0,0.0,0.0,122.16,33.04,46.08,147.16,71.84,93.83,0.65,0.0,0.0,0.0,0.0,0.0,3.18,0.0,31.98,7,4,5,419,238,187,110,128,150,6/24/2014,7/29/2014,8/18/2014,110,128,150,6/17/2014,,,1.0,,,177.0,,,0.0,,,1.0,,,177.0,,,0.0,0.0,0.0,0.0,0.0,0.0,0.0,,,0.0,,,0.0,,,0,0,0,0,0,0,1,0,0,0,0,0,0.0,,,450,0.0,0.0,0.0
7000271656,109,0.0,0.0,0.0,6/30/2014,7/31/2014,8/31/2014,42.42,28.053,94.676,24.29,12.71,75.06,42.79,34.84,49.28,0.0,0.0,0.0,0.0,0.0,0.0,24.29,12.71,75.06,19.74,28.16,43.18,0.0,4.98,6.1,0.0,0.0,0.0,44.04,45.86,124.34,0.0,0.0,0.0,0.0,0.0,0.0,0.15,1.69,0.0,0.0,0.0,0.0,0.15,1.69,0.0,0.0,0.0,0.0,22.9,0.0,0.0,0.0,0.0,0.0,67.09,47.56,124.34,26.71,55.59,97.09,60.24,139.66,87.26,0.0,0.75,7.1,86.96,196.01,191.46,0.0,0.0,0.0,2.95,0.36,9.08,7.78,0.0,1.53,0.0,0.0,0.0,10.73,0.36,10.61,97.84,196.76,202.44,0.0,0.0,0.0,0.0,0.0,0.0,0.15,0.38,0.36,3,3,3,0,128,149,0,128,149,6/13/2014,7/28/2014,8/29/2014,0,128,149,,,,,,,,,,,,,,,,,,,0.0,0.0,0.0,0.0,0.0,0.0,,,,,,,,,,0,0,0,0,0,0,0,0,0,0,0,0,,,,972,0.0,0.0,0.0
7001242268,109,0.0,0.0,0.0,6/30/2014,7/31/2014,8/31/2014,32.128,-0.4,351.128,10.36,0.6,891.98,4.29,0.26,57.51,4.49,3.28,13.56,14.66,2.96,5.5,0.0,0.0,10.53,0.0,0.0,9.88,0.0,0.0,0.0,0.0,0.0,7.71,0.0,0.0,20.41,0.0,0.0,880.03,0.0,0.0,28.11,0.0,0.0,0.0,0.0,0.0,0.0,0.0,0.0,908.14,0.0,0.0,0.0,0.0,0.0,29.21,0.0,0.0,0.0,0.0,0.0,957.78,0.0,0.0,7.43,0.0,0.0,6.11,0.0,0.0,0.0,0.0,0.0,13.54,0.0,0.0,31.93,0.0,0.0,18.49,0.0,0.0,0.0,0.0,0.0,0.0,0.0,0.0,50.43,0.0,0.0,63.98,0.0,0.0,0.0,0.0,0.0,0.0,0.0,0.0,0.0,2,5,12,30,0,476,30,0,130,6/25/2014,7/23/2014,8/28/2014,0,0,0,,,,,,,,,,,,,,,,,,,0.0,0.0,0.0,0.0,0.0,0.0,,,,,,,,,,0,0,0,0,0,0,0,0,0,0,0,0,,,,468,0.0,0.0,0.0
7001893755,109,0.0,0.0,0.0,6/30/2014,7/31/2014,8/31/2014,111.781,109.557,268.24,17.21,6.58,21.89,90.04,78.31,170.89,0.0,0.0,4.14,0.0,0.0,4.71,17.21,6.58,21.89,39.94,53.93,86.84,0.18,7.13,11.49,0.0,0.0,0.0,57.34,67.64,120.24,0.0,0.0,0.0,49.91,16.95,67.34,0.0,0.0,0.0,0.0,0.0,0.0,49.91,16.95,67.34,0.0,0.0,0.0,0.0,0.3,0.48,0.0,0.0,0.0,107.26,84.89,188.08,7.01,29.81,10.09,57.66,98.18,111.26,9.79,1.88,11.36,74.48,129.88,132.73,0.0,0.0,0.0,42.11,7.06,4.59,0.0,0.0,0.0,0.0,0.0,0.0,42.11,7.06,4.59,116.59,136.94,137.33,0.0,0.0,0.0,0.0,0.0,0.0,0.0,0.0,0.0,2,5,2,110,190,258,110,110,130,6/18/2014,7/27/2014,8/19/2014,110,110,130,,,,,,,,,,,,,,,,,,,0.0,0.0,0.0,0.0,0.0,0.0,,,,,,,,,,0,0,0,0,0,0,0,0,0,0,0,0,,,,2293,0.0,0.0,0.0
7002239746,109,0.0,0.0,0.0,6/30/2014,7/31/2014,8/31/2014,0.0,62.577,135.629,0.0,33.78,12.53,0.0,28.43,124.74,0.0,0.0,0.0,0.0,0.0,0.0,0.0,8.68,4.68,0.0,6.91,30.54,0.0,0.0,0.0,0.0,5.86,1.63,0.0,15.59,35.23,0.0,25.09,7.84,0.0,15.64,90.39,0.0,0.0,0.0,0.0,0.0,0.0,0.0,40.74,98.24,0.0,0.0,0.0,0.0,5.86,4.29,0.0,0.0,0.0,0.0,62.21,137.78,0.0,5.15,3.88,2.93,20.89,32.46,0.0,0.0,0.0,2.93,26.04,36.34,23.23,26.91,39.18,16.28,25.96,35.84,0.0,0.0,0.0,0.0,0.0,0.0,39.51,52.88,75.03,42.44,78.93,111.38,0.0,0.0,0.0,0.0,0.0,0.0,0.0,0.0,0.0,4,4,6,0,80,150,0,50,50,6/13/2014,7/30/2014,8/24/2014,0,0,0,,,,,,,,,,,,,,,,,,,0.0,0.0,0.0,0.0,0.0,0.0,,,,,,,,,,0,0,0,0,0,0,0,0,0,0,0,0,,,,951,0.0,0.0,0.0
7000614515,109,0.0,0.0,0.0,6/30/2014,7/31/2014,8/31/2014,274.314,420.929,144.022,544.78,988.01,257.71,29.38,10.43,10.64,26.19,0.0,0.0,28.71,0.0,0.0,37.14,20.39,8.89,10.59,10.43,9.71,0.0,0.0,0.0,0.0,0.0,0.0,47.74,30.83,18.61,485.28,967.61,248.81,12.41,0.0,0.0,0.0,0.0,0.0,0.0,0.0,0.0,497.69,967.61,248.81,0.0,0.0,0.0,0.0,0.0,1.63,0.0,0.0,0.0,545.44,998.44,269.06,21.69,38.39,28.09,11.0,45.01,7.01,0.0,0.0,0.0,32.69,83.41,35.11,11.86,0.38,0.26,0.0,0.0,0.0,0.0,0.0,0.0,0.0,0.0,0.0,11.86,0.38,0.26,44.56,83.79,35.38,0.0,0.0,0.0,0.0,0.0,0.0,0.0,0.0,0.0,8,8,2,456,380,166,110,110,130,6/30/2014,7/25/2014,8/12/2014,110,0,130,,,,,,,,,,,,,,,,,,,0.0,0.0,0.0,0.0,0.0,0.0,,,,,,,,,,0,0,0,0,0,0,0,0,0,0,0,0,,,,1004,0.0,0.0,0.0
7002245856,109,0.0,0.0,0.0,6/30/2014,7/31/2014,8/31/2014,138.194,72.598,125.58,2.19,4.5,0.38,165.19,97.26,131.99,0.0,0.0,0.0,0.0,0.0,0.0,2.19,4.5,0.38,164.79,95.19,131.99,0.0,0.0,0.0,0.0,0.0,0.0,166.99,99.69,132.38,0.0,0.0,0.0,0.0,0.0,0.0,0.4,0.0,0.0,0.0,0.0,0.0,0.4,0.0,0.0,0.0,0.0,0.0,0.0,2.06,0.0,0.0,0.0,0.0,167.39,101.76,132.38,0.0,0.0,0.51,65.53,128.19,112.51,0.0,0.0,0.0,65.53,128.19,113.03,0.0,0.0,0.0,0.0,1.85,0.0,0.0,0.0,0.0,0.0,0.0,0.0,0.0,1.85,0.0,65.53,130.04,113.03,0.0,0.0,0.0,0.0,0.0,0.0,0.0,0.0,0.0,3,5,1,150,120,100,120,120,100,6/17/2014,7/31/2014,8/12/2014,0,0,100,,,,,,,,,,,,,,,,,,,0.0,0.0,0.0,0.0,0.0,0.0,,,,,,,,,,0,0,0,0,0,0,0,0,0,0,0,0,,,,783,0.0,0.0,0.0
7001092091,109,0.0,0.0,0.0,6/30/2014,7/31/2014,8/31/2014,74.858,73.972,128.771,15.86,13.54,15.76,35.89,17.26,45.93,0.0,0.0,0.0,0.0,0.0,0.0,15.86,13.54,15.76,18.29,14.54,21.98,3.46,2.71,0.73,0.0,0.0,2.58,37.63,30.81,38.48,0.0,0.0,0.0,14.13,0.0,16.83,0.0,0.0,0.0,0.0,0.0,0.0,14.13,0.0,16.83,0.0,0.0,0.0,0.0,0.0,6.38,0.0,0.0,0.0,51.76,30.81,61.69,40.56,42.08,37.38,147.78,79.93,123.01,15.23,0.36,0.76,203.58,122.38,161.16,0.0,0.0,0.0,0.0,1.35,0.0,0.0,0.0,0.0,0.0,0.0,0.0,0.0,1.35,0.0,205.73,127.14,161.74,0.0,0.0,0.0,2.15,3.25,0.0,0.0,0.16,0.58,2,3,3,80,80,150,50,50,100,6/28/2014,7/22/2014,8/24/2014,30,30,50,,,,,,,,,,,,,,,,,,,0.0,0.0,0.0,0.0,0.0,0.0,,,,,,,,,,0,0,0,0,0,0,0,0,0,0,0,0,,,,359,0.0,0.0,0.0
7000466290,109,0.0,0.0,0.0,6/30/2014,7/31/2014,8/31/2014,441.241,315.527,261.311,183.68,122.81,71.73,554.56,315.84,387.14,0.0,0.0,0.0,0.0,0.0,0.0,183.68,122.81,71.73,551.96,315.58,383.28,1.08,0.26,3.86,0.0,0.0,0.0,736.73,438.66,458.88,0.0,0.0,0.0,0.0,0.0,0.0,0.0,0.0,0.0,0.0,0.0,0.0,0.0,0.0,0.0,0.0,0.0,0.0,3.91,2.24,2.38,2.93,0.0,0.0,743.58,440.91,461.26,156.29,64.61,36.64,678.94,317.59,415.66,6.73,6.01,10.48,841.98,388.23,462.79,0.0,0.0,0.0,0.0,1.26,0.81,0.0,0.0,0.41,0.0,0.0,0.0,0.0,1.26,1.23,842.26,389.49,464.49,0.28,0.0,0.0,0.0,0.0,0.0,0.0,0.0,0.46,10,4,5,533,292,306,120,120,130,6/28/2014,7/21/2014,8/25/2014,120,120,0,,7/2/2014,,,1.0,,,14.0,,,1.0,,,0.0,,,14.0,,0.0,67.14,0.0,0.0,0.0,0.0,,0.0,,,1.01,,,0.0,,0,0,0,0,1,0,0,0,0,0,0,0,,1.0,,756,0.0,0.0,0.0
7000935381,109,0.0,0.0,0.0,6/30/2014,7/31/2014,8/31/2014,888.358,120.879,570.559,1450.03,26.14,431.86,414.78,48.41,534.03,48.71,51.01,0.0,55.91,74.56,0.0,13.04,0.0,13.24,163.88,0.0,182.56,0.48,0.0,0.0,0.0,0.0,0.0,177.41,0.0,195.81,1408.63,0.0,418.61,220.84,0.0,351.46,0.0,0.0,0.0,0.0,0.0,0.0,1629.48,0.0,770.08,2.0,0.0,0.0,0.0,0.0,0.0,0.0,0.0,0.0,1808.89,0.0,965.89,17.34,0.0,18.69,190.14,0.0,125.56,0.95,0.0,0.0,208.44,0.0,144.26,61.31,0.0,41.51,22.28,0.0,57.01,0.0,0.0,0.0,0.0,0.0,0.0,83.59,0.0,98.53,293.16,0.0,242.79,0.0,0.0,0.0,1.11,0.0,0.0,0.0,0.0,0.0,9,6,8,916,160,800,128,110,144,6/26/2014,7/25/2014,8/30/2014,128,0,36,,,,,,,,,,,,,,,,,,,0.0,0.0,0.0,0.0,0.0,0.0,,,,,,,,,,0,0,0,0,0,0,0,0,0,0,0,0,,,,2237,0.0,0.0,0.0
7001703032,109,0.0,0.0,0.0,6/30/2014,7/31/2014,8/31/2014,342.964,205.191,0.0,25.46,11.26,,438.46,150.83,,25.29,0.0,,76.68,0.0,,24.99,11.26,,131.24,105.13,,0.0,0.0,,0.0,0.0,,156.24,116.39,,0.46,0.0,,230.53,41.88,,0.0,0.0,,0.0,0.0,,230.99,41.88,,0.0,0.0,,0.0,3.81,,0.0,0.0,,387.24,162.09,0.0,6.26,20.54,,59.78,74.96,,0.0,0.0,,66.04,95.51,,0.0,0.0,,1.9,0.0,,0.0,0.0,,0.0,0.0,,1.9,0.0,,67.94,95.51,0.0,0.0,0.0,,0.0,0.0,,0.0,0.0,,5,4,4,376,100,0,120,50,0,6/30/2014,7/27/2014,8/24/2014,120,0,0,,,,,,,,,,,,,,,,,,,0.0,0.0,0.0,0.0,0.0,0.0,,,,,,,,,,0,0,0,0,0,0,0,0,0,0,0,0,,,,863,0.0,0.0,0.0
7000899521,109,0.0,0.0,0.0,6/30/2014,7/31/2014,8/31/2014,439.295,520.542,418.61,26.39,46.83,66.51,690.13,703.31,600.49,0.0,0.0,0.0,0.0,0.0,0.0,26.39,46.83,66.51,114.96,128.61,143.33,0.0,1.11,0.0,0.0,12.33,0.0,141.36,176.56,209.84,0.0,0.0,0.0,562.08,556.39,440.56,0.0,0.0,0.0,0.0,0.0,0.0,562.08,556.39,440.56,0.0,0.0,0.0,13.08,17.18,16.6,0.0,0.0,0.0,716.53,750.14,667.01,38.46,50.74,52.76,83.68,87.76,135.11,2.16,1.39,2.46,124.31,139.91,190.34,0.0,0.0,0.0,0.0,0.43,0.03,0.0,0.0,0.0,0.0,0.0,0.0,0.0,0.43,0.03,124.31,140.34,190.73,0.0,0.0,0.0,0.0,0.0,0.34,0.0,0.0,0.0,6,11,8,524,737,417,110,128,169,6/21/2014,7/29/2014,8/31/2014,110,128,0,,7/15/2014,8/31/2014,,1.0,4.0,,17.0,23.0,,1.0,4.0,,0.0,0.0,,17.0,92.0,0.0,2.78,0.0,0.0,0.0,0.0,,0.0,0.0,,1.94,0.0,,0.0,0.0,0,0,0,0,1,4,0,0,0,0,0,0,,1.0,0.0,547,0.0,0.0,0.0
7000005038,109,0.0,0.0,0.0,6/30/2014,7/31/2014,8/31/2014,117.342,99.561,220.768,78.13,17.88,54.79,95.93,149.86,305.81,0.0,0.0,0.0,0.0,0.0,0.0,78.13,17.88,54.79,95.01,149.86,290.84,0.91,0.0,0.0,0.0,0.0,0.0,174.06,167.74,345.64,0.0,0.0,0.0,0.0,0.0,12.88,0.0,0.0,2.08,0.0,0.0,0.0,0.0,0.0,14.96,0.0,0.0,0.0,1.08,0.0,0.0,0.0,0.0,0.0,175.14,167.74,360.61,85.33,10.78,42.58,211.16,99.58,407.14,0.0,0.0,0.0,296.49,110.36,449.73,0.0,0.0,0.0,0.0,0.0,3.5,0.0,0.0,0.0,0.0,0.0,0.0,0.0,0.0,3.5,296.51,110.36,453.23,0.01,0.0,0.0,0.0,0.0,0.0,0.0,0.0,0.0,5,4,3,178,110,291,60,110,130,6/23/2014,7/25/2014,8/26/2014,44,110,100,,,,,,,,,,,,,,,,,,,0.0,0.0,0.0,0.0,0.0,0.0,,,,,,,,,,0,0,0,0,0,0,0,0,0,0,0,0,,,,182,0.0,0.0,0.0
7002268970,109,0.0,0.0,0.0,6/30/2014,7/31/2014,8/31/2014,247.704,294.362,400.295,30.51,45.59,15.53,253.58,284.53,239.56,0.0,0.0,0.0,0.0,0.0,0.0,30.51,45.59,15.53,250.33,278.61,234.01,1.0,1.25,0.0,0.0,0.0,0.11,281.84,325.46,249.54,0.0,0.0,0.0,2.13,4.66,5.43,0.0,0.0,0.0,0.0,0.0,0.0,2.13,4.66,5.43,0.0,0.0,0.0,2.21,0.21,5.26,12.31,0.0,0.0,298.51,330.34,260.24,10.11,16.14,12.33,244.13,162.13,118.34,1.19,6.04,0.2,255.44,184.33,130.88,0.55,0.88,0.0,11.34,5.28,0.0,0.0,0.0,0.0,0.0,0.0,0.0,11.89,6.16,0.0,267.76,190.96,131.04,0.1,0.46,0.0,0.0,0.0,0.0,0.31,0.0,0.16,8,4,8,390,220,493,110,110,130,6/30/2014,7/24/2014,8/28/2014,110,110,50,,,8/25/2014,,,5.0,,,48.0,,,3.0,,,2.0,,,219.0,0.0,0.0,391.37,0.0,0.0,0.0,,,74.27,,,126.2,,,0.0,0,0,0,0,0,3,0,0,0,0,0,2,,,1.0,342,0.0,0.0,0.0
7001640811,109,0.0,0.0,0.0,6/30/2014,7/31/2014,8/31/2014,346.114,534.737,674.067,171.48,317.49,347.19,330.13,506.53,556.39,37.41,19.19,9.53,7.71,51.01,15.06,45.89,73.29,71.36,110.34,166.56,144.54,0.0,0.38,0.0,16.76,0.0,0.0,156.24,240.24,215.91,122.41,232.64,273.59,198.46,300.86,399.54,0.0,0.0,0.0,0.0,0.0,0.0,320.88,533.51,673.14,0.0,0.0,0.0,17.28,3.01,2.06,0.0,0.0,0.0,494.41,776.78,891.13,45.03,65.78,61.66,152.19,234.24,172.49,0.0,0.0,3.69,197.23,300.03,237.86,5.04,39.64,124.64,27.48,61.29,53.43,0.0,0.0,0.0,0.0,0.0,0.0,32.53,100.94,178.08,230.53,400.98,415.94,0.0,0.0,0.0,0.0,0.0,0.0,0.76,0.0,0.0,11,11,17,437,570,826,110,110,130,6/26/2014,7/26/2014,8/31/2014,110,110,30,,,,,,,,,,,,,,,,,,,0.0,0.0,0.0,0.0,0.0,0.0,,,,,,,,,,0,0,0,0,0,0,0,0,0,0,0,0,,,,3110,0.0,0.0,0.0
7000919224,109,0.0,0.0,0.0,6/30/2014,7/31/2014,8/31/2014,240.666,160.897,311.143,0.0,0.88,0.81,4.36,26.98,41.69,0.0,0.0,0.0,0.0,0.0,0.0,0.0,0.88,0.81,4.36,26.98,40.28,0.0,0.0,1.41,0.0,0.0,0.0,4.36,27.86,42.51,0.0,0.0,0.0,0.0,0.0,0.0,0.0,0.0,0.0,0.0,0.0,0.0,0.0,0.0,0.0,0.0,0.0,0.0,0.0,0.0,0.88,3.13,0.0,0.0,7.49,27.86,43.39,4.73,0.0,4.48,5.81,16.68,0.96,0.0,3.78,10.99,10.54,20.46,16.44,0.0,0.0,0.0,0.51,0.3,0.0,0.0,0.0,0.0,0.0,0.0,0.0,0.51,0.3,0.0,11.38,39.56,45.61,0.0,0.0,0.0,0.31,18.79,29.16,0.0,0.0,0.0,4,3,3,244,264,306,154,154,154,6/13/2014,7/10/2014,8/28/2014,0,0,152,6/4/2014,7/1/2014,8/28/2014,1.0,1.0,3.0,154.0,154.0,154.0,1.0,1.0,2.0,0.0,0.0,1.0,154.0,154.0,458.0,10.06,0.05,0.16,580.38,359.4,344.27,7.65,2.94,63.96,0.0,0.0,63.96,0.0,0.0,0.0,1,1,1,0,0,1,0,0,0,0,0,1,1.0,1.0,1.0,740,14.91,2.01,59.4
7000497002,109,0.0,0.0,0.0,6/30/2014,7/31/2014,8/31/2014,293.95,332.281,299.055,27.28,30.46,19.38,602.76,551.96,407.13,0.0,0.0,0.0,0.0,0.0,0.0,4.3,1.23,0.48,9.01,4.99,2.01,0.0,0.0,0.0,0.11,0.0,0.0,13.31,6.23,2.49,22.98,29.23,18.89,591.24,546.96,405.11,0.0,0.0,0.0,0.0,0.0,0.0,614.23,576.19,424.01,0.0,0.0,0.0,6.39,0.49,9.36,0.0,0.0,0.0,633.94,582.93,435.88,7.56,2.41,0.25,5.79,2.08,1.68,0.0,0.0,0.0,13.36,4.49,1.93,0.83,1.18,0.11,15.36,1.53,0.06,0.0,0.0,0.0,0.0,0.0,0.0,16.19,2.71,0.18,29.56,7.33,2.36,0.0,0.0,0.25,0.0,0.0,0.0,0.0,0.11,0.0,7,25,29,336,276,345,110,36,36,6/28/2014,7/31/2014,8/31/2014,30,10,10,,,,,,,,,,,,,,,,,,,0.0,0.0,0.0,0.0,0.0,0.0,,,,,,,,,,0,0,0,0,0,0,0,0,0,0,0,0,,,,474,0.0,0.0,0.0
7001023977,109,0.0,0.0,0.0,6/30/2014,7/31/2014,8/31/2014,66.8,90.99,31.234,30.23,0.21,9.13,46.93,102.64,49.73,0.0,0.0,0.0,0.0,0.0,0.0,30.23,0.21,9.13,18.46,69.36,42.56,7.38,13.43,7.16,0.0,0.48,0.0,56.08,83.01,58.86,0.0,0.0,0.0,0.0,0.0,0.0,0.0,0.0,0.0,0.0,0.0,0.0,0.0,0.0,0.0,1.01,0.0,0.0,20.06,19.85,0.0,0.0,0.0,0.0,77.16,102.86,58.86,22.98,11.13,20.38,39.01,36.54,33.64,2.81,4.83,44.76,64.81,52.51,98.79,0.0,0.0,0.0,0.0,0.0,0.0,0.0,0.0,0.0,0.0,0.0,0.0,0.0,0.0,0.0,64.81,52.81,98.79,0.0,0.0,0.0,0.0,0.3,0.0,0.0,0.0,0.0,2,2,3,0,0,169,0,0,169,6/12/2014,7/17/2014,8/26/2014,0,0,0,,,,,,,,,,,,,,,,,,,0.0,0.0,0.0,0.0,0.0,0.0,,,,,,,,,,0,0,0,0,0,0,0,0,0,0,0,0,,,,2777,0.0,0.0,0.0
7000841699,109,0.0,0.0,0.0,6/30/2014,7/31/2014,8/31/2014,66.35,153.14,446.01,4.68,53.68,56.29,38.28,50.28,271.34,8.31,16.35,27.89,7.81,46.84,77.98,1.75,24.73,22.58,19.71,14.28,96.41,0.0,2.7,4.94,0.0,0.0,0.0,21.46,41.71,123.94,0.0,4.71,14.49,13.59,10.38,109.79,0.0,0.3,0.9,0.0,0.0,0.0,13.59,15.39,125.19,0.08,0.0,0.51,0.0,0.0,0.0,0.0,0.0,0.0,35.14,57.11,249.66,1.36,4.48,28.64,5.41,1.19,31.03,12.73,0.0,0.0,19.51,5.68,59.68,0.58,0.2,0.33,24.91,16.36,28.58,0.0,0.0,4.71,0.0,0.0,0.0,25.49,16.56,33.63,55.29,24.71,93.54,0.0,0.0,0.0,10.28,2.46,0.23,0.0,0.0,0.0,2,3,3,0,0,440,0,0,440,6/13/2014,7/25/2014,8/8/2014,0,0,440,,,,,,,,,,,,,,,,,,,0.0,0.0,0.0,0.0,0.0,0.0,,,,,,,,,,0,0,0,0,0,0,0,0,0,0,0,0,,,,454,0.0,0.0,1.84
7000998643,109,0.0,0.0,0.0,6/30/2014,7/31/2014,8/31/2014,250.182,270.39,454.749,133.14,23.34,39.68,138.44,333.01,593.39,0.0,0.0,0.0,0.0,0.0,0.0,1.56,10.36,1.78,11.91,17.76,21.38,0.0,0.76,0.21,0.88,1.23,0.0,13.48,28.89,23.38,131.58,12.98,37.89,125.64,298.34,571.79,0.0,0.0,0.0,0.0,0.0,0.0,257.23,311.33,609.69,0.0,0.0,0.0,0.88,16.13,0.0,0.0,0.0,0.0,271.59,356.36,633.08,1.84,2.31,5.64,24.56,14.61,21.69,0.0,1.06,0.0,26.41,17.99,27.34,0.33,0.0,0.33,4.83,3.08,0.33,0.0,0.0,0.0,0.0,0.0,0.0,5.16,3.08,0.66,31.58,21.08,28.01,0.0,0.0,0.0,0.0,0.0,0.0,0.0,0.0,0.0,13,18,21,276,305,526,50,50,50,6/25/2014,7/31/2014,8/31/2014,0,0,30,,7/3/2014,,,2.0,,,25.0,,,2.0,,,0.0,,,50.0,,0.0,20.93,0.0,0.0,32.87,0.0,,0.0,,,3.16,,,0.0,,0,0,0,0,2,0,0,0,0,0,0,0,,1.0,,242,0.0,22.3,0.0
7000824779,109,0.0,0.0,0.0,6/30/2014,7/31/2014,8/31/2014,62.713,56.97,1.0,7.59,1.5,0.4,0.3,0.0,7.05,0.05,0.0,0.0,0.0,0.0,0.0,3.86,0.0,0.4,0.3,0.0,1.16,0.0,0.0,0.0,0.0,0.0,3.01,4.16,0.0,1.56,3.73,1.5,0.0,0.0,0.0,0.0,0.0,0.0,0.0,0.0,0.0,0.0,3.73,1.5,0.0,0.0,0.0,0.0,0.0,0.0,5.88,0.0,0.0,0.0,7.89,1.5,7.45,5.56,6.51,6.66,53.68,108.94,64.29,0.0,0.0,0.0,59.24,115.46,70.96,0.78,0.08,0.08,2.03,6.21,12.61,0.0,0.0,0.0,0.0,0.0,0.0,2.81,6.29,12.69,62.06,121.76,83.66,0.0,0.0,0.0,0.0,0.0,0.0,0.0,0.0,0.0,6,3,4,140,27,0,50,17,0,6/22/2014,7/26/2014,8/25/2014,30,10,0,,7/13/2014,,,1.0,,,17.0,,,1.0,,,0.0,,,17.0,,0.0,0.0,0.0,0.0,0.0,0.0,,0.0,,,0.12,,,0.0,,0,0,0,0,1,0,0,0,0,0,0,0,,0.0,,1008,0.0,0.0,0.0
7000974167,109,0.0,0.0,0.0,6/30/2014,7/31/2014,8/31/2014,196.237,204.659,94.812,121.78,74.08,23.49,128.11,147.84,72.99,0.0,0.0,0.0,0.0,0.0,0.0,101.53,68.04,16.51,111.23,128.08,58.11,0.0,0.0,0.0,0.0,0.0,0.0,212.76,196.13,74.63,20.24,6.03,6.98,16.88,19.76,5.31,0.0,0.0,0.0,0.0,0.0,0.0,37.13,25.79,12.3,0.0,0.0,0.0,0.0,0.0,9.56,0.0,0.0,0.0,249.89,221.93,96.49,101.71,120.29,51.49,318.48,379.79,240.43,0.0,0.0,0.0,420.19,500.09,291.93,0.54,0.0,0.0,0.0,3.65,0.0,0.0,0.0,0.0,0.0,0.0,0.0,0.54,3.65,0.0,421.09,504.21,293.61,0.34,0.0,0.0,0.0,0.0,0.0,0.0,0.46,1.68,7,5,2,340,160,180,110,110,130,6/30/2014,7/31/2014,8/30/2014,110,50,130,,,,,,,,,,,,,,,,,,,0.0,0.0,0.0,0.0,0.0,0.0,,,,,,,,,,0,0,0,0,0,0,0,0,0,0,0,0,,,,3017,0.0,0.0,0.0
7001355408,109,0.0,0.0,0.0,6/30/2014,7/31/2014,8/31/2014,8.34,168.462,130.846,2.0,9.5,354.41,13.33,1.33,66.81,0.0,83.28,0.0,0.0,0.0,0.0,0.0,0.0,1.55,5.4,0.0,8.85,0.0,0.0,0.0,6.03,0.0,4.4,5.4,0.0,10.4,2.0,9.5,352.86,1.9,1.33,48.79,0.0,0.0,0.0,0.0,0.0,0.0,3.9,10.83,401.66,0.0,0.0,0.0,6.03,0.0,9.16,0.0,0.0,0.0,15.33,10.83,421.23,0.0,3.01,0.0,59.64,33.34,5.11,5.63,0.0,1.83,65.28,36.36,6.94,5.23,0.0,22.23,26.08,77.54,20.86,0.0,0.41,0.0,0.0,0.0,0.0,31.31,77.96,43.09,100.41,114.41,58.74,0.34,0.08,0.5,0.0,0.0,0.0,3.46,0.0,8.2,2,6,6,0,198,176,0,152,130,6/12/2014,7/29/2014,8/27/2014,0,26,130,,7/5/2014,,,2.0,,,152.0,,,1.0,,,1.0,,,304.0,,0.0,18.83,0.0,0.0,299.49,0.0,,63.96,,,63.96,,,0.0,,0,0,0,0,1,0,0,0,0,0,1,0,,1.0,,223,0.0,234.09,0.0
7000780231,109,0.0,0.0,0.0,6/30/2014,7/31/2014,8/31/2014,384.308,183.864,56.827,642.08,232.03,61.66,63.48,14.98,9.11,0.0,0.0,0.0,0.0,0.0,0.0,0.56,0.13,0.15,7.94,6.89,2.39,0.0,0.0,0.0,0.0,0.0,0.0,8.51,7.03,2.54,641.51,231.89,61.51,54.56,8.08,6.71,0.0,0.0,0.0,0.0,0.0,0.0,696.08,239.98,68.23,0.0,0.0,0.0,0.96,0.0,0.0,0.0,0.0,0.0,705.56,247.01,70.78,0.0,0.0,7.01,16.89,9.18,21.19,0.0,0.0,0.0,16.89,9.18,28.21,0.01,0.21,0.0,10.43,0.0,1.53,0.0,0.0,0.0,0.0,0.0,0.0,10.44,0.21,1.53,43.26,92.24,106.26,0.0,0.0,0.25,15.91,82.84,62.98,0.0,0.0,13.28,15,7,5,446,194,70,44,44,30,6/30/2014,7/25/2014,8/26/2014,30,0,30,,,,,,,,,,,,,,,,,,,0.0,0.0,0.0,0.0,0.0,0.0,,,,,,,,,,0,0,0,0,0,0,0,0,0,0,0,0,,,,847,0.0,0.0,0.0
7001725739,109,,,,6/30/2014,7/31/2014,8/31/2014,0.0,213.795,213.801,,,,,,,,,,,,,,,,,,,,,,,,,,,,,,,,,,,,,,,,,,,,,,,,,,,,0.0,0.0,0.0,,,,,,,,,,,,,,,,,,,,,,,,,,,,0.0,0.0,0.0,,,,,,,,,,1,2,1,0,252,252,0,252,252,6/3/2014,7/15/2014,8/17/2014,0,0,252,,7/3/2014,8/17/2014,,1.0,1.0,,252.0,252.0,,0.0,0.0,,1.0,1.0,,252.0,252.0,0.0,0.0,0.0,0.0,349.94,226.94,,212.17,212.17,,212.17,212.17,,0.0,0.0,0,0,0,0,0,0,0,1,1,0,0,0,,1.0,1.0,445,0.0,0.0,0.0
7000317003,109,0.0,0.0,0.0,6/30/2014,7/31/2014,8/31/2014,323.633,465.002,569.326,163.83,292.21,330.18,148.63,193.13,246.63,0.0,0.0,0.0,0.0,0.0,0.0,52.03,46.46,43.06,84.26,76.73,90.81,10.99,0.58,3.24,1.1,0.0,0.0,147.29,123.78,137.13,111.79,245.74,287.11,53.36,115.81,152.56,0.0,0.0,0.0,0.0,0.0,0.0,165.16,361.56,439.68,0.0,0.0,0.0,1.23,0.0,0.0,0.0,0.0,0.0,313.69,485.34,576.81,26.04,26.04,25.13,55.99,47.78,58.88,0.0,0.71,1.28,82.04,74.54,85.29,10.44,0.68,18.44,20.78,22.33,66.86,0.0,0.0,0.0,0.0,0.0,0.0,31.23,23.01,85.31,113.28,97.56,170.61,0.0,0.0,0.0,0.0,0.0,0.0,0.0,0.0,0.0,6,10,9,330,480,740,110,110,110,6/28/2014,7/26/2014,8/29/2014,110,110,110,,,,,,,,,,,,,,,,,,,0.0,0.0,0.0,0.0,0.0,0.0,,,,,,,,,,0,0,0,0,0,0,0,0,0,0,0,0,,,,1499,0.0,0.0,0.0
7000443510,109,0.0,0.0,0.0,6/30/2014,7/31/2014,8/31/2014,523.944,238.184,452.471,298.88,145.28,260.01,461.73,147.71,220.56,0.0,0.0,0.0,0.0,0.0,0.0,13.98,10.21,18.73,83.66,23.44,43.03,0.0,0.0,0.0,0.0,0.0,0.0,97.64,33.66,61.76,284.89,135.06,241.28,378.06,124.26,177.26,0.0,0.0,0.0,0.0,0.0,0.0,662.96,259.33,418.54,0.0,0.0,0.0,5.51,2.71,9.44,4.61,0.0,0.0,770.74,295.71,489.76,36.79,16.59,32.91,162.86,121.41,105.11,0.15,0.0,0.0,199.81,138.01,138.03,11.24,5.84,146.46,160.39,78.19,124.44,0.0,0.0,0.0,0.0,0.0,0.0,171.64,84.04,270.91,371.46,222.06,408.94,0.0,0.0,0.0,0.0,0.0,0.0,0.0,0.0,0.0,28,14,24,590,280,506,50,50,50,6/29/2014,7/31/2014,8/30/2014,20,20,25,,,8/30/2014,,,4.0,,,25.0,,,3.0,,,1.0,,,100.0,0.0,0.0,650.69,0.0,0.0,0.0,,,21.91,,,21.93,,,0.0,0,0,0,0,0,3,0,0,0,0,0,1,,,1.0,678,0.0,0.0,0.0
7000858684,109,0.0,0.0,0.0,6/30/2014,7/31/2014,8/31/2014,787.592,979.219,108.085,1314.93,1623.73,154.71,214.79,84.74,30.73,0.0,0.0,2.78,0.0,0.0,22.64,27.01,53.21,4.66,27.74,11.84,1.1,0.0,0.0,0.0,45.03,31.93,14.26,54.76,65.06,5.76,1287.91,1570.51,135.13,148.39,32.89,5.31,0.0,0.0,0.0,0.0,0.0,0.0,1436.31,1603.41,140.44,0.0,0.0,0.0,88.39,117.24,26.8,6.99,0.0,0.0,1586.48,1785.73,173.01,6.86,7.56,6.46,5.03,4.08,1.55,0.0,0.0,0.0,11.89,11.64,8.01,46.04,29.06,18.13,0.0,0.0,9.85,0.0,0.0,0.0,0.0,0.0,0.0,46.04,29.06,27.98,57.94,40.71,35.99,0.0,0.0,0.0,0.0,0.0,0.0,0.0,0.0,0.0,30,35,6,913,1132,124,110,130,50,6/30/2014,7/30/2014,8/26/2014,44,130,0,,,,,,,,,,,,,,,,,,,0.0,0.0,0.0,0.0,0.0,0.0,,,,,,,,,,0,0,0,0,0,0,0,0,0,0,0,0,,,,659,0.0,0.0,0.0
7000819760,109,0.0,0.0,0.0,6/30/2014,7/31/2014,8/31/2014,84.586,145.08,187.127,0.75,15.41,42.93,45.86,35.36,172.86,0.0,11.6,2.46,0.0,10.41,5.7,0.75,12.41,15.58,0.51,14.58,74.33,0.0,0.6,6.11,0.0,0.0,21.98,1.26,27.59,96.03,0.0,0.0,27.34,24.46,10.94,83.23,0.0,1.81,3.48,0.0,0.0,0.0,24.46,12.76,114.06,0.0,0.0,0.0,21.58,1.73,23.93,0.0,0.0,0.0,47.31,42.09,234.03,35.71,15.21,17.21,19.19,32.14,37.08,1.34,14.93,1.56,56.26,62.29,55.86,24.08,0.0,16.89,37.51,77.76,76.88,2.78,0.0,4.98,0.0,0.0,0.0,64.38,77.76,98.76,126.41,142.11,155.48,0.0,0.0,0.0,0.78,0.0,0.0,4.98,2.04,0.85,5,11,8,100,170,220,50,50,50,6/30/2014,7/30/2014,8/29/2014,25,0,0,6/30/2014,7/19/2014,8/26/2014,2.0,2.0,1.0,25.0,25.0,25.0,2.0,2.0,1.0,0.0,0.0,0.0,50.0,50.0,25.0,1193.29,720.01,726.6,0.0,0.0,0.0,0.0,0.0,0.0,0.01,0.01,2.24,0.0,0.0,0.0,0,0,0,2,2,1,0,0,0,0,0,0,1.0,1.0,1.0,796,0.0,0.0,0.0
7002282086,109,0.0,0.0,0.0,6/30/2014,7/31/2014,8/31/2014,80.741,56.37,1.06,70.33,44.18,0.0,23.54,11.96,1.03,0.0,0.0,0.0,0.0,0.0,0.0,0.0,1.93,0.0,17.36,11.96,1.03,0.0,0.0,0.0,0.0,0.0,0.0,17.36,13.89,1.03,70.33,42.24,0.0,6.18,0.0,0.0,0.0,0.0,0.0,0.0,0.0,0.0,76.51,42.24,0.0,0.0,0.0,0.0,0.0,0.0,0.0,0.0,0.0,0.0,93.88,56.14,1.03,0.0,7.78,0.0,31.64,41.69,28.84,0.0,0.31,0.28,31.64,49.79,29.13,0.74,0.0,0.0,5.05,6.78,17.83,0.06,0.0,0.0,0.0,0.0,0.0,5.86,6.78,17.83,38.08,57.16,47.64,0.26,0.21,0.48,0.0,0.0,0.0,0.3,0.36,0.2,6,2,2,160,0,0,110,0,0,6/27/2014,7/31/2014,8/25/2014,0,0,0,,,,,,,,,,,,,,,,,,,0.0,0.0,0.0,0.0,0.0,0.0,,,,,,,,,,0,0,0,0,0,0,0,0,0,0,0,0,,,,498,0.0,0.0,0.0
7001752739,109,0.0,0.0,0.0,6/30/2014,7/31/2014,8/31/2014,151.937,147.951,94.733,19.68,39.21,27.14,116.06,147.99,58.53,5.48,0.0,0.0,14.23,0.0,0.0,19.68,39.21,27.14,98.44,147.99,58.53,2.24,0.0,0.0,1.13,0.0,0.0,120.38,187.21,85.68,0.0,0.0,0.0,0.0,0.0,0.0,0.0,0.0,0.0,0.0,0.0,0.0,0.0,0.0,0.0,0.0,0.0,0.0,1.13,0.0,0.0,0.0,0.0,0.0,121.51,187.21,85.68,70.69,65.94,69.04,250.88,539.44,499.33,5.88,8.86,0.36,327.46,614.26,568.74,0.0,0.0,0.0,0.8,0.0,0.0,0.0,0.0,0.0,0.0,0.0,0.0,0.8,0.0,0.0,328.26,615.18,570.29,0.0,0.36,0.11,0.0,0.0,0.0,0.0,0.54,1.43,7,8,5,161,170,100,50,50,50,6/29/2014,7/29/2014,8/26/2014,20,20,0,6/13/2014,,,1.0,,,149.0,,,1.0,,,0.0,,,149.0,,,5.34,0.0,0.0,0.0,0.0,0.0,0.0,,,11.03,,,0.0,,,1,0,0,0,0,0,0,0,0,0,0,0,1.0,,,1936,0.0,0.0,0.0
7001470348,109,0.0,0.0,0.0,6/30/2014,7/31/2014,8/31/2014,258.655,258.772,251.206,26.24,42.66,16.46,164.91,199.26,196.71,0.0,0.0,0.0,0.0,0.0,0.0,26.24,42.66,16.46,164.03,197.03,195.53,0.88,2.23,1.18,0.0,0.0,0.0,191.16,241.93,213.18,0.0,0.0,0.0,0.0,0.0,0.0,0.0,0.0,0.0,0.0,0.0,0.0,0.0,0.0,0.0,0.0,0.0,0.0,0.0,0.0,0.0,0.0,0.0,0.0,191.16,241.93,213.18,26.74,12.21,8.83,196.29,254.16,288.76,0.83,2.26,0.0,223.88,268.64,297.59,0.0,0.0,1.83,1.46,3.8,8.09,0.0,0.0,0.0,0.0,0.0,0.0,1.46,3.8,9.93,225.34,272.44,307.53,0.0,0.0,0.0,0.0,0.0,0.0,0.0,0.0,0.0,6,4,2,210,370,280,110,150,150,6/24/2014,7/30/2014,8/30/2014,110,150,130,,,,,,,,,,,,,,,,,,,0.0,0.0,0.0,0.0,0.0,0.0,,,,,,,,,,0,0,0,0,0,0,0,0,0,0,0,0,,,,287,0.0,0.0,0.0
7001805523,109,0.0,0.0,0.0,6/30/2014,7/31/2014,8/31/2014,77.22,97.904,217.725,15.41,18.84,12.18,54.56,71.03,178.68,0.0,0.0,0.0,0.0,0.0,0.0,15.41,18.84,12.18,50.29,55.98,172.63,0.0,0.0,0.0,0.0,0.0,0.0,65.71,74.83,184.81,0.0,0.0,0.0,4.26,15.04,6.04,0.0,0.0,0.0,0.0,0.0,0.0,4.26,15.04,6.04,0.0,0.0,0.0,0.0,0.0,0.0,0.0,0.0,0.0,69.98,89.88,190.86,29.13,331.54,43.78,208.54,283.88,210.69,0.0,0.0,0.0,237.68,615.43,254.48,0.0,0.0,0.0,19.58,40.34,36.63,0.0,0.0,0.0,0.0,0.0,0.0,19.58,40.34,36.63,257.26,655.78,291.11,0.0,0.0,0.0,0.0,0.0,0.0,0.0,0.0,0.0,7,4,14,100,100,237,30,30,97,6/29/2014,7/29/2014,8/27/2014,20,30,10,,,,,,,,,,,,,,,,,,,0.0,0.0,0.0,0.0,0.0,0.0,,,,,,,,,,0,0,0,0,0,0,0,0,0,0,0,0,,,,1260,0.0,0.0,0.0
7000940339,109,0.0,0.0,0.0,6/30/2014,7/31/2014,8/31/2014,177.206,354.421,119.905,45.58,69.23,4.41,79.63,173.39,72.41,0.0,0.0,0.0,0.0,0.0,0.0,45.58,69.23,4.41,79.63,167.76,72.21,0.0,3.39,0.0,0.0,0.0,0.0,125.21,240.39,76.63,0.0,0.0,0.0,0.0,0.0,0.2,0.0,0.0,0.0,0.0,0.0,0.0,0.0,0.0,0.2,0.0,0.0,0.0,0.06,3.71,0.0,0.0,0.0,0.0,125.28,244.11,76.83,43.61,76.28,53.93,60.36,193.28,80.19,9.94,2.76,5.61,113.93,272.33,139.74,0.0,0.0,0.0,0.4,0.0,0.0,0.13,9.14,14.69,0.0,0.0,0.0,0.53,9.14,14.69,114.78,281.91,154.44,0.31,0.0,0.0,0.0,0.0,0.0,0.0,0.43,0.0,6,8,5,150,387,150,30,110,50,6/30/2014,7/28/2014,8/28/2014,30,30,30,,,,,,,,,,,,,,,,,,,0.0,0.0,0.0,0.0,0.0,0.0,,,,,,,,,,0,0,0,0,0,0,0,0,0,0,0,0,,,,480,0.0,0.0,0.0
7001225695,109,0.0,0.0,0.0,6/30/2014,7/31/2014,8/31/2014,83.415,82.782,109.205,0.0,0.0,0.73,0.56,0.0,20.31,0.0,0.0,0.0,0.0,0.0,0.0,0.0,0.0,0.73,0.56,0.0,20.31,0.0,0.0,0.0,0.0,0.0,0.0,0.56,0.0,21.04,0.0,0.0,0.0,0.0,0.0,0.0,0.0,0.0,0.0,0.0,0.0,0.0,0.0,0.0,0.0,0.0,0.0,0.0,0.0,0.0,0.91,0.21,0.0,0.0,0.78,0.0,21.96,28.21,20.98,71.29,74.49,50.58,110.56,1.51,0.46,13.69,104.23,72.03,195.56,0.0,0.0,0.0,0.0,0.0,0.0,0.0,0.0,0.0,0.0,0.0,0.0,0.0,0.0,0.0,104.23,72.03,195.56,0.0,0.0,0.0,0.0,0.0,0.0,0.0,0.0,0.0,5,4,7,98,98,128,98,98,98,6/27/2014,7/22/2014,8/24/2014,0,0,0,6/12/2014,7/11/2014,8/1/2014,1.0,1.0,1.0,98.0,98.0,98.0,1.0,1.0,1.0,0.0,0.0,0.0,98.0,98.0,98.0,14.25,12.92,121.57,207.7,137.74,557.05,-0.04,0.0,0.0,0.08,0.0,0.0,0.0,0.0,0.0,0,0,0,1,1,1,0,0,0,0,0,0,1.0,1.0,1.0,1487,490.48,172.95,175.21
7001829650,109,0.0,0.0,0.0,6/30/2014,7/31/2014,8/31/2014,401.336,95.291,8.25,153.93,0.0,0.0,105.21,30.94,0.0,121.44,41.11,9.68,259.14,30.94,0.0,0.0,0.0,0.0,0.0,0.0,0.0,0.0,0.0,0.0,0.0,0.0,0.0,0.0,0.0,0.0,0.0,0.0,0.0,0.0,0.0,0.0,0.0,0.0,0.0,0.0,0.0,0.0,0.0,0.0,0.0,0.0,0.0,0.0,0.0,0.0,0.0,0.0,0.0,0.0,0.0,0.0,0.0,0.0,0.0,0.0,0.0,0.0,0.0,0.0,0.0,0.0,0.0,0.0,0.0,0.0,0.0,0.0,0.0,0.0,0.0,0.0,0.0,0.0,0.0,0.0,0.0,0.0,0.0,0.0,0.0,0.0,0.0,0.0,0.0,0.0,0.0,0.0,0.0,0.0,0.0,0.0,8,2,4,356,110,0,110,110,0,6/17/2014,7/24/2014,8/20/2014,0,110,0,,,,,,,,,,,,,,,,,,,0.0,0.0,0.0,0.0,0.0,0.0,,,,,,,,,,0,0,0,0,0,0,0,0,0,0,0,0,,,,1302,0.0,0.0,0.0
7000099305,109,0.0,0.0,0.0,6/30/2014,7/31/2014,8/31/2014,65.979,54.28,80.785,45.48,36.29,55.08,27.84,30.54,34.49,0.0,0.0,0.0,0.0,0.0,0.0,45.48,36.29,50.41,26.86,29.49,34.49,0.0,0.23,0.0,0.98,0.0,0.0,72.34,66.03,84.91,0.0,0.0,4.66,0.0,0.0,0.0,0.0,0.0,0.0,0.0,0.0,0.0,0.0,0.0,4.66,0.0,0.0,0.0,1.81,2.53,7.24,0.0,0.0,0.0,74.16,68.56,96.83,43.49,47.39,113.98,190.48,130.01,78.91,51.53,4.39,4.69,285.51,181.81,197.59,14.69,12.86,7.34,0.0,0.0,0.0,0.0,0.0,0.0,0.0,0.0,0.0,14.69,12.86,7.34,300.21,194.83,205.13,0.0,0.15,0.18,0.0,0.0,0.0,0.0,0.0,0.0,7,4,5,80,60,90,30,30,30,6/28/2014,7/30/2014,8/28/2014,30,30,30,,,,,,,,,,,,,,,,,,,0.0,0.0,0.0,0.0,0.0,0.0,,,,,,,,,,0,0,0,0,0,0,0,0,0,0,0,0,,,,247,0.0,0.0,0.0
7001163470,109,0.0,0.0,0.0,6/30/2014,7/31/2014,8/31/2014,38.33,30.871,82.11,16.58,21.59,11.86,20.33,24.98,60.71,0.0,0.0,0.0,0.0,0.0,0.0,16.58,21.59,11.86,20.33,24.24,38.83,0.0,0.73,3.89,0.0,0.0,0.0,36.91,46.58,54.59,0.0,0.0,0.0,0.0,0.0,17.96,0.0,0.0,0.0,0.0,0.0,0.0,0.0,0.0,17.96,0.0,0.0,0.0,0.0,0.0,0.01,0.0,0.0,0.0,36.91,46.58,72.58,22.68,45.94,4.78,98.21,28.58,9.84,0.2,0.25,0.0,121.09,74.78,14.63,0.0,0.0,0.0,0.0,0.0,2.2,0.48,0.0,0.0,0.0,0.0,0.0,0.48,0.0,2.2,121.88,75.09,16.83,0.3,0.31,0.0,0.0,0.0,0.0,0.0,0.0,0.0,3,4,3,0,110,0,0,110,0,6/14/2014,7/26/2014,8/26/2014,0,110,0,,,,,,,,,,,,,,,,,,,0.0,0.0,0.0,0.0,0.0,0.0,,,,,,,,,,0,0,0,0,0,0,0,0,0,0,0,0,,,,1237,0.0,0.0,0.0
7001279543,109,0.0,0.0,0.0,6/30/2014,7/31/2014,8/31/2014,271.32,231.439,261.654,7.56,9.68,18.64,256.16,269.13,226.46,0.0,0.0,0.0,0.0,0.0,0.0,7.56,9.68,15.73,47.13,61.03,16.08,18.09,2.06,0.0,0.0,0.0,0.0,72.79,72.78,31.81,0.0,0.0,2.91,190.93,206.03,210.38,0.0,0.0,0.0,0.0,0.0,0.0,190.93,206.03,213.29,0.0,0.0,0.0,0.0,0.0,0.0,0.0,0.0,0.0,263.73,278.81,245.11,22.56,42.56,21.03,26.34,18.18,3.91,17.63,1.34,3.24,66.54,62.09,28.19,5.76,0.0,0.33,0.51,3.79,12.51,0.0,0.0,0.0,0.0,0.0,0.0,6.28,3.79,12.84,74.93,66.91,41.56,0.0,0.0,0.0,0.0,0.0,0.0,2.1,1.01,0.51,6,7,11,317,244,314,67,67,67,6/29/2014,7/28/2014,8/29/2014,50,30,0,,7/14/2014,8/13/2014,,1.0,1.0,,17.0,17.0,,1.0,1.0,,0.0,0.0,,17.0,17.0,0.0,9.92,20.69,0.0,0.0,0.0,,0.0,0.0,,0.0,39.0,,0.0,0.0,0,0,0,0,1,1,0,0,0,0,0,0,,1.0,1.0,992,0.0,0.0,0.0
7001236437,109,0.0,0.0,0.0,6/30/2014,7/31/2014,8/31/2014,75.761,120.941,5.997,13.08,39.48,1.86,37.51,28.98,13.44,0.0,0.0,0.0,0.0,0.0,0.0,13.08,39.48,1.86,37.21,27.66,13.44,0.0,0.0,0.0,0.0,0.51,0.0,50.29,67.14,15.31,0.0,0.0,0.0,0.0,0.8,0.0,0.3,0.0,0.0,0.0,0.0,0.0,0.3,0.8,0.0,0.0,0.0,0.0,0.21,4.91,1.16,0.65,0.0,0.0,51.46,72.86,16.48,58.88,135.26,11.88,30.06,29.28,7.44,0.0,0.0,0.0,88.94,164.54,19.33,0.0,0.0,0.0,2.68,8.14,0.0,0.0,0.0,0.0,0.0,0.0,0.0,2.68,8.14,0.0,91.63,172.69,19.33,0.0,0.0,0.0,0.0,0.0,0.0,0.0,0.0,0.0,3,4,3,110,60,179,110,30,149,6/29/2014,7/19/2014,8/31/2014,110,30,149,,,,,,,,,,,,,,,,,,,0.0,0.0,0.0,0.0,0.0,0.0,,,,,,,,,,0,0,0,0,0,0,0,0,0,0,0,0,,,,581,0.0,0.0,0.0
7001728257,109,0.0,0.0,0.0,6/30/2014,7/31/2014,8/31/2014,0.0,0.0,309.577,,0.0,654.81,,0.0,64.53,,0.0,0.0,,0.0,0.0,,0.0,0.0,,0.0,5.56,,0.0,0.0,,0.0,0.0,,0.0,5.56,,0.0,654.81,,0.0,58.96,,0.0,0.0,,0.0,0.0,,0.0,713.78,,0.0,0.0,,0.0,0.0,,0.0,0.0,0.0,0.0,719.34,,0.0,5.56,,0.61,10.98,,0.0,0.0,,0.61,16.54,,0.0,8.26,,6.95,1.58,,0.0,0.0,,0.0,0.0,,6.95,9.84,0.0,7.56,26.61,,0.0,0.21,,0.0,0.0,,0.0,0.0,1,0,8,0,0,466,0,0,150,6/19/2014,,8/29/2014,0,0,130,,,,,,,,,,,,,,,,,,,0.0,0.0,0.0,0.0,0.0,0.0,,,,,,,,,,0,0,0,0,0,0,0,0,0,0,0,0,,,,332,0.0,0.0,0.0
7001206461,109,0.0,0.0,0.0,6/30/2014,7/31/2014,8/31/2014,0.0,24.485,165.179,,39.58,291.16,,0.0,65.53,,0.0,2.03,,0.0,7.03,,1.4,9.16,,0.0,8.18,,0.0,0.0,,0.0,0.0,,1.4,17.34,,38.18,277.11,,0.0,55.19,,0.0,0.0,,0.0,0.0,,38.18,332.31,,0.0,0.0,,0.0,0.0,,0.0,0.0,0.0,39.58,349.66,,0.0,4.93,,1.53,44.58,,0.0,0.51,,1.53,50.03,,10.16,4.03,,0.0,0.0,,0.0,0.0,,0.0,0.0,,10.16,4.03,0.0,11.69,54.31,,0.0,0.25,,0.0,0.0,,0.0,0.0,4,4,7,0,30,206,0,30,130,6/27/2014,7/22/2014,8/25/2014,0,0,44,,,,,,,,,,,,,,,,,,,0.0,0.0,0.0,0.0,0.0,0.0,,,,,,,,,,0,0,0,0,0,0,0,0,0,0,0,0,,,,488,0.0,0.0,0.0
7000889980,109,0.0,0.0,0.0,6/30/2014,7/31/2014,8/31/2014,290.497,13.864,100.806,14.91,1.31,2.06,55.36,4.76,24.21,0.0,0.0,0.0,0.0,0.0,0.0,14.61,1.31,2.06,45.28,4.76,21.13,0.6,0.0,0.0,0.0,0.0,0.0,60.49,6.08,23.19,0.3,0.0,0.0,9.48,0.0,1.29,0.0,0.0,1.01,0.0,0.0,0.0,9.78,0.0,2.31,0.0,0.0,0.0,0.0,0.0,0.76,0.0,0.0,0.0,70.28,6.08,26.28,51.16,0.03,0.83,84.44,7.36,2.83,0.0,0.0,0.0,135.61,7.39,3.66,0.0,0.0,0.0,138.33,0.0,1.01,0.0,0.0,2.36,0.0,0.0,0.0,138.33,0.0,3.38,273.94,7.39,7.14,0.0,0.0,0.0,0.0,0.0,0.0,0.0,0.0,0.1,7,2,3,330,50,80,120,50,50,6/27/2014,7/23/2014,8/20/2014,120,0,30,,,,,,,,,,,,,,,,,,,0.0,0.0,0.0,0.0,0.0,0.0,,,,,,,,,,0,0,0,0,0,0,0,0,0,0,0,0,,,,571,0.0,201.81,208.24
7000501291,109,0.0,0.0,0.0,6/30/2014,7/31/2014,8/31/2014,265.703,100.173,59.688,63.64,7.43,5.08,134.96,62.26,24.24,0.0,30.38,61.86,0.0,48.16,29.33,24.68,2.85,0.0,55.63,11.18,0.0,0.0,0.0,0.0,5.16,0.0,0.0,80.31,14.03,0.0,38.96,2.68,0.0,73.86,4.81,0.0,0.0,0.0,0.0,0.0,0.0,0.0,112.83,7.49,0.0,0.3,0.0,0.0,5.63,0.0,0.0,5.23,0.0,0.0,204.31,21.53,0.0,19.01,0.48,0.0,96.78,11.38,0.0,0.0,0.0,0.0,115.79,11.86,0.0,11.41,7.11,0.0,7.06,3.15,0.0,0.0,0.0,0.0,0.0,0.0,0.0,18.48,10.26,0.0,134.28,22.18,0.0,0.0,0.0,0.0,0.0,0.0,0.0,0.0,0.05,0.0,16,6,5,297,101,80,50,50,50,6/29/2014,7/23/2014,8/29/2014,30,0,50,6/21/2014,,,1.0,,,17.0,,,1.0,,,0.0,,,17.0,,,0.0,0.0,0.0,83.45,0.0,0.0,0.79,,,0.0,,,0.0,,,0,0,0,1,0,0,0,0,0,0,0,0,1.0,,,545,0.0,0.0,0.0
7001742036,109,0.0,0.0,0.0,6/30/2014,7/31/2014,8/31/2014,331.004,236.227,475.028,90.24,21.29,62.78,148.38,118.78,207.66,0.0,0.0,0.0,0.0,0.0,0.0,90.24,21.29,62.78,148.38,115.49,207.66,0.0,0.0,0.0,0.0,0.0,0.0,238.63,136.79,270.44,0.0,0.0,0.0,0.0,3.28,0.0,0.0,0.0,0.0,0.0,0.0,0.0,0.0,3.28,0.0,0.0,0.0,0.0,0.0,0.0,0.23,0.0,0.0,0.0,238.63,140.08,270.68,426.28,127.06,1123.86,100.48,1277.94,714.78,0.0,0.65,0.0,526.76,1405.66,1838.64,1.26,1.88,1.96,0.0,0.0,0.0,0.0,0.0,0.0,0.0,0.0,0.0,1.26,1.88,1.96,528.03,1407.54,1840.61,0.0,0.0,0.0,0.0,0.0,0.0,0.0,0.0,0.0,9,8,12,360,290,549,55,55,55,6/27/2014,7/27/2014,8/30/2014,55,55,55,,,,,,,,,,,,,,,,,,,0.0,0.0,0.0,0.0,0.0,0.0,,,,,,,,,,0,0,0,0,0,0,0,0,0,0,0,0,,,,782,0.0,0.0,0.0
7002117638,109,0.0,0.0,0.0,6/30/2014,7/31/2014,8/31/2014,286.82,308.69,250.62,21.04,15.59,12.09,80.08,85.03,69.71,0.0,0.0,0.0,0.0,0.0,0.0,21.04,15.59,12.09,68.36,70.84,57.11,1.05,2.46,3.06,0.0,0.0,0.0,90.46,88.91,72.28,0.0,0.0,0.0,6.78,0.0,9.53,3.88,0.28,0.0,0.0,0.0,0.0,10.66,0.28,9.53,0.0,1.38,0.0,0.0,10.04,0.0,0.0,0.0,0.0,101.13,100.63,81.81,29.59,6.26,17.98,107.48,80.01,73.44,4.46,11.06,2.06,141.54,97.34,93.49,4.63,1.55,0.0,12.66,0.0,0.0,0.0,3.58,0.0,0.0,0.0,0.0,17.29,5.13,0.0,174.71,144.54,137.43,0.0,0.0,0.0,15.86,42.06,43.93,0.0,0.0,0.0,7,7,2,330,360,130,110,250,130,6/30/2014,7/31/2014,8/29/2014,110,0,130,,7/31/2014,8/28/2014,,2.0,1.0,,252.0,252.0,,0.0,0.0,,2.0,1.0,,504.0,252.0,0.0,28.83,54.83,0.0,816.04,668.32,,546.87,220.9,,424.54,212.17,,0.0,0.0,0,0,0,0,0,0,0,2,1,0,0,0,,1.0,1.0,1765,486.52,505.09,725.33
7002036052,109,0.0,0.0,0.0,6/30/2014,7/31/2014,8/31/2014,75.015,176.047,324.44,65.33,44.58,673.06,18.14,15.16,125.06,0.0,0.0,0.0,0.0,0.0,0.0,0.0,0.0,0.0,0.99,8.91,2.31,0.0,0.0,0.76,1.5,0.0,3.48,0.99,8.91,3.08,65.33,44.58,673.06,14.68,6.25,118.49,0.0,0.0,0.0,0.0,0.0,0.0,80.01,50.83,791.56,0.0,0.0,0.0,2.46,0.0,3.48,1.04,0.0,0.0,84.53,59.74,798.13,0.35,0.0,0.2,10.23,2.43,1.53,0.0,0.0,0.0,10.58,2.43,1.73,0.11,0.0,26.69,2.04,0.0,3.51,6.48,0.0,0.0,0.0,0.0,0.0,8.64,0.0,30.21,19.23,2.43,31.94,0.0,0.0,0.0,0.0,0.0,0.0,0.0,0.0,0.0,4,4,6,130,160,391,110,110,130,6/27/2014,7/28/2014,8/29/2014,110,50,50,,,8/6/2014,,,1.0,,,149.0,,,1.0,,,0.0,,,149.0,0.0,0.0,0.0,0.0,0.0,0.0,,,0.0,,,0.0,,,0.0,0,0,1,0,0,0,0,0,0,0,0,0,,,0.0,773,0.0,0.0,37.76
7001133332,109,0.0,0.0,0.0,6/30/2014,7/31/2014,8/31/2014,631.87,598.895,781.828,339.43,486.78,539.54,254.24,343.61,371.21,49.54,0.0,0.0,59.06,0.0,0.0,307.38,486.78,537.28,196.89,284.83,292.66,12.76,10.81,59.34,0.0,0.0,0.0,517.04,782.43,889.29,2.83,0.0,2.26,7.53,47.96,14.43,7.19,0.0,0.0,0.0,0.0,0.0,17.56,47.96,16.69,0.0,0.0,0.0,2.36,5.36,4.76,0.0,0.0,0.0,536.98,835.76,910.76,302.68,357.86,323.38,151.18,228.96,310.61,11.06,12.04,18.24,464.93,598.88,652.24,3.58,1.53,0.0,0.5,46.09,20.01,2.1,0.0,0.0,0.0,0.0,0.0,6.18,47.63,20.01,473.53,647.96,678.36,0.14,0.0,0.0,0.0,0.0,0.28,2.26,1.44,5.81,7,7,4,840,628,1097,200,200,619,6/28/2014,7/31/2014,8/28/2014,200,50,250,,,8/21/2014,,,1.0,,,198.0,,,1.0,,,0.0,,,198.0,0.0,0.0,65.35,0.0,0.0,164.59,,,-0.09,,,4.75,,,0.0,0,0,1,0,0,0,0,0,0,0,0,0,,,1.0,1310,192.19,0.0,0.0
7001310316,109,0.0,0.0,0.0,6/30/2014,7/31/2014,8/31/2014,82.41,249.959,179.902,38.14,420.38,328.13,6.64,22.89,23.54,3.51,0.0,0.0,13.69,0.0,0.0,0.31,4.24,9.79,3.16,5.88,8.89,0.0,8.78,0.0,0.0,0.0,0.0,3.48,18.91,18.69,27.61,416.13,318.33,0.0,8.23,14.64,0.0,0.0,0.0,0.0,0.0,0.0,27.61,424.36,332.98,0.0,0.0,0.0,0.0,0.0,0.0,0.0,0.0,0.0,31.09,443.28,351.68,8.88,19.19,2.16,5.66,38.18,9.96,0.0,2.11,0.44,14.54,59.49,12.58,0.0,3.68,4.6,5.7,30.16,14.89,0.0,5.45,0.0,0.0,0.0,0.0,5.7,39.29,19.49,20.24,198.38,39.84,0.0,0.0,0.0,0.0,99.51,7.76,0.0,0.06,0.0,5,10,9,96,304,210,36,65,44,6/28/2014,7/28/2014,8/31/2014,36,65,0,,,,,,,,,,,,,,,,,,,0.0,0.0,0.0,0.0,0.0,0.0,,,,,,,,,,0,0,0,0,0,0,0,0,0,0,0,0,,,,3238,0.0,0.0,0.0
7001541709,109,0.0,0.0,0.0,6/30/2014,7/31/2014,8/31/2014,113.839,43.584,30.259,50.91,0.36,19.61,62.21,43.58,7.13,0.0,0.0,0.0,0.0,0.0,0.0,50.91,0.36,19.61,61.96,43.58,4.78,0.0,0.0,0.0,0.05,0.0,0.0,112.88,43.94,24.39,0.0,0.0,0.0,0.0,0.0,0.0,0.0,0.0,0.0,0.0,0.0,0.0,0.0,0.0,0.0,0.0,0.0,0.0,1.53,0.0,2.85,0.0,0.0,0.0,114.41,43.94,27.24,27.78,1.33,0.71,239.74,113.88,73.21,0.0,0.0,0.0,267.53,115.21,73.93,0.0,0.0,0.0,0.0,0.0,0.0,0.0,0.0,0.0,0.0,0.0,0.0,0.0,0.0,0.0,267.53,115.21,73.93,0.0,0.0,0.0,0.0,0.0,0.0,0.0,0.0,0.0,4,2,3,80,50,100,50,50,50,6/20/2014,7/25/2014,8/28/2014,30,0,50,,,,,,,,,,,,,,,,,,,0.0,0.0,0.0,0.0,0.0,0.0,,,,,,,,,,0,0,0,0,0,0,0,0,0,0,0,0,,,,1162,0.0,0.0,0.0
7000068127,109,0.0,0.0,0.0,6/30/2014,7/31/2014,8/31/2014,242.464,209.731,220.057,6.61,20.84,140.14,393.83,380.91,249.66,0.0,0.0,0.0,0.0,0.0,0.0,6.61,10.36,44.49,10.59,3.41,6.74,0.0,0.0,0.0,0.0,1.98,0.0,17.21,13.78,51.24,0.0,10.48,95.64,383.23,375.41,242.91,0.0,0.0,0.0,0.0,0.0,0.0,383.23,385.89,338.56,0.0,0.1,0.0,0.0,1.98,0.0,0.0,0.0,0.0,400.44,401.76,389.81,3.21,8.13,8.68,1.16,0.0,1.66,0.0,0.0,0.0,4.38,8.13,10.34,0.0,0.25,0.0,23.88,2.66,8.43,0.0,0.0,0.0,0.0,0.0,0.0,23.88,2.91,8.43,28.26,16.14,18.78,0.0,0.0,0.0,0.0,0.0,0.0,0.0,5.1,0.0,5,4,4,376,274,166,110,128,130,6/24/2014,7/24/2014,8/17/2014,110,128,0,,,,,,,,,,,,,,,,,,,0.0,0.0,0.0,0.0,0.0,0.0,,,,,,,,,,0,0,0,0,0,0,0,0,0,0,0,0,,,,229,0.0,0.0,0.0
7002330872,109,0.0,0.0,0.0,6/30/2014,7/31/2014,8/31/2014,288.445,125.14,124.716,53.19,0.05,7.66,227.28,185.43,110.29,33.73,0.0,0.0,9.51,0.0,0.0,44.83,0.05,3.83,67.01,27.58,11.14,0.0,5.99,1.45,0.0,13.3,0.0,111.84,33.63,16.43,2.01,0.0,3.83,157.09,138.54,97.69,0.0,0.0,0.0,0.0,0.0,0.0,159.11,138.54,101.53,0.0,0.0,0.0,0.0,13.3,0.0,0.0,0.0,0.0,270.96,185.48,117.96,81.64,50.68,84.33,196.56,134.98,90.41,16.73,95.99,127.14,294.94,281.66,301.89,27.78,10.75,9.16,59.19,8.98,48.11,0.0,0.0,0.0,0.0,0.0,0.0,86.98,19.73,57.28,381.93,301.39,359.18,0.0,0.0,0.0,0.0,0.0,0.0,0.0,0.0,0.0,6,3,6,291,125,145,90,65,65,6/27/2014,7/19/2014,8/25/2014,36,65,30,,,,,,,,,,,,,,,,,,,0.0,0.0,0.0,0.0,0.0,0.0,,,,,,,,,,0,0,0,0,0,0,0,0,0,0,0,0,,,,1665,0.0,0.0,0.0
7001178951,109,0.0,0.0,0.0,6/30/2014,7/31/2014,8/31/2014,153.831,164.633,255.402,81.34,168.16,189.06,48.64,21.96,34.88,0.0,0.0,0.0,0.0,0.0,0.0,0.0,3.06,4.51,23.58,19.38,24.01,0.0,0.0,0.0,0.0,0.0,0.0,23.58,22.44,28.53,81.34,165.09,184.54,25.06,2.58,10.86,0.0,0.0,0.0,0.0,0.0,0.0,106.41,167.68,195.41,0.0,0.0,0.0,0.0,0.0,0.0,0.0,0.0,0.0,129.99,190.13,223.94,10.61,18.14,12.56,88.43,68.01,37.59,0.0,0.0,0.0,99.04,86.16,50.16,15.11,6.64,4.09,16.66,0.0,5.03,0.0,0.0,0.0,0.0,0.0,0.0,31.78,6.64,9.13,131.13,93.01,60.54,0.3,0.2,1.25,0.0,0.0,0.0,0.0,0.0,0.0,11,12,18,160,186,297,20,36,67,6/27/2014,7/30/2014,8/31/2014,20,20,20,,,,,,,,,,,,,,,,,,,0.0,0.0,0.0,0.0,0.0,0.0,,,,,,,,,,0,0,0,0,0,0,0,0,0,0,0,0,,,,894,0.0,0.0,0.0
7000850521,109,0.0,0.0,0.0,6/30/2014,7/31/2014,8/31/2014,52.528,62.674,60.009,16.39,25.14,13.46,33.24,32.68,37.03,0.0,0.0,0.0,0.0,0.0,0.0,16.39,25.14,13.46,33.24,32.58,37.03,0.0,0.0,0.0,0.0,0.0,0.0,49.64,57.73,50.49,0.0,0.0,0.0,0.0,0.1,0.0,0.0,0.0,0.0,0.0,0.0,0.0,0.0,0.1,0.0,0.0,0.0,0.0,0.0,0.0,0.0,0.0,0.0,0.0,49.64,57.83,50.49,7.48,59.99,47.34,92.58,113.78,79.08,0.0,0.0,0.06,100.06,173.78,126.49,0.0,0.0,0.0,0.86,0.0,1.03,0.0,0.0,0.0,0.0,0.0,0.0,0.86,0.0,1.03,101.39,173.88,127.64,0.46,0.0,0.01,0.0,0.0,0.0,0.0,0.1,0.1,4,4,4,60,60,60,30,30,30,6/29/2014,7/28/2014,8/26/2014,30,30,0,,,,,,,,,,,,,,,,,,,0.0,0.0,0.0,0.0,0.0,0.0,,,,,,,,,,0,0,0,0,0,0,0,0,0,0,0,0,,,,893,0.0,0.0,0.0
7001137590,109,0.0,0.0,0.0,6/30/2014,7/31/2014,8/31/2014,275.521,163.641,184.552,110.79,63.86,65.51,167.09,109.18,147.71,0.0,0.0,0.0,0.0,0.0,0.0,11.39,14.38,18.19,10.44,9.26,19.09,0.91,0.0,2.23,0.0,0.0,0.0,22.76,23.64,39.53,99.39,49.48,47.31,155.73,99.91,126.38,0.0,0.0,0.0,0.0,0.0,0.0,255.13,149.39,173.69,0.0,0.45,0.0,0.0,0.0,0.0,0.0,0.0,0.0,277.89,173.49,213.23,6.54,4.58,1.48,40.24,34.64,29.91,1.99,1.25,1.11,48.79,40.48,32.51,0.88,31.96,23.84,23.08,9.98,13.48,0.0,0.0,0.0,0.0,0.0,0.0,23.96,41.94,37.33,134.06,120.74,120.63,0.0,0.0,0.0,61.29,38.31,50.78,0.0,0.0,0.0,7,3,2,387,110,174,145,110,130,6/30/2014,7/25/2014,8/25/2014,110,0,130,6/3/2014,,,1.0,,,145.0,,,0.0,,,1.0,,,145.0,,,0.91,0.0,0.0,487.17,0.0,0.0,122.07,,,122.07,,,0.0,,,0,0,0,0,0,0,1,0,0,0,0,0,1.0,,,2464,0.0,0.0,108.47
7000694119,109,0.0,0.0,0.0,6/30/2014,7/31/2014,8/31/2014,311.588,313.068,261.769,28.73,34.81,6.41,181.83,223.99,168.41,0.0,0.0,0.0,0.0,0.0,0.0,27.39,34.81,3.24,153.99,214.69,153.28,12.81,9.3,0.0,0.0,0.0,0.0,194.21,258.81,156.53,1.33,0.0,3.16,7.46,0.0,0.23,0.0,0.0,0.0,0.0,0.0,0.0,8.79,0.0,3.39,0.0,0.0,0.0,16.58,8.13,23.34,3.21,0.0,0.0,222.81,266.94,183.28,13.71,2.13,8.56,122.43,137.18,134.13,17.93,10.09,0.51,154.08,149.41,143.21,0.0,0.0,5.61,8.33,7.48,4.05,0.0,0.0,0.0,0.0,0.0,0.0,8.33,7.48,9.66,163.03,159.73,153.41,0.25,0.26,0.0,0.0,0.0,0.0,0.36,2.56,0.53,13,14,12,335,355,300,50,50,30,6/28/2014,7/29/2014,8/30/2014,30,30,30,6/28/2014,7/8/2014,,4.0,1.0,,25.0,25.0,,4.0,1.0,,0.0,0.0,,100.0,25.0,,128.92,75.53,0.0,0.0,0.0,0.0,0.0,0.0,,0.7,11.21,,0.0,0.0,,0,0,0,4,1,0,0,0,0,0,0,0,1.0,1.0,,1277,0.0,0.0,0.0
7000746955,109,0.0,0.0,0.0,6/30/2014,7/31/2014,8/31/2014,788.179,548.44,16.23,1064.98,758.44,0.0,396.54,193.01,4.86,259.49,11.26,5.48,1461.53,94.14,4.86,0.0,0.0,0.0,0.0,52.33,0.0,0.0,0.0,0.0,0.0,0.0,0.0,0.0,52.33,0.0,0.0,678.79,0.0,0.0,126.18,0.0,0.0,0.0,0.0,0.0,0.0,0.0,0.0,804.98,0.0,0.0,0.0,0.0,0.0,0.0,0.0,0.0,0.0,0.0,0.0,857.31,0.0,0.0,0.0,0.0,0.0,35.03,0.0,0.0,0.0,0.0,0.0,35.03,0.0,0.0,61.33,0.0,0.0,12.81,0.0,0.0,0.0,0.0,0.0,0.0,0.0,0.0,74.14,0.0,0.0,109.18,0.0,0.0,0.0,0.0,0.0,0.0,0.0,0.0,0.0,0.0,19,23,3,943,636,0,100,100,0,6/30/2014,7/31/2014,8/29/2014,0,0,0,,,,,,,,,,,,,,,,,,,0.0,0.0,0.0,0.0,0.0,0.0,,,,,,,,,,0,0,0,0,0,0,0,0,0,0,0,0,,,,911,0.0,0.0,0.0
7000057033,109,0.0,0.0,0.0,6/30/2014,7/31/2014,8/31/2014,714.359,561.424,667.737,189.71,111.43,105.68,297.73,217.26,332.53,0.0,0.0,0.0,0.0,0.0,0.0,107.11,45.21,27.78,40.54,42.41,64.71,0.0,0.0,0.0,0.0,0.0,0.0,147.66,87.63,92.49,82.59,66.21,77.89,257.18,174.84,267.33,0.0,0.0,0.0,0.0,0.0,0.0,339.78,241.06,345.23,0.0,0.0,0.0,1.71,0.05,0.48,0.0,0.0,0.0,489.16,328.74,438.21,88.99,32.33,9.13,15.98,19.63,38.48,0.0,0.0,0.0,104.98,51.96,47.61,0.58,0.0,2.79,4.48,8.28,9.36,0.0,0.0,0.0,0.0,0.0,0.0,5.06,8.28,12.16,110.19,60.24,60.04,0.0,0.0,0.0,0.0,0.0,0.0,0.15,0.0,0.26,18,13,18,850,650,763,100,50,100,6/28/2014,7/30/2014,8/29/2014,50,50,61,,,8/14/2014,,,3.0,,,25.0,,,3.0,,,0.0,,,67.0,0.0,0.0,0.0,0.0,0.0,219.71,,,52.82,,,0.0,,,0.0,0,0,0,0,0,3,0,0,0,0,0,0,,,1.0,241,0.0,0.0,0.0
7001007874,109,0.0,0.0,0.0,6/30/2014,7/31/2014,8/31/2014,65.06,51.7,50.11,19.13,10.01,13.48,47.54,38.66,32.03,0.0,0.0,0.0,0.0,0.0,0.0,19.13,10.01,12.38,41.21,19.58,22.23,2.18,1.68,0.0,0.0,0.0,0.0,62.53,31.28,34.61,0.0,0.0,1.1,4.14,17.4,9.8,0.0,0.0,0.0,0.0,0.0,0.0,4.14,17.4,10.9,0.0,0.0,0.0,0.0,0.0,0.0,0.0,0.0,0.0,66.68,48.68,45.51,26.84,25.01,24.86,59.83,36.98,83.44,21.16,20.51,18.28,107.84,82.51,126.59,0.0,0.0,0.0,49.39,77.24,41.84,0.0,0.18,0.91,0.0,0.0,0.0,49.39,77.43,42.76,157.24,159.94,169.36,0.0,0.0,0.0,0.0,0.0,0.0,0.0,0.0,0.0,4,5,2,0,120,0,0,120,0,6/23/2014,7/25/2014,8/18/2014,0,0,0,6/23/2014,7/21/2014,8/18/2014,2.0,2.0,1.0,152.0,152.0,145.0,1.0,1.0,0.0,1.0,1.0,1.0,304.0,304.0,145.0,3.41,3.21,4.13,349.3,446.82,340.71,63.92,66.87,123.64,63.96,63.96,122.07,0.0,0.0,0.0,0,0,0,1,1,0,0,0,1,1,1,0,1.0,1.0,1.0,2344,165.39,188.52,77.97
7001495597,109,0.0,0.0,0.0,6/30/2014,7/31/2014,8/31/2014,348.9,273.981,123.689,31.13,10.06,13.76,336.38,246.14,111.39,0.0,0.0,0.0,0.0,0.0,0.0,31.13,10.06,9.68,314.86,237.26,94.04,2.46,0.0,2.38,9.96,0.0,5.41,348.46,247.33,106.11,0.0,0.0,4.08,7.18,8.88,6.99,0.0,0.0,0.0,0.0,0.0,0.0,7.18,8.88,11.08,0.0,0.0,0.0,14.69,8.91,18.06,3.39,0.0,0.0,373.74,265.13,135.26,31.16,31.34,7.69,320.26,434.33,148.39,20.61,13.96,11.96,372.04,479.64,168.06,0.0,1.75,4.83,12.91,27.78,15.14,0.0,0.0,0.0,0.0,0.0,0.0,12.91,29.53,19.98,384.96,509.18,188.04,0.0,0.0,0.0,0.0,0.0,0.0,0.0,0.0,0.0,13,10,4,418,315,154,50,50,50,6/29/2014,7/28/2014,8/30/2014,50,44,50,,,,,,,,,,,,,,,,,,,0.0,0.0,0.0,0.0,0.0,0.0,,,,,,,,,,0,0,0,0,0,0,0,0,0,0,0,0,,,,459,0.0,0.0,0.0
7001965301,109,0.0,0.0,0.0,6/30/2014,7/31/2014,8/31/2014,99.884,167.568,109.378,7.28,9.96,12.04,65.39,82.14,68.71,0.0,0.0,0.0,0.0,0.0,0.0,7.28,9.96,12.04,59.74,79.74,68.71,2.53,2.4,0.0,0.0,0.0,0.0,69.56,92.11,80.76,0.0,0.0,0.0,0.0,0.0,0.0,3.11,0.0,0.0,0.0,0.0,0.0,3.11,0.0,0.0,0.0,0.0,0.0,0.0,0.0,0.0,0.0,0.0,0.0,72.68,92.11,80.76,9.94,7.81,4.93,14.31,17.96,45.33,0.0,0.53,0.0,24.26,26.31,50.26,0.0,0.0,0.0,0.0,0.0,0.0,5.06,0.0,0.0,0.0,0.0,0.0,5.06,0.0,0.0,29.33,26.31,50.36,0.0,0.0,0.0,0.0,0.0,0.1,0.0,0.0,0.0,4,6,9,100,217,120,50,110,30,6/26/2014,7/29/2014,8/30/2014,0,30,30,,,,,,,,,,,,,,,,,,,0.0,0.0,0.0,0.0,0.0,0.0,,,,,,,,,,0,0,0,0,0,0,0,0,0,0,0,0,,,,1241,0.0,0.0,0.0
7001455743,109,0.0,0.0,0.0,6/30/2014,7/31/2014,8/31/2014,372.154,1303.028,671.392,14.48,0.0,37.71,79.69,6.01,1.01,0.0,0.0,0.0,0.0,0.0,0.0,14.48,0.0,37.71,79.69,6.01,1.01,0.0,0.0,0.0,0.0,0.0,0.0,94.18,6.01,38.73,0.0,0.0,0.0,0.0,0.0,0.0,0.0,0.0,0.0,0.0,0.0,0.0,0.0,0.0,0.0,0.0,0.0,0.0,1.94,1.36,0.78,0.0,0.0,0.0,96.13,7.38,39.51,18.49,2.61,14.34,29.63,44.39,30.44,1.06,0.51,0.0,49.19,47.53,44.79,0.0,0.0,0.0,1.11,0.36,14.26,0.0,0.0,0.0,0.0,0.0,0.0,1.11,0.36,14.26,50.61,47.89,59.06,0.0,0.0,0.0,0.0,0.0,0.0,0.3,0.0,0.0,7,10,5,438,1570,756,154,252,252,6/24/2014,7/29/2014,8/26/2014,50,50,252,6/21/2014,7/27/2014,8/26/2014,2.0,7.0,3.0,154.0,252.0,252.0,2.0,3.0,0.0,0.0,4.0,3.0,308.0,1470.0,756.0,0.0,3.55,17.82,2898.04,6619.33,5189.74,0.02,848.71,636.53,0.0,848.68,636.51,0.0,0.0,0.0,2,3,0,0,0,0,0,4,3,0,0,0,1.0,1.0,1.0,870,1026.26,771.54,0.0
7000129922,109,0.0,0.0,0.0,6/30/2014,7/31/2014,8/31/2014,288.611,186.087,276.764,308.93,224.94,436.86,25.21,31.63,55.14,32.26,0.0,0.0,92.26,0.0,0.0,6.98,15.31,28.26,1.76,13.78,12.14,0.0,2.98,0.36,0.0,0.0,6.48,8.74,32.08,40.78,219.01,209.63,408.59,14.11,14.86,36.14,0.0,0.0,0.0,0.0,0.0,0.0,233.13,224.49,444.74,0.0,0.0,0.0,0.0,0.0,6.48,0.0,0.0,0.0,241.88,256.58,492.01,15.53,30.01,132.09,5.04,27.76,14.39,0.0,3.26,2.61,20.58,61.04,149.11,0.0,8.89,2.05,4.34,19.38,3.81,0.0,0.0,0.0,0.0,0.0,0.0,4.34,28.28,5.86,25.68,89.33,155.28,0.75,0.0,0.29,0.0,0.0,0.0,0.0,0.0,0.0,6,8,11,366,216,340,110,110,144,6/25/2014,7/24/2014,8/31/2014,50,0,50,,,,,,,,,,,,,,,,,,,0.0,0.0,0.0,0.0,0.0,0.0,,,,,,,,,,0,0,0,0,0,0,0,0,0,0,0,0,,,,829,0.0,0.0,0.0
7000432947,109,0.0,0.0,0.0,6/30/2014,7/31/2014,8/31/2014,97.617,77.584,196.952,0.41,3.58,24.83,103.86,100.24,187.79,0.0,0.0,0.0,0.0,0.0,0.0,0.41,3.58,24.83,69.44,75.86,160.94,27.36,24.38,26.84,0.25,0.0,0.0,97.23,103.83,212.63,0.0,0.0,0.0,0.36,0.0,0.0,6.43,0.0,0.0,0.0,0.0,0.0,6.79,0.0,0.0,0.0,0.0,0.0,0.25,0.0,0.03,0.0,0.0,0.0,104.28,103.83,212.66,0.35,5.86,9.98,67.36,32.56,111.23,10.24,3.4,1.25,77.96,41.83,122.46,0.0,0.0,0.0,1.21,2.96,0.4,0.0,0.0,0.0,0.0,0.0,0.0,1.21,2.96,0.4,79.18,44.79,122.86,0.0,0.0,0.0,0.0,0.0,0.0,0.0,0.0,0.0,4,3,3,159,169,260,159,169,130,6/14/2014,7/24/2014,8/31/2014,0,0,130,,,,,,,,,,,,,,,,,,,0.0,0.0,0.0,0.0,0.0,0.0,,,,,,,,,,0,0,0,0,0,0,0,0,0,0,0,0,,,,418,0.0,0.0,0.0
7000390362,109,0.0,0.0,0.0,6/30/2014,7/31/2014,8/31/2014,12.596,394.302,419.032,3.06,229.98,212.16,0.0,276.26,521.01,0.0,0.0,0.0,0.0,0.0,0.0,0.0,7.24,24.31,0.0,15.24,11.96,0.0,0.0,0.0,0.0,0.0,25.73,0.0,22.49,36.28,3.06,222.73,187.84,0.0,258.53,469.96,0.0,0.0,0.0,0.0,0.0,0.0,3.06,481.26,657.81,0.0,0.0,0.0,0.0,2.48,39.08,3.81,0.0,0.0,6.88,506.24,733.18,0.71,9.93,65.39,0.0,15.91,29.98,0.0,0.0,0.0,0.71,25.84,95.38,0.0,4.76,7.76,0.0,74.48,68.91,0.0,0.0,0.0,0.0,0.0,0.0,0.0,79.24,76.68,0.71,105.09,223.01,0.0,0.0,0.0,0.0,0.0,50.94,0.0,0.0,0.0,2,15,15,14,496,436,14,50,50,6/17/2014,7/31/2014,8/31/2014,0,50,50,6/15/2014,,,1.0,,,14.0,,,1.0,,,0.0,,,14.0,,,27.03,0.0,0.0,0.0,0.0,0.0,0.0,,,8.19,,,0.0,,,0,0,0,1,0,0,0,0,0,0,0,0,1.0,,,486,0.0,0.0,0.0
7002238576,109,0.0,0.0,0.0,6/30/2014,7/31/2014,8/31/2014,120.352,102.227,92.496,11.21,5.68,6.41,75.94,53.66,44.99,0.0,0.0,0.0,0.0,0.0,0.0,11.21,5.68,6.41,68.58,53.66,40.13,5.1,0.0,1.09,1.08,0.0,1.71,84.89,59.34,47.64,0.0,0.0,0.0,0.0,0.0,0.0,0.0,0.0,0.0,0.0,0.0,0.0,0.0,0.0,0.0,0.0,0.0,0.0,2.26,6.05,3.76,0.0,0.0,0.0,87.16,65.39,51.41,0.78,0.0,11.56,70.79,59.23,21.41,2.68,0.0,0.0,74.26,59.23,32.98,0.0,0.0,0.0,0.0,0.0,0.0,0.0,0.0,0.0,0.0,0.0,0.0,0.0,0.0,0.0,74.31,59.74,34.58,0.0,0.51,0.0,0.0,0.0,0.0,0.05,0.0,1.6,13,10,8,110,120,120,10,20,30,6/29/2014,7/25/2014,8/31/2014,10,20,30,,,,,,,,,,,,,,,,,,,0.0,0.0,0.0,0.0,0.0,0.0,,,,,,,,,,0,0,0,0,0,0,0,0,0,0,0,0,,,,311,0.0,0.0,0.0
7000108587,109,0.0,0.0,0.0,6/30/2014,7/31/2014,8/31/2014,47.789,49.387,88.627,2.39,13.83,45.83,51.54,57.99,100.09,0.0,0.0,0.0,0.0,0.0,0.0,2.39,13.83,45.83,49.09,57.99,94.51,0.0,0.0,0.0,0.0,0.0,5.58,51.49,71.83,140.34,0.0,0.0,0.0,0.0,0.0,0.0,0.0,0.0,0.0,0.0,0.0,0.0,0.0,0.0,0.0,0.0,0.0,0.0,2.45,0.0,5.58,2.65,0.0,0.0,56.59,71.83,145.93,122.68,30.68,71.68,223.63,206.78,162.34,0.0,0.0,0.0,346.31,237.46,234.03,0.0,0.0,0.0,0.0,0.0,0.0,0.0,0.0,0.21,0.0,0.0,0.0,0.0,0.0,0.21,346.31,239.03,234.24,0.0,0.0,0.0,0.0,1.56,0.0,0.0,0.0,0.0,5,6,5,80,130,142,30,110,130,6/22/2014,7/24/2014,8/26/2014,30,0,0,,,,,,,,,,,,,,,,,,,0.0,0.0,0.0,0.0,0.0,0.0,,,,,,,,,,0,0,0,0,0,0,0,0,0,0,0,0,,,,388,0.0,0.0,0.0
7000023551,109,0.0,0.0,0.0,6/30/2014,7/31/2014,8/31/2014,-0.5,130.944,160.689,0.56,0.0,0.0,7.85,0.05,0.0,0.0,0.0,0.0,8.41,0.88,0.0,0.0,0.0,0.0,0.0,0.0,0.0,0.0,0.0,0.0,1.5,0.0,0.0,0.0,0.0,0.0,0.0,0.0,0.0,0.0,0.0,0.0,0.0,0.0,0.0,0.0,0.0,0.0,0.0,0.0,0.0,0.0,0.0,0.0,0.0,0.0,0.0,0.0,0.0,0.0,0.0,0.0,0.0,0.0,0.0,0.0,0.0,0.0,0.76,0.0,0.0,0.0,0.0,0.0,0.76,0.0,0.0,0.0,0.0,0.0,0.0,0.0,0.0,0.0,0.0,0.0,0.0,0.0,0.0,0.0,0.0,0.0,0.76,0.0,0.0,0.0,0.0,0.0,0.0,0.0,0.0,0.0,1,2,5,0,154,188,0,154,154,6/17/2014,7/21/2014,8/31/2014,0,154,17,,7/21/2014,8/31/2014,,1.0,3.0,,154.0,154.0,,1.0,3.0,,0.0,0.0,,154.0,188.0,0.0,9.72,114.53,0.0,392.8,1468.5,,0.3,0.03,,0.2,0.0,,0.0,0.0,0,1,1,0,0,2,0,0,0,0,0,0,,1.0,1.0,187,1063.99,310.31,0.0
7001562946,109,0.0,0.0,0.0,6/30/2014,7/31/2014,8/31/2014,275.013,0.0,-5.0,309.83,0.0,,231.86,0.0,,0.0,0.0,,0.0,0.0,,6.23,0.0,,140.29,0.0,,0.0,0.0,,0.0,0.0,,146.53,0.0,,303.59,0.0,,91.56,0.0,,0.0,0.0,,0.0,0.0,,395.16,0.0,,0.0,0.0,,0.0,0.0,,0.0,0.0,,541.69,0.0,0.0,1.14,0.0,,131.94,6.51,,0.41,0.0,,133.51,6.51,,3.83,0.0,,11.68,0.0,,0.0,0.0,,0.0,0.0,,15.51,0.0,,149.03,6.51,0.0,0.0,0.0,,0.0,0.0,,0.0,0.0,,3,1,1,290,0,0,110,0,0,6/17/2014,7/1/2014,8/25/2014,110,0,0,,,,,,,,,,,,,,,,,,,0.0,0.0,0.0,0.0,0.0,0.0,,,,,,,,,,0,0,0,0,0,0,0,0,0,0,0,0,,,,500,0.0,0.0,0.0
7000688801,109,0.0,0.0,0.0,6/30/2014,7/31/2014,8/31/2014,449.862,102.599,105.675,6.26,13.89,9.19,297.94,142.61,49.43,9.23,0.0,0.0,129.09,0.0,0.0,0.25,13.89,9.19,13.09,12.11,43.13,0.0,0.25,0.0,0.0,0.0,0.0,13.34,26.26,52.33,6.01,0.0,0.0,155.59,130.24,6.29,0.0,0.0,0.0,0.0,0.0,0.0,161.61,130.24,6.29,0.0,0.0,0.0,0.15,0.48,0.0,0.0,0.0,0.0,175.11,156.99,58.63,0.23,4.03,3.61,0.4,31.01,152.19,0.98,2.71,0.96,1.61,37.76,156.78,0.0,0.0,0.0,2.28,11.41,0.0,0.23,0.0,0.0,0.0,0.0,0.0,2.51,11.41,0.0,4.18,49.18,156.98,0.05,0.0,0.19,0.0,0.0,0.0,0.0,0.0,0.0,13,3,11,490,120,117,120,110,20,6/30/2014,7/27/2014,8/28/2014,10,10,7,6/21/2014,,,2.0,,,25.0,,,2.0,,,0.0,,,50.0,,,11.37,0.0,0.0,140.49,0.0,0.0,0.0,,,0.6,,,0.0,,,0,0,0,2,0,0,0,0,0,0,0,0,1.0,,,300,0.0,0.0,0.0
7001490690,109,0.0,0.0,0.0,6/30/2014,7/31/2014,8/31/2014,159.141,81.26,156.272,51.59,60.53,115.61,18.89,4.61,5.29,565.06,911.61,608.49,70.49,69.58,120.91,0.0,0.0,0.0,0.0,0.0,0.0,0.0,0.0,0.0,6.73,4.43,0.0,0.0,0.0,0.0,0.0,0.0,0.0,0.0,0.0,0.0,0.0,0.0,0.0,0.0,0.0,0.0,0.0,0.0,0.0,0.0,0.0,0.0,0.0,0.0,0.0,0.0,0.0,0.0,0.0,0.0,0.0,0.0,0.0,0.0,0.0,0.0,0.0,0.0,0.0,0.0,0.0,0.0,0.0,0.0,0.0,0.0,0.0,0.0,0.0,0.0,0.0,0.0,0.0,0.0,0.0,0.0,0.0,0.0,0.0,0.0,0.0,0.0,0.0,0.0,0.0,0.0,0.0,0.0,0.0,0.0,4,3,5,183,126,176,90,50,50,6/18/2014,7/27/2014,8/30/2014,26,50,50,,,,,,,,,,,,,,,,,,,0.0,0.0,0.0,0.0,0.0,0.0,,,,,,,,,,0,0,0,0,0,0,0,0,0,0,0,0,,,,342,0.0,0.0,0.0
7002333181,109,0.0,0.0,0.0,6/30/2014,7/31/2014,8/31/2014,192.879,201.91,259.435,105.29,116.76,129.48,162.88,228.49,163.11,0.0,0.0,0.0,0.0,0.0,0.0,91.44,92.61,85.03,44.08,51.86,33.44,2.7,0.0,0.0,0.0,0.0,0.0,138.23,144.48,118.48,13.85,24.14,44.45,116.09,176.63,129.66,0.0,0.0,0.0,0.0,0.0,0.0,129.94,200.78,174.11,0.0,0.0,0.0,0.0,0.0,0.0,0.0,0.0,0.0,268.18,345.26,292.59,64.56,28.79,20.48,26.04,31.09,42.04,0.88,8.21,0.0,91.49,68.11,62.53,0.0,0.0,0.03,46.35,15.74,28.36,0.0,0.53,0.0,0.0,0.0,0.0,46.35,16.28,28.39,140.66,84.39,137.06,0.0,0.0,0.0,2.81,0.0,46.13,0.0,0.0,0.0,3,4,2,240,498,230,120,250,130,6/21/2014,7/27/2014,8/30/2014,0,250,130,,,,,,,,,,,,,,,,,,,0.0,0.0,0.0,0.0,0.0,0.0,,,,,,,,,,0,0,0,0,0,0,0,0,0,0,0,0,,,,2208,0.0,0.0,0.0
7000260402,109,0.0,0.0,0.0,6/30/2014,7/31/2014,8/31/2014,306.198,90.706,110.96,474.91,86.86,137.68,66.51,66.73,85.28,0.0,3.45,0.0,0.0,0.53,0.0,0.86,0.25,0.7,2.39,2.71,5.01,0.0,0.0,0.0,0.0,0.0,0.0,3.26,2.96,5.71,474.04,86.61,136.98,49.78,51.26,80.26,0.0,0.0,0.0,0.0,0.0,0.0,523.83,137.88,217.24,0.0,0.0,0.0,14.33,12.21,0.0,0.0,0.0,0.0,541.43,153.06,222.96,15.09,5.84,11.04,46.98,33.09,16.91,0.0,0.55,0.0,62.08,39.49,27.96,8.88,32.18,0.0,16.06,1.13,3.65,0.0,0.0,0.0,0.0,0.0,0.0,24.94,33.31,3.65,101.26,81.43,52.66,0.0,0.0,0.0,14.23,8.61,21.05,0.0,0.0,0.0,17,7,10,346,100,186,36,30,130,6/29/2014,7/25/2014,8/31/2014,30,20,10,,,,,,,,,,,,,,,,,,,0.0,0.0,0.0,0.0,0.0,0.0,,,,,,,,,,0,0,0,0,0,0,0,0,0,0,0,0,,,,852,0.0,0.0,0.0
7002045405,109,0.0,0.0,0.0,6/30/2014,7/31/2014,8/31/2014,54.391,84.928,83.486,3.41,5.98,1.48,66.98,87.79,99.14,0.0,0.0,0.0,0.0,0.0,0.0,3.41,5.98,1.48,66.43,81.43,98.38,0.55,5.53,0.76,0.0,0.0,0.0,70.39,92.94,100.63,0.0,0.0,0.0,0.0,0.0,0.0,0.0,0.0,0.0,0.0,0.0,0.0,0.0,0.0,0.0,0.0,0.0,0.0,0.0,0.83,0.0,0.0,0.0,0.0,70.39,93.78,100.63,3.34,0.89,0.0,124.59,29.19,135.59,2.08,0.8,1.3,130.03,30.89,136.89,0.0,0.0,0.0,0.0,0.0,0.0,0.0,0.0,0.0,0.0,0.0,0.0,0.0,0.0,0.0,130.03,30.89,136.89,0.0,0.0,0.0,0.0,0.0,0.0,0.0,0.0,0.0,1,3,2,110,120,130,110,120,130,6/4/2014,7/19/2014,8/11/2014,110,0,130,,,,,,,,,,,,,,,,,,,0.0,0.0,0.0,0.0,0.0,0.0,,,,,,,,,,0,0,0,0,0,0,0,0,0,0,0,0,,,,1361,0.0,0.68,0.0
7000381347,109,0.0,0.0,0.0,6/30/2014,7/31/2014,8/31/2014,187.2,322.774,564.05,22.74,115.86,45.31,115.04,152.74,193.94,0.0,0.0,306.71,0.0,0.0,63.38,22.08,56.39,38.88,82.43,73.98,100.46,15.54,32.61,10.64,0.0,7.28,0.0,120.06,162.99,149.99,0.66,59.46,1.88,17.06,38.86,23.99,0.0,0.0,0.0,0.0,0.0,0.0,17.73,98.33,25.88,0.0,0.0,0.0,0.0,7.28,0.0,0.0,0.0,0.0,137.79,268.61,175.88,13.31,27.38,116.86,89.76,53.04,54.13,13.63,25.04,63.68,116.71,105.48,234.68,4.53,0.0,0.0,2.24,847.94,1112.59,0.0,0.0,0.0,0.0,0.0,0.0,6.78,847.94,1112.59,123.49,953.43,1347.28,0.0,0.0,0.0,0.0,0.0,0.0,0.0,0.0,0.0,1,3,4,0,86,586,0,50,250,6/11/2014,7/11/2014,8/28/2014,0,50,86,,,,,,,,,,,,,,,,,,,0.0,0.0,0.0,0.0,0.0,0.0,,,,,,,,,,0,0,0,0,0,0,0,0,0,0,0,0,,,,766,0.0,0.0,0.0
7002004377,109,0.0,0.0,0.0,6/30/2014,7/31/2014,8/31/2014,103.001,185.892,153.142,102.31,120.89,69.14,71.38,159.99,150.29,0.0,0.0,0.0,0.0,0.0,0.0,102.31,120.89,69.14,67.04,146.61,144.34,4.33,11.99,5.95,0.0,0.0,0.0,173.69,279.51,219.44,0.0,0.0,0.0,0.0,0.0,0.0,0.0,1.38,0.0,0.0,0.0,0.0,0.0,1.38,0.0,0.0,0.0,0.0,0.0,0.75,1.48,0.0,0.0,0.0,173.69,281.64,220.93,79.34,196.43,98.96,113.24,173.96,304.84,103.58,74.76,70.13,296.18,445.16,473.94,0.0,0.0,0.0,0.0,0.0,0.0,16.34,4.01,0.0,0.0,0.0,0.0,16.34,4.01,0.0,326.11,449.18,473.94,0.0,0.0,0.0,13.58,0.0,0.0,0.0,0.0,0.0,4,3,2,110,220,260,110,110,130,6/22/2014,7/25/2014,8/25/2014,0,0,130,,,,,,,,,,,,,,,,,,,0.0,0.0,0.0,0.0,0.0,0.0,,,,,,,,,,0,0,0,0,0,0,0,0,0,0,0,0,,,,2671,0.0,0.0,0.0
7001345000,109,0.0,0.0,0.0,6/30/2014,7/31/2014,8/31/2014,284.603,322.726,291.158,92.49,106.03,84.18,330.29,510.68,373.63,0.0,0.0,0.0,0.0,0.0,0.0,92.49,106.03,84.18,314.56,487.59,348.14,2.39,0.0,5.51,0.21,0.0,0.0,409.46,593.63,437.84,0.0,0.0,0.0,9.89,14.59,19.96,0.0,2.46,0.0,0.0,0.0,0.0,9.89,17.06,19.96,0.0,0.0,0.0,3.43,6.01,0.0,0.0,0.0,0.0,422.79,616.71,457.81,28.14,11.99,17.76,60.61,104.14,110.03,0.0,0.0,1.69,88.76,116.14,129.49,0.0,0.0,0.0,4.11,7.83,6.63,0.0,0.0,8.88,0.0,0.0,0.0,4.11,7.83,15.51,92.88,123.98,145.11,0.0,0.0,0.0,0.0,0.0,0.0,0.0,0.0,0.1,4,6,3,330,418,324,110,150,144,6/22/2014,7/29/2014,8/25/2014,110,150,130,,,,,,,,,,,,,,,,,,,0.0,0.0,0.0,0.0,0.0,0.0,,,,,,,,,,0,0,0,0,0,0,0,0,0,0,0,0,,,,378,0.0,0.0,0.0
7000313622,109,0.0,0.0,0.0,6/30/2014,7/31/2014,8/31/2014,480.993,484.112,566.414,779.33,811.56,804.89,256.14,182.29,163.43,0.0,0.0,0.0,0.0,0.0,0.0,4.56,8.73,38.39,204.08,108.98,147.08,1.71,2.09,5.33,0.0,0.0,8.35,210.36,119.81,190.81,774.76,802.83,766.49,50.34,62.25,8.36,0.0,0.0,0.0,0.0,0.0,0.0,825.11,865.08,774.86,0.0,0.0,0.0,0.0,8.96,8.35,0.0,0.0,0.0,1035.48,993.86,974.03,1.53,5.84,2.06,78.83,96.69,138.88,0.61,1.71,2.04,80.98,104.26,142.99,46.79,37.94,3.53,1.56,2.49,0.98,0.0,0.0,0.0,0.0,0.0,0.0,48.36,40.44,4.51,129.34,144.71,151.03,0.0,0.0,0.0,0.0,0.0,0.0,0.0,0.0,3.51,12,11,9,607,537,607,110,110,150,6/27/2014,7/28/2014,8/31/2014,110,110,0,6/26/2014,7/10/2014,,3.0,2.0,,23.0,23.0,,3.0,2.0,,0.0,0.0,,69.0,46.0,,0.0,0.0,0.0,0.0,0.0,0.0,0.0,0.0,,0.0,0.0,,0.0,0.0,,0,0,0,3,2,0,0,0,0,0,0,0,0.0,0.0,,1067,0.0,0.0,0.0
7000640504,109,0.0,0.0,0.0,6/30/2014,7/31/2014,8/31/2014,1064.457,881.306,827.255,13.21,40.66,40.93,1581.93,1343.14,1057.64,0.0,0.0,16.83,0.0,0.0,45.86,11.19,40.66,33.03,214.38,175.09,130.46,0.0,0.0,0.0,0.0,0.0,0.0,225.58,215.76,163.49,2.01,0.0,0.0,1360.44,1168.04,889.21,1.96,0.0,0.0,0.0,0.0,0.0,1364.43,1168.04,889.21,0.0,0.0,0.0,12.89,2.24,3.94,2.88,0.0,0.0,1605.79,1386.06,1056.66,13.19,8.58,24.39,126.36,63.91,106.38,0.0,0.0,0.16,139.56,72.49,130.94,0.0,1.33,0.0,5.78,11.33,4.63,1.86,42.53,0.0,0.0,0.0,0.0,7.64,55.19,4.63,147.64,127.69,135.58,0.43,0.0,0.0,0.0,0.0,0.0,0.0,0.0,0.0,19,10,9,1364,1000,960,154,120,130,6/30/2014,7/31/2014,8/31/2014,110,0,130,6/10/2014,,,1.0,,,154.0,,,1.0,,,0.0,,,154.0,,,184.44,0.0,0.0,0.0,0.0,0.0,0.0,,,8.12,,,0.0,,,1,0,0,0,0,0,0,0,0,0,0,0,1.0,,,494,0.0,0.0,0.0
7001175748,109,0.0,0.0,0.0,6/30/2014,7/31/2014,8/31/2014,44.16,123.42,50.27,0.0,0.76,1.34,43.48,111.86,47.88,0.0,0.0,0.0,0.0,0.0,0.0,0.0,0.76,1.34,14.98,81.68,45.53,0.76,19.03,0.33,0.0,0.0,0.0,15.74,101.48,47.21,0.0,0.0,0.0,27.73,11.15,2.01,0.0,0.0,0.0,0.0,0.0,0.0,27.73,11.15,2.01,0.0,0.0,0.0,0.0,0.0,0.0,0.0,0.0,0.0,43.48,112.63,49.23,0.0,0.0,0.3,4.26,5.09,27.21,0.0,0.0,0.0,4.26,5.09,27.51,0.0,0.0,0.0,0.0,0.0,1.48,0.0,0.0,0.0,0.0,0.0,0.0,0.0,0.0,1.48,4.26,5.09,28.99,0.0,0.0,0.0,0.0,0.0,0.0,0.0,0.0,0.0,1,1,1,0,0,0,0,0,0,6/11/2014,7/17/2014,8/24/2014,0,0,0,,,,,,,,,,,,,,,,,,,0.0,0.0,0.0,0.0,0.0,0.0,,,,,,,,,,0,0,0,0,0,0,0,0,0,0,0,0,,,,1724,0.0,0.0,0.0
7000477639,109,0.0,0.0,0.0,6/30/2014,7/31/2014,8/31/2014,26.929,0.0,152.961,21.86,0.0,101.16,18.51,0.21,43.49,0.0,0.0,0.0,0.0,0.0,0.0,5.08,0.0,95.71,0.5,0.0,4.39,0.0,0.0,0.0,0.0,0.21,0.44,5.58,0.0,100.11,16.78,0.0,5.45,18.01,0.0,29.46,0.0,0.0,0.0,0.0,0.0,0.0,34.79,0.0,34.91,0.0,0.0,0.0,0.0,0.21,9.63,0.0,0.0,0.0,40.38,0.21,144.66,2.51,12.86,85.76,0.05,5.86,27.59,0.0,0.0,0.0,2.56,18.73,113.36,1.24,0.0,0.0,0.0,0.0,0.03,0.0,0.0,0.0,0.0,0.0,0.0,1.24,0.0,0.03,3.81,18.73,113.39,0.0,0.0,0.0,0.0,0.0,0.0,0.0,0.0,0.0,3,3,10,30,0,200,30,0,30,6/25/2014,7/30/2014,8/31/2014,30,0,30,,,,,,,,,,,,,,,,,,,0.0,0.0,0.0,0.0,0.0,0.0,,,,,,,,,,0,0,0,0,0,0,0,0,0,0,0,0,,,,665,0.0,0.0,0.0
7000583849,109,0.0,0.0,0.0,6/30/2014,7/31/2014,8/31/2014,61.67,226.238,124.396,5.76,27.48,12.63,27.63,96.03,51.41,0.0,0.0,0.0,0.0,0.0,0.0,5.74,27.36,12.59,20.74,77.23,39.61,0.0,0.0,4.03,0.0,0.0,0.0,26.49,104.59,56.24,0.01,0.11,0.03,6.88,18.79,7.03,0.0,0.0,0.0,0.0,0.0,0.0,6.89,18.91,7.06,0.0,0.0,0.0,0.68,2.81,3.99,0.0,0.0,0.0,34.08,126.33,67.31,111.01,421.54,204.23,16.44,110.38,133.93,0.0,5.51,7.64,127.46,537.44,345.81,0.0,63.24,19.68,7.51,3.08,0.0,0.0,0.0,0.0,0.0,0.0,0.0,7.51,66.33,19.68,134.98,603.78,365.49,0.0,0.0,0.0,0.0,0.0,0.0,0.0,0.0,0.0,4,13,8,90,240,150,30,30,30,6/30/2014,7/30/2014,8/30/2014,30,30,30,,,,,,,,,,,,,,,,,,,0.0,0.0,0.0,0.0,0.0,0.0,,,,,,,,,,0,0,0,0,0,0,0,0,0,0,0,0,,,,618,0.0,0.0,0.0
7002136343,109,0.0,0.0,0.0,6/30/2014,7/31/2014,8/31/2014,166.727,185.531,143.727,4.48,5.33,3.84,106.18,131.09,80.94,0.0,0.0,0.0,0.0,0.0,0.0,4.48,5.33,3.84,105.54,114.64,80.94,0.41,0.0,0.0,0.21,13.21,0.0,110.44,119.98,84.79,0.0,0.0,0.0,0.0,0.0,0.0,0.0,0.0,0.0,0.0,0.0,0.0,0.0,0.0,0.0,0.0,0.0,0.0,0.21,16.45,0.0,0.0,0.0,0.0,110.66,136.43,84.79,0.0,5.44,0.66,161.91,152.41,137.96,1.93,0.0,0.0,163.84,157.86,138.63,0.0,0.0,0.0,0.0,2.98,4.16,154.81,352.09,306.19,0.0,0.0,0.0,154.81,355.08,310.36,319.29,513.21,450.98,0.0,0.0,0.0,0.0,0.0,0.0,0.63,0.26,1.98,7,8,6,180,210,180,30,30,30,6/26/2014,7/28/2014,8/29/2014,30,30,30,,,,,,,,,,,,,,,,,,,0.0,0.0,0.0,0.0,0.0,0.0,,,,,,,,,,0,0,0,0,0,0,0,0,0,0,0,0,,,,2279,0.0,0.0,0.0
7001126574,109,0.0,0.0,0.0,6/30/2014,7/31/2014,,196.703,154.303,0.0,48.58,13.13,,179.36,76.79,,0.0,0.0,,0.0,0.0,,48.58,13.13,,172.51,75.69,,5.14,0.0,,0.0,0.23,,226.24,88.83,,0.0,0.0,,1.69,0.86,,0.0,0.0,,0.0,0.0,,1.69,0.86,,0.0,0.0,,0.0,0.28,,0.0,0.0,,227.94,89.98,0.0,26.86,16.78,,145.06,110.76,,2.29,0.0,,174.23,127.54,,0.0,0.0,,3.89,0.03,,17.01,0.0,,0.0,0.0,,20.91,0.03,,195.14,127.58,0.0,0.0,0.0,,0.0,0.0,,0.0,0.0,,4,4,0,133,143,0,110,110,0,6/28/2014,7/13/2014,,0,0,0,6/13/2014,,,1.0,,,23.0,,,0.0,,,1.0,,,23.0,,,0.03,0.0,0.0,54.69,0.0,0.0,69.13,,,20.03,,,0.0,,,0,0,0,0,0,0,0,0,0,1,0,0,1.0,,,1704,0.0,0.0,0.0
7001645511,109,0.0,0.0,0.0,6/30/2014,7/31/2014,8/31/2014,5.5,105.986,72.222,1.38,67.71,69.36,1.01,18.83,24.93,0.63,0.0,0.0,3.04,0.0,0.0,0.0,0.1,0.0,0.0,6.23,2.53,0.0,0.0,0.0,0.0,1.01,0.0,0.0,6.33,2.53,0.0,67.61,69.36,0.0,11.58,22.39,0.0,0.0,0.0,0.0,0.0,0.0,0.0,79.19,91.76,0.0,0.0,0.0,0.0,1.01,0.0,0.0,0.0,0.0,0.0,86.54,94.29,0.0,1.5,0.0,0.0,18.61,1.56,0.0,0.0,0.0,0.0,20.11,1.56,0.0,0.45,3.41,0.0,4.79,35.21,0.0,0.0,0.0,0.0,0.0,0.0,0.0,5.24,38.63,0.0,25.36,40.19,0.0,0.0,0.0,0.0,0.0,0.0,0.0,0.0,0.0,0,10,8,0,123,84,0,36,27,,7/26/2014,8/28/2014,0,10,10,,,,,,,,,,,,,,,,,,,0.0,0.0,0.0,0.0,0.0,0.0,,,,,,,,,,0,0,0,0,0,0,0,0,0,0,0,0,,,,366,0.0,0.0,0.0
7000030446,109,0.0,0.0,0.0,6/30/2014,7/31/2014,8/31/2014,337.04,390.485,351.504,45.34,61.51,28.44,225.49,347.59,247.53,0.0,0.0,0.0,0.0,0.0,0.0,1.71,15.51,10.13,7.83,49.69,21.26,2.11,0.33,0.28,0.0,0.0,0.0,11.66,65.54,31.68,43.63,45.99,18.31,210.74,297.56,225.98,0.0,0.0,0.0,0.0,0.0,0.0,254.38,343.56,244.29,0.0,0.0,0.0,4.79,0.0,0.0,0.0,0.0,0.0,270.84,409.11,275.98,12.24,25.78,0.0,6.14,40.04,9.29,0.0,0.0,1.25,18.39,65.83,10.54,0.0,2.51,0.0,0.0,37.08,23.81,0.0,0.0,0.0,0.0,0.0,0.0,0.0,39.59,23.81,18.39,105.43,34.99,0.0,0.0,0.58,0.0,0.0,0.0,0.0,0.0,0.05,27,26,23,376,436,425,36,50,98,6/30/2014,7/30/2014,8/31/2014,10,25,20,6/24/2014,7/30/2014,8/22/2014,12.0,8.0,3.0,25.0,25.0,98.0,12.0,8.0,3.0,0.0,0.0,0.0,300.0,200.0,169.0,727.73,478.89,1360.9,0.0,0.0,0.0,0.0,0.0,0.0,5.0,8.9,0.6,0.0,0.0,0.0,0,0,0,12,8,3,0,0,0,0,0,0,1.0,1.0,1.0,224,0.0,0.0,0.0
7002015115,109,0.0,0.0,0.0,6/30/2014,7/31/2014,8/31/2014,755.55,306.99,276.36,7.78,13.39,76.49,29.34,164.24,154.91,0.0,0.0,0.0,0.0,0.0,0.0,7.78,9.71,76.49,16.44,138.19,132.61,0.0,0.0,0.0,3.11,0.0,0.0,24.23,147.91,209.11,0.0,3.68,0.0,1.78,4.96,22.29,0.0,21.08,0.0,0.0,0.0,0.0,1.78,29.73,22.29,0.0,0.0,0.0,11.11,0.0,0.0,0.0,0.0,0.0,37.13,177.64,231.41,27.58,1.16,1.13,1.24,197.59,254.18,0.0,0.48,0.0,28.83,199.24,255.31,0.0,0.83,1.36,0.0,0.0,1.36,0.0,0.0,0.0,0.0,0.0,0.0,0.0,0.83,2.73,28.83,200.08,259.01,0.0,0.0,0.0,0.0,0.0,0.96,0.0,0.0,0.0,4,5,4,0,0,0,0,0,0,6/17/2014,7/27/2014,8/26/2014,0,0,0,,,,,,,,,,,,,,,,,,,0.0,0.0,0.0,0.0,0.0,0.0,,,,,,,,,,0,0,0,0,0,0,0,0,0,0,0,0,,,,1100,0.0,0.0,0.0
7002375104,109,0.0,0.0,0.0,6/30/2014,7/31/2014,8/31/2014,654.833,320.803,11.15,378.43,190.84,0.0,323.31,152.51,0.16,0.0,0.0,0.0,0.0,0.0,0.0,356.99,190.84,0.0,308.03,141.46,0.16,4.76,8.29,0.0,0.0,0.0,0.0,669.79,340.61,0.16,21.43,0.0,0.0,10.51,2.75,0.0,0.0,0.0,0.0,0.0,0.0,0.0,31.94,2.75,0.0,0.0,0.0,0.0,9.36,17.46,14.24,20.99,0.0,0.0,732.11,360.83,14.41,109.76,77.56,44.49,261.66,99.16,104.78,19.29,4.58,3.89,390.73,181.31,153.18,9.91,3.13,0.0,20.54,4.01,0.99,0.0,0.0,0.0,0.0,0.0,0.0,30.46,7.14,0.99,470.76,188.98,155.64,0.05,0.0,0.0,33.13,0.51,1.46,16.38,0.0,0.0,8,4,0,820,330,0,110,110,0,6/29/2014,7/27/2014,,110,110,0,,,,,,,,,,,,,,,,,,,0.0,0.0,0.0,0.0,0.0,0.0,,,,,,,,,,0,0,0,0,0,0,0,0,0,0,0,0,,,,1795,0.0,0.0,0.0
7000770143,109,0.0,0.0,0.0,6/30/2014,7/31/2014,8/31/2014,254.8,348.753,198.004,197.81,117.68,33.81,36.94,59.91,88.88,0.0,0.0,28.31,0.31,0.0,3.49,197.49,117.01,30.66,30.43,45.19,65.08,6.51,11.13,16.31,0.0,0.83,3.5,234.44,173.34,112.06,0.0,0.66,0.93,0.0,0.43,0.05,0.0,1.54,2.65,0.0,0.0,0.0,0.0,2.64,3.63,0.0,0.0,0.0,0.0,1.59,3.5,0.0,0.0,0.0,234.44,177.59,119.19,30.96,58.66,35.99,19.81,20.51,31.94,77.94,72.64,0.0,128.73,151.83,67.94,0.0,0.0,0.0,0.0,0.0,1.91,0.0,0.0,0.0,0.0,0.0,0.0,0.0,0.0,1.91,128.73,220.94,260.13,0.0,0.0,0.0,0.0,69.11,190.26,0.0,0.0,0.0,2,2,2,330,300,300,330,300,300,6/23/2014,7/22/2014,8/14/2014,330,300,0,,,,,,,,,,,,,,,,,,,0.0,0.0,0.0,0.0,0.0,0.0,,,,,,,,,,0,0,0,0,0,0,0,0,0,0,0,0,,,,1340,16.07,48.32,60.28
7001338640,109,0.0,0.0,0.0,6/30/2014,7/31/2014,8/31/2014,318.56,336.903,264.738,17.06,51.91,38.36,142.84,188.21,132.81,8.11,0.0,0.0,39.64,0.0,0.0,7.49,16.71,14.36,44.96,90.78,71.88,4.09,8.18,0.21,3.05,14.43,0.0,56.56,115.68,86.46,4.29,35.19,23.99,51.58,56.33,60.71,0.0,0.0,0.0,0.0,0.0,0.0,55.88,91.53,84.71,0.0,0.0,0.0,7.81,32.91,0.0,0.0,0.0,0.0,120.26,240.13,171.18,11.61,9.19,10.79,37.88,113.01,73.33,26.99,48.81,19.36,76.49,171.03,103.49,3.45,6.0,0.0,9.26,21.78,68.76,0.0,1.71,1.61,0.0,0.0,0.0,12.71,29.49,70.38,89.21,200.53,173.88,0.0,0.0,0.0,0.0,0.0,0.0,0.0,0.0,0.0,10,10,5,462,354,347,145,154,152,6/28/2014,7/20/2014,8/24/2014,0,110,0,6/16/2014,7/13/2014,8/9/2014,1.0,1.0,2.0,145.0,154.0,152.0,0.0,1.0,1.0,1.0,0.0,1.0,145.0,154.0,304.0,634.33,522.2,316.18,0.0,865.71,838.88,122.07,14.64,63.96,124.87,0.0,63.96,0.0,0.0,0.0,0,1,0,0,0,1,1,0,0,0,0,1,1.0,1.0,1.0,3651,249.19,571.94,0.0
7000788868,109,0.0,0.0,0.0,6/30/2014,7/31/2014,8/31/2014,10.757,232.856,44.359,0.08,2.58,63.96,2.49,6.46,1.96,0.0,0.0,0.0,0.0,0.0,0.0,0.0,0.0,0.0,0.88,1.93,1.96,0.0,0.0,0.0,0.0,5.84,0.0,0.88,1.93,1.96,0.08,2.58,63.96,1.61,0.0,0.0,0.0,0.0,0.0,0.0,0.0,0.0,1.69,2.58,63.96,0.0,0.0,0.0,0.0,5.84,0.0,0.0,0.0,0.0,2.58,10.36,65.93,0.35,20.18,19.16,55.81,85.08,34.34,3.26,0.23,1.0,59.43,105.49,54.51,64.86,66.73,134.21,13.88,1.41,22.08,0.0,0.0,0.0,0.0,0.0,0.0,78.74,68.14,156.29,138.18,173.64,210.81,0.0,0.0,0.0,0.0,0.0,0.0,0.0,0.0,0.0,2,4,4,30,44,19,30,44,19,6/19/2014,7/26/2014,8/25/2014,30,44,0,,7/26/2014,,,1.0,,,274.0,,,1.0,,,0.0,,,274.0,,0.0,503.26,0.0,0.0,0.0,0.0,,0.0,,,0.01,,,0.0,,0,1,0,0,0,0,0,0,0,0,0,0,,1.0,,1849,0.0,0.0,0.0
7001052654,109,0.0,0.0,0.0,6/30/2014,7/31/2014,8/31/2014,412.88,581.948,247.898,43.43,25.24,143.14,715.64,987.63,297.64,0.0,0.0,0.0,0.0,0.0,0.0,0.0,0.0,12.98,10.41,60.13,32.54,0.0,0.0,0.0,0.0,0.0,0.0,10.41,60.13,45.53,43.43,25.24,130.16,705.23,925.23,264.98,0.0,0.0,0.0,0.0,0.0,0.0,748.66,950.48,395.14,0.0,0.0,0.0,0.0,2.26,0.11,0.0,0.0,0.0,759.08,1012.88,440.79,0.0,1.28,1.75,9.98,98.93,69.69,0.0,0.0,0.0,9.98,100.21,71.44,1.83,0.15,1.94,8.64,9.04,6.55,0.0,0.0,0.0,0.0,0.0,0.0,10.48,9.19,8.49,20.46,109.41,79.94,0.0,0.0,0.0,0.0,0.0,0.0,0.0,0.0,0.0,26,29,10,476,666,280,36,50,50,6/29/2014,7/30/2014,8/18/2014,20,50,30,,,,,,,,,,,,,,,,,,,0.0,0.0,0.0,0.0,0.0,0.0,,,,,,,,,,0,0,0,0,0,0,0,0,0,0,0,0,,,,823,0.0,0.0,0.0
7000943459,109,0.0,0.0,0.0,6/30/2014,7/31/2014,,259.21,0.81,0.0,14.76,0.23,,145.26,6.98,,0.0,0.0,,0.0,0.0,,11.78,0.23,,141.86,6.98,,0.0,0.0,,0.0,0.0,,153.64,7.21,,2.98,0.0,,3.4,0.0,,0.0,0.0,,0.0,0.0,,6.38,0.0,,0.0,0.0,,0.0,0.0,,0.0,0.0,,160.03,7.21,0.0,17.79,6.73,,73.09,3.26,,10.93,0.0,,101.83,10.0,,9.03,0.0,,8.61,5.95,,0.0,0.0,,0.0,0.0,,17.65,5.95,,119.48,15.95,0.0,0.0,0.0,,0.0,0.0,,0.0,0.0,,6,0,0,270,0,0,110,0,0,6/29/2014,,,0,0,0,,,,,,,,,,,,,,,,,,,0.0,0.0,0.0,0.0,0.0,0.0,,,,,,,,,,0,0,0,0,0,0,0,0,0,0,0,0,,,,2987,0.0,0.0,0.0
7000186528,109,0.0,0.0,0.0,6/30/2014,7/31/2014,8/31/2014,119.0,260.37,215.53,47.89,177.39,87.86,50.51,64.78,103.89,0.0,0.0,4.53,0.0,0.0,2.26,11.56,4.13,20.13,8.19,39.53,62.59,2.59,2.73,3.16,0.0,0.0,0.0,22.36,46.39,85.89,36.33,173.26,67.73,31.03,21.26,27.63,8.68,1.25,8.23,0.0,0.0,0.0,76.04,195.78,103.59,0.0,0.0,0.0,1.05,0.0,0.0,1.31,0.0,0.0,100.78,242.18,189.49,62.99,58.56,79.73,112.51,78.18,294.89,3.21,6.45,3.38,178.73,143.19,378.01,32.53,11.98,60.44,69.94,14.86,115.46,0.0,66.91,58.61,0.0,0.0,0.0,102.48,93.76,234.53,281.43,254.41,628.24,0.0,0.0,0.0,0.0,0.0,15.7,0.21,17.45,0.0,2,5,5,110,260,390,110,150,130,6/16/2014,7/22/2014,8/30/2014,110,110,130,,7/1/2014,8/14/2014,,2.0,2.0,,152.0,152.0,,1.0,1.0,,1.0,1.0,,304.0,304.0,0.0,0.15,2.58,0.0,666.88,561.25,,27.77,99.24,,0.0,63.96,,0.0,0.0,0,0,0,0,1,1,0,0,0,0,1,1,,1.0,1.0,411,77.85,57.94,0.0
7001307738,109,0.0,0.0,0.0,6/30/2014,7/31/2014,8/31/2014,334.812,358.303,205.258,65.73,91.88,35.56,131.59,616.71,202.93,0.0,0.0,0.0,0.0,0.0,0.0,64.98,91.88,35.56,106.36,616.71,202.54,0.0,0.0,0.0,0.0,0.0,0.0,171.34,708.59,238.11,0.0,0.0,0.0,25.23,0.0,0.38,0.75,0.0,0.0,0.0,0.0,0.0,25.98,0.0,0.38,0.0,0.0,0.0,0.0,0.0,0.0,0.0,0.0,0.0,197.33,708.59,238.49,141.41,200.38,107.83,145.98,152.04,65.83,2.18,0.51,0.0,289.58,352.94,173.66,0.0,0.0,0.0,0.46,0.0,0.0,9.54,0.0,4.0,0.0,0.0,0.0,10.01,0.0,4.0,307.14,354.23,194.99,0.0,0.0,0.0,0.0,0.0,0.0,7.55,1.28,17.33,7,6,9,466,408,248,198,110,100,6/30/2014,7/28/2014,8/30/2014,100,110,0,6/7/2014,7/6/2014,8/26/2014,1.0,1.0,3.0,198.0,198.0,25.0,1.0,1.0,3.0,0.0,0.0,0.0,198.0,198.0,75.0,2037.24,506.19,352.64,0.0,0.0,0.0,0.0,0.0,0.0,-7.71,14.11,1.81,0.0,0.0,0.0,1,1,0,0,0,3,0,0,0,0,0,0,1.0,1.0,1.0,531,0.0,0.0,0.0
7000411377,109,0.0,0.0,0.0,6/30/2014,7/31/2014,8/31/2014,493.074,507.929,335.354,977.26,1186.51,851.16,192.71,67.11,30.63,0.0,0.0,0.0,0.0,0.0,0.0,1.0,1.28,2.61,1.38,0.79,2.23,0.0,0.0,0.0,0.0,0.2,2.61,2.38,2.08,4.84,976.26,1185.23,848.54,163.13,66.11,19.31,0.0,0.0,0.0,0.0,0.0,0.0,1139.39,1251.34,867.86,0.0,0.0,0.0,29.66,1.78,11.69,2.64,0.0,0.0,1174.09,1255.21,884.41,7.28,5.86,19.31,8.19,42.21,10.96,0.0,0.0,0.0,15.48,48.08,30.28,57.89,39.34,33.24,4.79,21.96,34.41,0.0,0.0,0.0,0.0,0.0,0.0,62.69,61.31,67.66,95.71,148.18,132.53,0.0,0.0,0.0,17.53,38.78,34.58,0.0,0.0,0.0,11,7,6,646,616,426,110,110,130,6/30/2014,7/28/2014,8/25/2014,50,110,130,,,,,,,,,,,,,,,,,,,0.0,0.0,0.0,0.0,0.0,0.0,,,,,,,,,,0,0,0,0,0,0,0,0,0,0,0,0,,,,629,0.0,0.0,0.0
7000075162,109,0.0,0.0,0.0,6/30/2014,7/31/2014,8/31/2014,25.0,0.0,268.801,0.0,,20.18,21.54,,382.63,0.0,,0.0,21.54,,0.0,0.0,,0.0,0.0,,6.53,0.0,,0.0,0.0,,0.0,0.0,,6.53,0.0,,20.18,0.0,,375.94,0.0,,0.0,0.0,,0.0,0.0,,396.13,0.0,,0.0,0.0,,0.15,0.0,,0.0,0.0,0.0,402.81,0.0,,5.36,0.0,,12.66,0.0,,0.0,0.0,,18.03,0.0,,0.18,0.0,,19.61,0.0,,0.0,0.0,,0.0,0.0,,19.79,0.0,0.0,37.88,0.0,,0.05,0.0,,0.0,0.0,,0.0,2,2,23,0,0,310,0,0,30,6/25/2014,7/11/2014,8/31/2014,0,0,10,,,,,,,,,,,,,,,,,,,0.0,0.0,0.0,0.0,0.0,0.0,,,,,,,,,,0,0,0,0,0,0,0,0,0,0,0,0,,,,209,0.0,0.0,0.0
7002219576,109,0.0,0.0,0.0,6/30/2014,7/31/2014,8/31/2014,294.64,278.624,309.165,28.46,13.84,28.43,57.46,37.96,57.64,0.0,0.0,0.0,0.0,0.0,0.0,28.46,13.84,28.43,57.46,37.96,56.36,0.0,0.0,0.0,0.0,0.0,0.0,85.93,51.81,84.79,0.0,0.0,0.0,0.0,0.0,0.0,0.0,0.0,1.28,0.0,0.0,0.0,0.0,0.0,1.28,0.0,0.0,0.0,0.0,0.0,0.0,0.0,0.0,0.0,85.93,51.81,86.08,428.21,392.58,361.04,72.61,42.26,70.14,0.0,0.75,0.0,500.83,435.59,431.19,0.0,0.0,0.26,0.0,0.0,0.0,0.0,0.0,0.38,0.0,0.0,0.0,0.0,0.0,0.64,500.98,436.38,431.84,0.15,0.2,0.0,0.0,0.0,0.0,0.0,0.58,0.0,6,5,5,440,243,353,152,152,154,6/26/2014,7/30/2014,8/26/2014,128,41,45,6/7/2014,7/8/2014,8/7/2014,2.0,2.0,1.0,152.0,152.0,154.0,1.0,1.0,1.0,1.0,1.0,0.0,304.0,304.0,154.0,167.4,219.86,223.86,0.0,0.0,0.0,67.55,67.55,0.0,67.55,97.05,5.01,0.0,0.0,0.0,0,0,1,1,1,0,0,0,0,1,1,0,1.0,1.0,1.0,323,0.0,0.0,0.0
7001691461,109,0.0,0.0,0.0,6/30/2014,7/31/2014,8/31/2014,155.877,173.266,183.467,28.88,13.38,5.21,79.26,50.63,12.59,11.28,0.0,0.0,2.41,0.0,0.0,3.68,6.41,0.23,17.13,7.46,0.08,0.0,0.0,0.0,3.96,0.88,0.0,20.81,13.88,0.31,25.19,6.96,2.03,52.93,43.16,12.51,0.0,0.0,2.95,0.0,0.0,0.0,78.13,50.13,17.49,0.0,0.0,0.0,7.33,0.88,0.0,0.0,0.0,0.0,106.28,64.89,17.81,2.79,5.58,0.2,80.38,57.39,17.29,1.49,1.91,1.26,84.68,64.89,18.76,25.01,62.88,91.06,288.06,369.91,343.23,64.29,17.59,27.54,0.0,0.0,0.0,377.38,450.39,461.84,463.54,515.29,480.78,0.0,0.0,0.0,0.0,0.0,0.16,1.48,0.0,0.0,3,6,2,60,194,213,30,154,198,6/24/2014,7/20/2014,8/24/2014,30,20,198,,7/3/2014,8/24/2014,,1.0,1.0,,154.0,198.0,,1.0,1.0,,0.0,0.0,,154.0,198.0,0.0,997.19,403.62,0.0,0.0,1.37,,0.0,5.0,,0.01,0.81,,0.0,0.0,0,1,1,0,0,0,0,0,0,0,0,0,,1.0,1.0,492,0.0,0.0,0.0
7000552826,109,0.0,0.0,0.0,6/30/2014,7/31/2014,8/31/2014,302.794,149.481,282.139,9.08,4.06,29.11,15.86,51.61,391.23,0.0,0.0,0.0,0.0,0.0,0.0,6.66,4.06,29.11,4.74,5.38,47.46,0.0,0.0,0.0,2.38,0.0,0.51,11.41,9.44,76.58,2.41,0.0,0.0,0.0,0.0,0.0,0.0,0.0,0.0,0.0,0.0,0.0,2.41,0.0,0.0,0.0,0.0,0.0,11.94,49.19,350.44,1.23,0.0,0.0,27.01,58.64,427.03,39.26,17.33,22.36,71.49,20.24,118.01,19.24,49.28,37.96,130.01,86.86,178.34,3.88,0.0,0.0,1.18,0.0,0.0,0.0,4.09,0.0,0.0,0.0,0.0,5.06,4.09,0.0,135.36,90.96,178.34,0.28,0.0,0.0,0.0,0.0,0.0,0.0,0.0,0.0,14,9,12,350,180,340,90,30,50,6/29/2014,7/30/2014,8/31/2014,30,30,50,,,,,,,,,,,,,,,,,,,0.0,0.0,0.0,0.0,0.0,0.0,,,,,,,,,,0,0,0,0,0,0,0,0,0,0,0,0,,,,472,0.0,0.0,0.0
7001480738,109,0.0,0.0,0.0,6/30/2014,7/31/2014,8/31/2014,257.894,312.58,211.467,45.96,43.94,30.88,195.26,249.68,138.63,36.59,0.0,17.88,19.76,0.0,10.76,43.08,43.66,29.73,148.34,197.51,109.51,20.96,30.03,12.31,0.0,0.0,0.0,212.39,271.21,151.56,0.0,0.28,0.0,9.06,19.39,4.98,0.0,2.73,1.28,0.0,0.0,0.0,9.06,22.41,6.26,0.0,0.0,0.91,0.0,0.0,0.0,0.0,0.0,0.0,221.46,293.63,158.74,52.26,41.54,33.96,186.44,262.76,185.39,38.04,42.53,33.38,276.76,346.84,252.74,0.0,1.48,0.0,67.76,66.79,16.88,8.46,0.0,0.83,0.0,0.0,0.0,76.23,68.28,17.71,352.99,419.11,271.29,0.0,0.0,0.0,0.0,3.9,0.0,0.0,0.08,0.83,4,2,2,400,200,400,200,200,200,6/24/2014,7/17/2014,8/29/2014,200,0,200,,,,,,,,,,,,,,,,,,,0.0,0.0,0.0,0.0,0.0,0.0,,,,,,,,,,0,0,0,0,0,0,0,0,0,0,0,0,,,,1287,0.0,0.0,0.0
7001827234,109,0.0,0.0,0.0,6/30/2014,7/31/2014,8/31/2014,1332.242,993.46,615.326,59.56,38.43,26.58,326.78,283.03,279.28,0.0,30.43,51.19,0.0,17.2,128.44,30.79,23.13,22.44,217.54,197.58,115.53,8.54,23.39,17.61,36.29,0.38,0.03,256.89,244.11,155.59,28.76,4.21,2.53,64.38,55.54,15.64,0.0,0.0,1.46,0.0,0.0,0.0,93.14,59.76,19.64,0.0,0.0,0.0,43.46,1.56,2.78,0.0,0.0,0.0,393.51,305.44,178.03,14.84,48.44,13.94,206.38,242.21,198.63,23.89,33.59,22.73,245.13,324.26,235.31,25.04,5.76,0.08,13.48,69.61,23.36,0.0,0.0,2.03,0.0,0.0,0.0,38.53,75.38,25.48,283.66,399.64,260.79,0.0,0.0,0.0,0.0,0.0,0.0,0.0,0.0,0.0,25,7,10,1537,1196,856,128,455,164,6/27/2014,7/28/2014,8/31/2014,0,455,144,6/21/2014,7/28/2014,8/29/2014,2.0,2.0,1.0,49.0,455.0,164.0,0.0,0.0,0.0,2.0,2.0,1.0,98.0,600.0,164.0,302.32,3.8,19.9,2117.79,1681.49,820.12,731.42,640.13,206.15,453.19,547.88,165.01,1.0,0.0,0.0,0,0,0,0,0,0,0,2,1,2,0,0,1.0,1.0,1.0,717,199.14,520.58,782.8
7000284553,109,0.0,0.0,0.0,6/30/2014,7/31/2014,8/31/2014,426.154,305.087,533.982,559.41,228.46,271.94,394.68,312.36,819.88,0.53,0.0,0.0,76.49,0.0,0.0,7.38,3.18,3.86,7.29,44.89,60.84,0.0,0.0,1.34,0.73,0.2,2.79,14.68,48.08,66.06,508.93,225.28,268.08,352.96,266.34,697.28,0.0,0.0,0.0,0.0,0.0,0.0,861.89,491.63,965.36,0.0,0.0,0.0,5.58,9.81,66.01,5.53,0.0,0.0,887.69,549.53,1097.44,0.0,11.26,25.51,31.36,75.94,62.23,0.0,0.7,0.0,31.36,87.91,87.74,11.38,0.0,0.31,30.1,1.01,2.53,0.0,0.0,0.0,0.0,0.0,0.0,41.48,1.01,2.84,72.84,88.93,90.83,0.0,0.0,0.23,0.0,0.0,0.0,0.0,0.0,0.0,12,13,19,503,360,608,120,50,50,6/18/2014,7/31/2014,8/29/2014,23,20,42,,,,,,,,,,,,,,,,,,,0.0,0.0,0.0,0.0,0.0,0.0,,,,,,,,,,0,0,0,0,0,0,0,0,0,0,0,0,,,,491,0.0,0.0,0.0
7002299889,109,0.0,0.0,0.0,6/30/2014,7/31/2014,8/31/2014,948.239,964.693,693.961,313.69,171.66,78.01,1328.41,1722.21,1048.33,0.0,0.0,0.0,0.0,0.0,0.0,169.99,64.91,49.08,850.16,789.18,986.08,9.33,9.98,1.34,0.0,0.0,0.0,1029.49,864.08,1036.51,143.69,106.74,28.93,468.88,923.04,59.36,0.0,0.0,0.0,0.0,0.0,0.0,612.58,1029.79,88.29,0.0,0.0,0.0,2.74,8.11,13.11,8.23,0.0,0.0,1653.06,1901.99,1137.93,81.69,41.39,16.93,575.96,438.16,532.63,0.61,0.0,1.49,658.28,479.56,551.06,31.51,21.23,16.14,242.79,197.14,8.49,0.0,0.0,0.0,0.0,0.0,0.0,274.31,218.38,24.64,932.59,706.46,588.53,0.0,0.0,0.0,0.0,8.51,12.81,0.0,0.0,0.0,18,18,16,1137,1127,797,110,120,130,6/30/2014,7/28/2014,8/29/2014,0,67,50,,7/21/2014,8/25/2014,,1.0,1.0,,25.0,25.0,,1.0,1.0,,0.0,0.0,,25.0,25.0,0.0,1.66,0.6,0.0,0.0,0.0,,0.0,0.0,,19.15,7.7,,0.0,0.0,0,0,0,0,1,1,0,0,0,0,0,0,,1.0,1.0,808,0.0,0.0,0.0
7001750172,109,0.0,0.0,0.0,6/30/2014,7/31/2014,8/31/2014,314.313,133.645,17.323,91.71,19.44,0.0,155.78,87.83,9.58,0.0,0.0,0.0,0.0,0.0,0.0,91.71,19.44,0.0,111.73,83.16,7.91,38.16,2.78,1.66,0.0,1.25,0.0,241.61,105.39,9.58,0.0,0.0,0.0,0.0,0.0,0.0,0.0,0.0,0.0,0.0,0.0,0.0,0.0,0.0,0.0,0.0,0.0,0.0,6.83,7.41,2.39,6.13,0.0,0.0,254.58,112.81,11.98,150.69,44.83,0.0,83.56,58.96,2.96,76.74,21.94,1.43,311.01,125.74,4.39,0.0,0.0,0.0,0.0,0.0,0.0,0.0,0.0,0.0,0.0,0.0,0.0,0.0,0.0,0.0,311.01,125.74,4.39,0.0,0.0,0.0,0.0,0.0,0.0,0.0,0.0,0.0,22,10,3,359,150,20,90,30,20,6/24/2014,7/26/2014,8/29/2014,10,20,0,,,,,,,,,,,,,,,,,,,0.0,0.0,0.0,0.0,0.0,0.0,,,,,,,,,,0,0,0,0,0,0,0,0,0,0,0,0,,,,349,0.0,0.0,0.0
7000604812,109,0.0,0.0,0.0,6/30/2014,7/31/2014,8/31/2014,930.652,824.535,391.631,4.13,30.74,21.23,90.81,99.28,94.33,0.0,0.0,0.0,0.0,0.0,0.0,4.13,30.74,21.23,76.59,87.33,80.28,6.54,10.61,14.04,0.0,0.93,0.0,87.28,128.69,115.56,0.0,0.0,0.0,2.64,0.0,0.0,0.0,0.0,0.0,0.0,0.0,0.0,2.64,0.0,0.0,0.0,0.0,0.0,6.56,3.34,3.23,2.64,0.0,0.0,99.14,132.04,118.79,6.71,25.18,12.88,43.59,58.28,61.96,9.74,10.01,16.99,60.06,93.48,91.84,0.0,0.0,0.0,6.58,0.0,0.0,0.0,0.0,0.0,0.0,0.0,0.0,6.58,0.0,0.0,66.64,93.48,91.84,0.0,0.0,0.0,0.0,0.0,0.0,0.0,0.0,0.0,13,16,8,1054,970,450,252,252,100,6/29/2014,7/24/2014,8/27/2014,50,50,100,6/19/2014,7/17/2014,,2.0,5.0,,252.0,252.0,,0.0,3.0,,2.0,2.0,,504.0,610.0,,0.56,45.76,0.0,2158.71,2109.8,0.0,795.34,353.77,,429.87,230.13,,0.0,0.0,,0,2,0,0,1,0,2,1,0,0,1,0,1.0,1.0,,1219,83.62,1645.56,738.76
7000124446,109,0.0,0.0,0.0,6/30/2014,7/31/2014,8/31/2014,59.58,65.569,66.447,1.04,0.0,2.16,1.63,27.38,25.86,0.0,0.0,0.0,0.0,0.0,0.0,1.04,0.0,2.16,0.36,12.93,18.51,0.0,2.94,0.95,0.0,0.0,0.0,1.41,15.88,21.63,0.0,0.0,0.0,1.26,11.49,6.39,0.0,0.0,0.0,0.0,0.0,0.0,1.26,11.49,6.39,0.0,0.0,0.0,0.0,0.0,0.0,0.0,0.0,0.0,2.68,27.38,28.03,0.53,0.3,0.0,12.36,5.84,18.68,0.0,0.0,6.5,12.89,6.14,25.18,0.0,0.0,0.0,0.0,0.0,0.9,0.0,0.0,0.0,0.0,0.0,0.0,0.0,0.0,0.9,12.89,6.23,26.08,0.0,0.0,0.0,0.0,0.0,0.0,0.0,0.08,0.0,6,4,2,164,50,50,41,50,50,6/29/2014,7/23/2014,8/29/2014,41,50,50,,,,,,,,,,,,,,,,,,,0.0,0.0,0.0,0.0,0.0,0.0,,,,,,,,,,0,0,0,0,0,0,0,0,0,0,0,0,,,,296,0.0,0.0,0.0
7000307383,109,0.0,0.0,0.0,6/30/2014,7/31/2014,8/31/2014,458.268,484.094,507.333,166.21,209.94,203.99,263.36,245.83,258.74,0.0,0.0,0.0,0.0,0.0,0.0,156.08,209.94,203.99,260.38,229.46,258.23,1.98,0.89,0.51,0.0,0.0,0.0,418.44,440.31,462.74,10.13,0.0,0.0,0.4,15.46,0.0,0.6,0.0,0.0,0.0,0.0,0.0,11.13,15.46,0.0,0.0,0.0,0.0,0.0,0.0,0.0,0.0,0.0,0.0,429.58,455.78,462.74,167.64,128.66,432.81,217.58,163.21,186.34,111.98,57.33,144.91,497.21,349.21,764.08,9.65,0.0,0.0,23.99,29.31,22.54,4.96,0.0,0.0,0.0,0.0,0.0,38.61,29.31,22.54,535.83,384.73,786.63,0.0,0.0,0.0,0.0,6.2,0.0,0.0,0.0,0.0,18,17,20,510,560,549,30,110,30,6/30/2014,7/28/2014,8/30/2014,30,110,30,,,,,,,,,,,,,,,,,,,0.0,0.0,0.0,0.0,0.0,0.0,,,,,,,,,,0,0,0,0,0,0,0,0,0,0,0,0,,,,1026,0.0,0.0,0.0
7001794602,109,0.0,0.0,0.0,6/30/2014,7/31/2014,8/31/2014,231.756,290.823,341.043,69.38,8.61,20.19,173.76,150.29,69.68,0.0,0.0,16.58,0.0,0.0,6.59,67.39,8.13,16.04,121.31,102.14,42.93,35.93,13.33,14.04,0.0,4.71,2.3,224.64,123.61,73.03,1.98,0.48,0.0,3.38,0.43,5.06,13.13,29.59,2.88,0.0,0.0,0.0,18.49,30.51,7.95,0.0,0.06,0.0,0.0,4.71,2.3,0.0,0.0,0.0,243.14,158.91,83.28,78.69,13.46,13.86,179.33,170.49,163.88,50.94,17.71,39.06,308.98,201.68,216.81,1.55,1.34,0.0,21.16,13.38,13.86,19.29,33.71,13.28,0.0,0.0,0.0,42.01,48.44,27.14,422.48,260.73,245.46,0.05,0.05,0.0,63.38,9.16,0.0,8.04,1.38,1.49,5,6,3,348,401,417,128,145,145,6/27/2014,7/31/2014,8/26/2014,110,128,144,,7/14/2014,8/4/2014,,1.0,1.0,,145.0,145.0,,0.0,0.0,,1.0,1.0,,145.0,145.0,0.0,17.93,32.19,0.0,322.11,566.44,,128.88,171.94,,128.92,122.07,,0.0,0.0,0,0,0,0,0,0,0,1,1,0,0,0,,1.0,1.0,2658,426.15,66.47,0.0
7000435460,109,0.0,0.0,0.0,6/30/2014,7/31/2014,8/31/2014,317.703,412.319,382.013,355.51,722.76,561.76,51.94,72.91,130.51,8.79,0.0,0.0,74.31,0.0,0.0,1.49,10.49,7.88,5.18,8.98,47.28,0.0,36.51,7.08,0.0,0.0,0.0,6.68,55.99,62.24,287.01,712.26,553.88,33.88,21.59,66.23,0.0,0.0,0.0,0.0,0.0,0.0,320.89,733.86,620.11,0.0,0.0,0.0,5.56,13.29,10.59,0.7,0.0,0.0,333.84,803.16,692.96,8.74,10.64,14.03,3.56,19.69,31.01,0.0,0.0,0.0,12.31,30.34,45.04,2.0,3.83,0.05,8.83,4.13,0.05,0.0,0.0,0.0,0.0,0.0,0.0,10.83,7.96,0.1,23.14,38.31,50.58,0.0,0.0,0.0,0.0,0.0,0.0,0.0,0.0,5.43,7,13,10,320,510,484,110,128,144,6/25/2014,7/30/2014,8/30/2014,50,36,0,,,,,,,,,,,,,,,,,,,0.0,0.0,0.0,0.0,0.0,0.0,,,,,,,,,,0,0,0,0,0,0,0,0,0,0,0,0,,,,567,0.0,0.0,0.0
7001241039,109,0.0,0.0,0.0,6/30/2014,7/31/2014,8/31/2014,375.797,3.53,95.851,1.14,0.0,0.21,200.04,1.36,63.43,34.93,6.63,0.51,156.26,1.36,0.0,0.68,0.0,0.21,5.74,0.0,25.89,0.0,0.0,0.0,0.0,0.46,0.0,6.43,0.0,26.11,0.0,0.0,0.0,41.23,0.0,37.53,0.0,0.0,0.0,0.0,0.0,0.0,41.23,0.0,37.53,0.0,0.0,0.0,0.0,0.0,1.94,0.0,0.0,0.0,47.66,0.0,65.59,0.0,0.0,0.0,22.38,0.0,13.33,0.0,0.0,0.0,22.38,0.0,13.33,0.0,0.0,0.0,29.68,0.0,48.83,0.0,0.0,0.0,0.0,0.0,0.0,29.68,0.0,48.83,52.06,0.0,62.51,0.0,0.0,0.0,0.0,0.0,0.0,0.0,0.0,0.35,7,2,4,420,0,110,120,0,50,6/21/2014,7/22/2014,8/28/2014,120,0,50,,,,,,,,,,,,,,,,,,,0.0,0.0,0.0,0.0,0.0,0.0,,,,,,,,,,0,0,0,0,0,0,0,0,0,0,0,0,,,,368,0.0,0.0,0.0
7001155061,109,0.0,0.0,0.0,6/30/2014,7/31/2014,8/31/2014,295.819,345.488,326.298,100.18,64.68,97.91,163.71,233.01,172.94,0.0,0.0,0.0,0.0,0.0,0.0,66.28,42.74,42.36,139.73,160.88,150.09,7.68,8.06,3.89,0.0,0.0,0.0,213.69,211.69,196.36,33.9,21.93,55.54,16.29,63.84,18.94,0.0,0.0,0.0,0.0,0.0,0.0,50.19,85.78,74.49,0.0,0.0,0.0,1.59,10.08,8.21,2.28,0.0,0.0,267.78,307.56,279.08,18.16,10.44,23.63,54.79,126.19,84.46,0.0,0.0,0.43,72.96,136.64,108.53,0.0,0.0,0.0,0.0,0.0,0.0,0.0,0.0,0.0,0.0,0.0,0.0,0.0,0.0,0.0,72.96,136.91,120.21,0.0,0.0,0.0,0.0,0.26,11.68,0.0,0.0,0.0,14,19,16,330,390,370,50,50,50,6/30/2014,7/30/2014,8/30/2014,20,10,30,,,,,,,,,,,,,,,,,,,0.0,0.0,0.0,0.0,0.0,0.0,,,,,,,,,,0,0,0,0,0,0,0,0,0,0,0,0,,,,415,0.0,0.0,0.0
7000977074,109,0.0,0.0,0.0,6/30/2014,7/31/2014,8/31/2014,116.431,55.622,80.096,32.23,15.49,2.14,78.31,35.34,69.11,0.0,0.0,0.0,0.0,0.0,0.0,3.88,5.66,2.14,21.81,13.29,41.74,0.0,0.0,0.0,0.0,0.0,0.0,25.69,18.96,43.89,28.34,9.83,0.0,56.49,22.04,27.36,0.0,0.0,0.0,0.0,0.0,0.0,84.84,31.88,27.36,0.0,0.0,0.0,0.0,0.0,0.15,0.0,0.0,0.0,110.54,50.84,71.41,10.36,4.23,1.98,50.61,62.61,96.98,202.31,157.88,31.54,263.29,224.73,130.51,9.98,0.0,0.0,24.3,62.74,70.51,0.0,0.0,0.0,0.0,0.0,0.0,34.28,62.74,70.51,297.64,287.64,201.03,0.06,0.11,0.0,0.0,0.0,0.0,0.0,0.05,0.0,12,6,11,130,60,90,20,20,20,6/24/2014,7/31/2014,8/28/2014,10,10,0,,,,,,,,,,,,,,,,,,,0.0,0.0,0.0,0.0,0.0,0.0,,,,,,,,,,0,0,0,0,0,0,0,0,0,0,0,0,,,,1401,0.0,0.0,0.0
7002042198,109,0.0,0.0,0.0,6/30/2014,7/31/2014,8/31/2014,127.089,0.0,226.268,0.0,0.0,0.0,0.03,0.0,25.33,0.0,0.0,0.0,0.0,0.0,0.0,0.0,0.0,0.0,0.0,0.0,8.2,0.03,0.0,0.0,0.0,0.0,3.71,0.03,0.0,8.2,0.0,0.0,0.0,0.0,0.0,0.0,0.0,0.0,0.0,0.0,0.0,0.0,0.0,0.0,0.0,0.0,0.0,0.0,0.0,0.0,20.69,0.0,0.0,0.0,0.03,0.0,28.89,0.0,0.0,0.25,1.11,0.0,6.51,0.0,0.0,0.0,1.11,0.0,6.76,0.0,0.0,0.0,0.0,0.0,0.0,0.0,0.0,0.0,0.0,0.0,0.0,0.0,0.0,0.0,1.11,1.75,6.84,0.0,0.0,0.05,0.0,0.0,0.0,0.0,1.75,0.03,5,4,6,137,0,376,56,0,130,6/21/2014,7/30/2014,8/28/2014,56,0,130,6/21/2014,,8/25/2014,3.0,,2.0,56.0,,98.0,3.0,,2.0,0.0,,0.0,137.0,,196.0,378.15,0.0,424.01,0.0,0.0,28.2,0.0,,0.0,4.4,,0.0,0.0,,0.0,0,0,0,3,0,2,0,0,0,0,0,0,1.0,,1.0,1352,66.39,0.0,0.0
7001256763,109,0.0,0.0,0.0,6/30/2014,7/31/2014,8/31/2014,323.283,454.292,298.961,51.29,67.56,79.18,302.81,429.49,187.84,0.0,0.0,0.0,0.0,0.0,0.0,51.29,50.89,21.94,221.79,331.26,150.19,26.31,9.59,2.46,0.0,0.0,0.0,299.41,391.76,174.61,0.0,16.66,53.63,42.74,74.54,25.16,11.94,14.08,13.61,0.0,0.0,0.0,54.69,105.29,92.41,0.0,0.0,0.0,0.58,2.33,1.66,0.81,0.0,0.0,355.51,499.39,268.69,49.58,12.01,14.64,187.24,266.56,148.38,12.63,21.54,6.23,249.46,300.13,169.26,0.0,5.78,19.34,68.59,30.56,6.38,27.49,38.24,16.56,0.0,0.0,0.0,96.09,74.59,42.29,346.11,374.73,211.56,0.0,0.0,0.0,0.0,0.0,0.0,0.55,0.0,0.0,7,8,3,480,560,280,110,130,130,6/28/2014,7/30/2014,8/19/2014,110,130,130,,,,,,,,,,,,,,,,,,,0.0,0.0,0.0,0.0,0.0,0.0,,,,,,,,,,0,0,0,0,0,0,0,0,0,0,0,0,,,,424,0.0,0.0,0.0
7000175737,109,0.0,0.0,0.0,6/30/2014,7/31/2014,8/31/2014,281.49,245.068,288.268,10.68,12.71,18.21,121.61,82.78,83.96,0.0,0.0,0.0,0.0,0.0,0.0,10.68,11.88,18.04,119.21,74.59,72.34,0.0,7.31,6.24,0.0,0.0,0.0,129.89,93.79,96.64,0.0,0.83,0.16,2.39,0.86,0.0,0.0,0.0,5.36,0.0,0.0,0.0,2.39,1.69,5.53,0.0,0.0,0.0,0.0,0.0,0.0,0.0,0.0,0.0,132.29,95.49,102.18,4.66,6.18,10.26,107.89,93.51,112.36,0.0,9.91,10.14,112.56,109.61,132.78,2.46,7.9,7.74,17.14,22.64,10.43,0.4,0.0,1.44,0.0,0.0,0.0,20.01,30.54,19.63,132.89,140.16,152.41,0.0,0.0,0.0,0.0,0.0,0.0,0.31,0.0,0.0,22,15,19,309,273,343,44,30,50,6/28/2014,7/31/2014,8/29/2014,20,10,20,6/25/2014,,8/22/2014,6.0,,5.0,25.0,,46.0,6.0,,5.0,0.0,,0.0,150.0,,128.0,223.54,0.0,203.48,250.15,0.0,1285.33,0.0,,18.55,29.07,,57.59,0.0,,1.0,0,0,0,6,0,5,0,0,0,0,0,0,1.0,,1.0,963,1315.43,60.21,5.6
7001212056,109,0.0,0.0,0.0,6/30/2014,7/31/2014,8/31/2014,495.719,227.019,201.493,50.34,26.73,14.51,148.24,114.06,89.34,5.31,0.0,0.0,4.98,0.0,0.0,50.04,26.73,14.51,93.04,104.43,83.64,1.63,3.21,3.83,45.8,0.0,0.0,144.73,134.38,101.99,0.3,0.0,0.0,2.48,0.2,1.86,0.0,0.0,0.0,0.0,0.0,0.0,2.78,0.2,1.86,0.0,0.0,0.0,46.56,7.08,0.91,2.54,0.0,0.0,196.63,141.66,104.78,40.38,8.01,15.86,93.14,63.13,85.38,1.39,0.73,2.14,134.93,71.88,103.39,0.2,0.0,0.0,0.68,0.0,0.08,0.0,0.0,0.0,0.0,0.0,0.0,0.88,0.0,0.08,135.81,72.36,103.48,0.0,0.29,0.0,0.0,0.0,0.0,0.0,0.18,0.0,12,7,3,620,230,230,110,110,130,6/25/2014,7/30/2014,8/27/2014,0,30,50,,,,,,,,,,,,,,,,,,,0.0,0.0,0.0,0.0,0.0,0.0,,,,,,,,,,0,0,0,0,0,0,0,0,0,0,0,0,,,,1249,0.0,0.0,0.0
7001076723,109,0.0,0.0,0.0,6/30/2014,7/31/2014,8/31/2014,283.9,672.827,522.21,39.19,67.03,19.23,187.81,279.84,236.83,0.0,91.56,66.16,0.0,61.18,160.21,13.63,50.66,11.98,118.41,92.79,59.34,14.28,0.41,6.69,0.0,0.0,0.0,146.33,143.88,78.03,25.56,14.46,1.53,39.83,27.93,9.69,15.28,99.41,6.38,0.0,0.0,0.0,80.68,141.81,17.61,0.0,0.0,0.0,0.0,0.0,0.2,0.0,0.0,0.0,227.01,285.69,95.84,42.23,1.63,2.54,189.34,72.01,94.51,28.94,7.26,4.24,260.53,80.91,101.31,6.36,11.84,3.81,132.38,87.71,28.31,0.0,11.51,2.04,0.0,0.0,0.0,138.74,111.08,34.18,399.28,191.99,135.49,0.0,0.0,0.0,0.0,0.0,0.0,0.0,0.0,0.0,1,4,3,0,765,500,0,565,500,6/13/2014,7/10/2014,8/28/2014,0,0,0,,,8/1/2014,,,2.0,,,152.0,,,1.0,,,1.0,,,304.0,0.0,0.0,259.77,0.0,0.0,0.0,,,0.0,,,85.6,,,0.0,0,0,0,0,0,1,0,0,0,0,0,1,,,1.0,556,0.0,0.0,0.0
7001330857,109,0.0,0.0,0.0,6/30/2014,7/31/2014,8/31/2014,652.637,1063.153,2114.49,111.88,131.18,163.24,428.03,488.28,627.38,10.64,10.09,0.0,15.44,11.66,0.0,50.78,66.46,66.11,177.41,216.69,224.34,50.81,33.86,3.64,0.0,0.0,0.0,279.01,317.03,294.11,52.49,60.46,97.13,192.43,225.96,399.38,0.51,0.0,0.0,0.0,0.0,0.0,245.44,286.43,496.51,0.0,0.0,0.0,0.0,4.36,0.0,0.0,0.0,0.0,524.46,607.83,790.63,51.38,45.48,26.53,203.68,287.58,323.26,8.74,15.38,32.54,263.81,348.44,382.34,2.78,10.81,0.88,60.73,57.46,154.94,0.78,0.0,1.56,0.0,0.0,0.0,64.29,68.28,157.39,329.14,417.31,539.74,0.0,0.0,0.0,0.0,0.28,0.0,1.03,0.3,0.0,8,7,10,1270,1065,2519,505,505,649,6/24/2014,7/25/2014,8/25/2014,459,339,649,6/6/2014,7/20/2014,8/24/2014,1.0,2.0,3.0,505.0,505.0,252.0,0.0,1.0,0.0,1.0,1.0,3.0,505.0,659.0,756.0,9.71,2.77,1.14,3043.34,4120.95,3123.88,442.59,582.67,1011.39,442.58,442.58,648.34,0.0,0.0,0.0,0,1,0,0,0,0,1,1,3,0,0,0,1.0,1.0,1.0,3196,0.0,34.32,140.46
7000575454,109,0.0,0.0,0.0,6/30/2014,7/31/2014,8/31/2014,121.063,180.64,141.466,15.99,28.14,0.06,77.18,112.03,38.41,3.66,0.0,0.0,1.9,0.0,0.0,13.48,25.51,0.06,75.28,111.01,26.51,0.0,1.01,0.3,0.0,0.0,0.0,88.76,137.54,26.88,2.51,2.63,0.0,0.0,0.0,0.36,0.0,0.0,0.0,0.0,0.0,0.0,2.51,2.63,0.36,0.0,0.0,0.0,0.0,0.0,11.23,0.0,0.0,0.0,91.28,140.18,38.48,16.18,33.26,27.11,127.96,161.79,153.64,0.0,0.58,0.31,144.14,195.64,181.08,5.15,0.38,0.0,34.33,1.53,1.5,0.0,0.0,0.0,0.0,0.0,0.0,39.48,1.91,1.5,183.74,197.56,182.58,0.06,0.0,0.0,0.0,0.0,0.0,0.05,0.0,0.0,11,13,15,143,199,159,30,30,25,6/27/2014,7/29/2014,8/30/2014,10,30,10,6/21/2014,,8/26/2014,1.0,,8.0,14.0,,25.0,1.0,,8.0,0.0,,0.0,14.0,,200.0,0.37,0.0,157.99,31.92,0.0,0.0,0.0,,0.0,0.0,,10.78,0.0,,0.0,0,0,0,1,0,8,0,0,0,0,0,0,1.0,,1.0,779,0.0,0.0,23.66
7001087981,109,0.0,0.0,0.0,6/30/2014,7/31/2014,8/31/2014,0.0,0.0,154.23,0.0,0.0,88.71,0.0,0.0,160.36,1.21,1.39,1.99,0.0,0.0,0.0,0.0,0.0,2.46,0.0,0.0,6.13,0.0,0.0,0.0,0.0,0.0,0.0,0.0,0.0,8.59,0.0,0.0,86.24,0.0,0.0,154.23,0.0,0.0,0.0,0.0,0.0,0.0,0.0,0.0,240.48,0.0,0.0,0.0,0.0,0.0,0.0,0.0,0.0,0.0,0.0,0.0,249.08,0.0,0.0,2.5,0.0,0.0,2.21,0.0,0.0,0.0,0.0,0.0,4.71,0.0,0.0,0.0,0.0,0.0,1.16,0.0,0.0,0.0,0.0,0.0,0.0,0.0,0.0,1.16,0.0,0.0,5.88,0.0,0.0,0.0,0.0,0.0,0.0,0.0,0.0,0.0,4,6,13,0,0,196,0,0,50,6/27/2014,7/25/2014,8/31/2014,0,0,30,,,,,,,,,,,,,,,,,,,0.0,0.0,0.0,0.0,0.0,0.0,,,,,,,,,,0,0,0,0,0,0,0,0,0,0,0,0,,,,537,0.0,0.0,0.0
7001655964,109,0.0,0.0,0.0,6/30/2014,7/31/2014,8/31/2014,233.431,208.829,267.141,199.01,188.34,263.91,97.03,125.83,71.28,0.0,0.0,0.0,0.0,0.0,0.0,199.01,188.34,263.91,96.48,61.88,42.49,0.55,9.04,0.41,0.0,0.0,0.0,296.04,259.28,306.83,0.0,0.0,0.0,0.0,0.0,0.0,0.0,0.0,0.0,0.0,0.0,0.0,0.0,0.0,0.0,0.0,0.0,0.0,0.65,58.78,31.26,0.41,0.0,0.0,297.11,318.06,338.09,87.46,93.44,104.13,87.11,56.18,57.24,0.0,0.33,0.0,174.58,149.96,161.38,0.0,0.0,0.0,0.0,0.0,0.0,0.0,0.0,0.0,0.0,0.0,0.0,0.0,0.0,0.0,174.58,149.96,161.38,0.0,0.0,0.0,0.0,0.0,0.0,0.0,0.0,0.0,6,10,13,183,237,300,33,44,30,6/28/2014,7/30/2014,8/30/2014,30,30,30,,,,,,,,,,,,,,,,,,,0.0,0.0,0.0,0.0,0.0,0.0,,,,,,,,,,0,0,0,0,0,0,0,0,0,0,0,0,,,,609,0.0,0.0,0.0
7000559958,109,0.0,0.0,0.0,6/30/2014,7/31/2014,8/31/2014,823.02,1223.505,1171.038,73.49,65.88,20.83,911.74,1359.41,1309.21,0.0,0.0,0.0,0.0,0.0,0.0,72.81,65.88,20.83,907.78,1343.81,1306.36,0.68,0.0,0.0,0.0,0.0,0.0,981.28,1409.69,1327.19,0.0,0.0,0.0,3.96,15.59,2.84,0.0,0.0,0.0,0.0,0.0,0.0,3.96,15.59,2.84,0.0,0.0,0.0,0.0,0.0,0.0,0.0,0.0,0.0,985.24,1425.29,1330.04,17.53,7.53,20.23,481.24,537.93,520.76,3.43,11.94,0.49,502.21,557.41,541.49,1.23,0.15,0.0,2.39,1.01,0.85,1.65,3.45,0.0,0.0,0.0,0.0,5.28,4.61,0.85,509.54,562.03,542.34,0.63,0.0,0.0,0.0,0.0,0.0,1.41,0.0,0.0,12,15,13,1070,1390,1430,110,130,130,6/30/2014,7/29/2014,8/31/2014,110,130,130,,,,,,,,,,,,,,,,,,,0.0,0.0,0.0,0.0,0.0,0.0,,,,,,,,,,0,0,0,0,0,0,0,0,0,0,0,0,,,,434,0.0,0.0,0.0
7000008398,109,0.0,0.0,0.0,6/30/2014,7/31/2014,8/31/2014,380.641,316.203,344.235,512.09,221.59,154.86,35.09,23.56,104.41,0.0,0.0,0.0,0.0,0.0,22.14,34.94,50.16,69.21,0.0,9.46,10.11,0.0,0.0,0.0,0.0,0.0,0.0,34.94,59.63,79.33,477.14,171.43,71.51,35.09,13.81,86.28,0.0,0.0,0.0,0.0,0.0,0.0,512.24,185.24,157.79,0.0,0.0,0.0,1.34,2.69,0.0,1.39,0.0,0.0,549.94,247.58,237.13,46.81,86.89,41.48,0.0,9.13,4.35,0.0,0.0,0.0,46.81,96.03,45.83,213.13,91.49,1.7,11.48,5.83,81.58,0.0,0.0,0.0,0.0,0.0,0.0,224.61,97.33,83.28,271.59,193.36,129.21,0.16,0.0,0.0,0.0,0.0,0.0,0.0,0.0,0.1,10,8,9,440,368,400,110,110,154,6/29/2014,7/31/2014,8/22/2014,50,20,154,,7/30/2014,8/22/2014,,1.0,1.0,,98.0,154.0,,1.0,1.0,,0.0,0.0,,98.0,154.0,0.0,322.18,547.71,0.0,0.0,0.0,,0.0,0.0,,0.51,1.6,,0.0,0.0,0,0,1,0,1,0,0,0,0,0,0,0,,1.0,1.0,189,0.0,0.0,0.0
7001296902,109,0.0,0.0,0.0,6/30/2014,7/31/2014,8/31/2014,270.958,316.747,348.794,18.43,36.73,97.18,525.86,484.94,556.33,0.0,0.0,0.0,0.0,0.0,0.0,18.43,36.73,97.18,421.04,462.88,456.04,0.0,0.0,0.0,10.84,4.8,4.96,439.48,499.61,553.23,0.0,0.0,0.0,45.24,17.26,95.31,0.0,0.0,0.0,0.0,0.0,0.0,45.24,17.26,95.31,0.0,0.0,0.0,84.28,36.44,24.18,0.0,0.0,0.0,569.01,553.33,672.73,61.86,80.24,92.81,174.69,177.99,245.24,3.68,2.64,0.0,240.24,260.89,338.06,0.0,0.0,0.0,13.08,0.0,0.0,0.0,0.0,0.0,0.0,0.0,0.0,13.08,0.0,0.0,253.54,260.89,338.06,0.21,0.0,0.0,0.0,0.0,0.0,0.0,0.0,0.0,5,5,5,403,253,401,128,110,130,6/28/2014,7/24/2014,8/20/2014,128,110,110,6/17/2014,,,1.0,,,25.0,,,1.0,,,0.0,,,25.0,,,1.25,0.0,0.0,0.0,0.0,0.0,0.0,,,0.0,,,0.0,,,0,0,0,1,0,0,0,0,0,0,0,0,1.0,,,3111,0.0,0.0,0.0
7000450583,109,0.0,0.0,0.0,6/30/2014,7/31/2014,8/31/2014,0.0,0.0,355.173,,,13.86,,,516.24,,,0.0,,,0.0,,,0.59,,,6.94,,,0.0,,,0.0,,,7.54,,,13.26,,,509.29,,,0.0,,,0.0,,,522.56,,,0.0,,,0.0,,,0.0,0.0,0.0,530.11,,,3.61,,,27.78,,,0.0,,,31.39,,,0.0,,,68.94,,,0.0,,,0.0,,,68.94,0.0,0.0,106.43,,,0.0,,,6.08,,,0.0,1,0,13,0,0,441,0,0,50,6/11/2014,,8/31/2014,0,0,30,,,8/9/2014,,,1.0,,,25.0,,,1.0,,,0.0,,,25.0,0.0,0.0,0.0,0.0,0.0,0.0,,,0.0,,,0.0,,,0.0,0,0,0,0,0,1,0,0,0,0,0,0,,,0.0,479,0.0,0.0,0.0
7001829080,109,0.0,0.0,0.0,6/30/2014,7/31/2014,8/31/2014,290.881,181.843,127.56,52.53,19.36,6.23,206.59,99.09,79.66,0.0,0.0,0.0,0.0,0.0,0.0,49.33,18.71,6.23,197.54,87.38,77.98,2.68,0.0,0.0,0.0,0.0,1.68,249.56,106.09,84.21,3.19,0.65,0.0,6.36,11.71,0.0,0.0,0.0,0.0,0.0,0.0,0.0,9.56,12.36,0.0,0.0,0.0,0.0,0.0,0.0,1.68,0.0,0.0,0.0,259.13,118.46,85.89,52.99,24.48,7.31,141.73,99.19,89.93,8.81,1.26,1.24,203.54,124.94,98.49,0.45,2.6,0.0,23.36,3.31,3.34,0.0,0.0,0.0,0.0,0.0,0.0,23.81,5.91,3.34,227.59,131.29,103.78,0.0,0.0,0.0,0.0,0.0,0.0,0.23,0.43,1.93,12,8,6,358,183,150,60,33,30,6/30/2014,7/31/2014,8/24/2014,30,20,30,,,,,,,,,,,,,,,,,,,0.0,0.0,0.0,0.0,0.0,0.0,,,,,,,,,,0,0,0,0,0,0,0,0,0,0,0,0,,,,2954,0.0,0.0,0.0
7001543270,109,0.0,0.0,0.0,6/30/2014,7/31/2014,8/31/2014,79.324,86.039,270.792,39.46,3.6,47.11,74.63,92.26,399.03,8.38,0.73,0.0,0.0,0.0,0.0,34.11,3.6,19.69,23.31,57.78,90.28,0.0,0.0,10.64,0.0,0.0,2.53,57.43,61.38,120.63,5.34,0.0,27.41,51.31,34.48,287.46,0.0,0.0,0.0,0.0,0.0,0.0,56.66,34.48,314.88,0.0,0.0,0.0,0.0,0.0,11.54,0.0,0.0,0.0,114.09,95.86,447.06,85.68,0.0,1.58,10.21,49.48,67.78,0.0,0.0,7.43,95.89,49.48,76.79,0.65,0.0,7.69,27.63,9.46,45.96,0.0,0.0,0.0,0.0,0.0,0.0,28.28,9.46,53.66,124.18,58.94,130.46,0.0,0.0,0.0,0.0,0.0,0.0,0.0,0.0,0.0,4,8,9,50,245,220,50,128,67,6/27/2014,7/30/2014,8/27/2014,0,128,67,,,,,,,,,,,,,,,,,,,0.0,0.0,0.0,0.0,0.0,0.0,,,,,,,,,,0,0,0,0,0,0,0,0,0,0,0,0,,,,3001,0.0,0.0,0.0
7000896132,109,0.0,0.0,0.0,6/30/2014,7/31/2014,8/31/2014,124.67,215.61,440.9,1.9,0.36,5.43,31.65,5.91,25.91,0.0,0.0,0.0,0.0,0.0,0.0,0.0,0.36,4.26,31.65,5.19,20.93,1.9,0.01,3.41,0.0,0.0,0.0,33.55,5.58,28.61,0.0,0.0,1.16,0.0,0.0,0.0,0.0,0.0,0.0,0.0,0.0,0.0,0.0,0.0,1.16,0.0,0.7,1.56,0.0,0.0,0.0,0.0,0.0,0.0,33.55,6.28,31.34,0.0,0.0,2.79,0.0,1.3,1.36,0.0,0.0,0.0,0.0,1.3,4.16,0.0,0.0,0.0,0.0,0.0,0.0,0.0,0.0,0.0,0.0,0.0,0.0,0.0,0.0,0.0,0.0,1.3,4.16,0.0,0.0,0.0,0.0,0.0,0.0,0.0,0.0,0.0,1,2,2,0,0,0,0,0,0,6/12/2014,7/24/2014,8/26/2014,0,0,0,,,,,,,,,,,,,,,,,,,0.0,0.0,0.0,0.0,0.0,0.0,,,,,,,,,,0,0,0,0,0,0,0,0,0,0,0,0,,,,749,107.74,24.34,2.61
7000168888,109,0.0,0.0,0.0,6/30/2014,7/31/2014,8/31/2014,0.0,53.893,194.688,0.0,4.25,114.66,0.0,67.79,205.69,0.7,2.61,0.0,0.0,0.0,0.0,0.0,0.0,1.21,0.0,0.01,0.15,0.0,0.0,0.0,0.0,20.39,0.26,0.0,0.01,1.36,0.0,4.25,113.44,0.0,21.61,200.19,0.0,0.0,0.0,0.0,0.0,0.0,0.0,25.86,313.64,0.0,0.0,0.0,0.0,46.16,5.34,0.0,0.0,0.0,0.0,72.04,320.36,0.0,0.86,2.46,0.0,1.35,43.58,0.0,0.0,0.0,0.0,2.21,46.04,0.0,0.0,2.04,0.0,0.0,0.35,0.0,0.0,0.0,0.0,0.0,0.0,0.0,0.0,2.39,0.0,2.21,48.69,0.0,0.0,0.25,0.0,0.0,0.0,0.0,0.0,0.0,2,4,13,0,76,226,0,36,36,6/26/2014,7/28/2014,8/29/2014,0,20,20,,,,,,,,,,,,,,,,,,,0.0,0.0,0.0,0.0,0.0,0.0,,,,,,,,,,0,0,0,0,0,0,0,0,0,0,0,0,,,,481,0.0,0.0,0.0
7000065836,109,0.0,0.0,0.0,6/30/2014,7/31/2014,8/31/2014,408.391,450.799,319.126,51.74,6.13,13.36,676.94,816.01,533.53,15.46,0.0,0.0,24.81,0.0,0.0,20.18,2.99,12.74,26.68,35.56,52.99,0.0,0.0,3.63,0.0,0.0,0.0,46.86,38.56,69.38,26.58,3.13,0.61,630.43,780.44,476.89,0.0,0.0,0.0,0.0,0.0,0.0,657.01,783.58,477.51,0.0,0.0,0.0,0.0,0.0,0.93,0.0,0.0,0.0,703.88,822.14,547.83,66.16,82.58,174.34,98.93,96.59,228.56,0.65,5.18,6.64,165.74,184.36,409.56,0.0,0.0,0.0,27.06,44.28,71.78,0.0,0.0,0.0,0.0,0.0,0.0,27.06,44.28,71.78,192.81,228.64,481.68,0.0,0.0,0.0,0.0,0.0,0.0,0.0,0.0,0.33,7,12,20,486,411,360,110,50,50,6/29/2014,7/27/2014,8/29/2014,110,50,10,,7/21/2014,,,1.0,,,25.0,,,1.0,,,0.0,,,25.0,,0.0,8.06,0.0,0.0,0.0,0.0,,0.0,,,0.0,,,0.0,,0,0,0,0,1,0,0,0,0,0,0,0,,1.0,,241,0.0,0.0,0.0
7001223057,109,0.0,0.0,0.0,6/30/2014,7/31/2014,8/31/2014,512.694,469.724,480.072,84.58,228.71,128.11,161.14,234.51,165.29,0.0,0.0,0.0,0.0,0.0,0.0,57.33,188.48,109.03,119.01,145.63,115.33,3.79,21.01,23.41,0.0,0.0,0.0,180.14,355.13,247.78,27.24,40.23,19.08,38.33,67.86,26.54,0.0,0.0,0.0,0.0,0.0,0.0,65.58,108.09,45.63,0.0,0.0,0.0,0.0,0.0,0.0,0.0,0.0,0.0,245.73,463.23,293.41,326.93,256.31,149.69,195.76,159.83,98.44,54.73,139.31,90.01,577.43,555.46,338.16,26.16,21.46,12.91,56.78,69.74,38.36,1.23,0.0,1.11,0.0,0.0,0.0,84.18,91.21,52.39,700.06,647.39,391.84,0.0,0.0,0.0,38.44,0.71,1.28,0.0,0.0,0.0,7,4,3,845,360,602,250,250,250,6/30/2014,7/22/2014,8/28/2014,250,250,200,6/30/2014,,8/4/2014,4.0,,2.0,152.0,,152.0,2.0,,1.0,2.0,,1.0,608.0,,304.0,171.45,0.0,175.29,0.0,0.0,0.0,127.92,,63.96,168.72,,81.46,0.0,,0.0,0,0,0,2,0,1,0,0,0,2,0,1,1.0,,1.0,2803,0.0,0.0,0.0
7000426529,109,0.0,0.0,0.0,6/30/2014,7/31/2014,8/31/2014,227.068,240.1,395.312,27.86,24.94,290.04,464.69,514.34,596.06,0.0,0.0,0.0,0.0,0.0,0.0,9.94,13.74,1.71,17.43,45.86,48.43,0.0,0.0,0.0,0.0,0.0,14.41,27.38,59.61,50.14,17.91,11.2,288.33,445.13,468.48,521.08,0.0,0.0,0.0,0.0,0.0,0.0,463.04,479.68,809.41,0.0,0.0,0.0,2.16,0.0,29.51,0.0,0.0,0.0,492.59,539.29,889.08,11.01,8.09,0.75,29.09,53.26,41.21,0.0,0.0,0.0,40.11,61.36,41.96,0.0,0.0,0.0,0.66,0.0,2.01,0.0,0.0,0.0,0.0,0.0,0.0,0.66,0.0,2.01,82.61,169.03,118.83,0.0,0.0,0.0,20.93,86.48,74.84,20.89,21.18,0.0,3,6,6,236,384,498,110,128,144,6/22/2014,7/29/2014,8/31/2014,110,128,144,,,,,,,,,,,,,,,,,,,0.0,0.0,0.0,0.0,0.0,0.0,,,,,,,,,,0,0,0,0,0,0,0,0,0,0,0,0,,,,486,0.0,0.0,0.0
7001363807,109,0.0,0.0,0.0,6/30/2014,7/31/2014,8/31/2014,245.614,124.67,202.442,182.68,25.66,136.68,79.53,94.21,55.84,0.0,0.0,0.0,0.0,0.0,0.0,182.68,25.66,136.68,79.53,70.44,54.71,0.0,0.0,1.13,0.0,0.0,0.0,262.21,96.11,192.53,0.0,0.0,0.0,0.0,0.53,0.0,0.0,19.44,0.0,0.0,0.0,0.0,0.0,19.98,0.0,0.0,0.0,0.0,0.0,3.78,0.0,0.0,0.0,0.0,262.21,119.88,192.53,512.66,29.76,307.74,52.33,46.51,26.96,0.7,1.24,3.74,565.69,77.53,338.46,0.0,0.0,0.0,0.0,0.0,0.0,0.0,0.0,0.41,0.0,0.0,0.0,0.0,0.0,0.41,565.69,77.53,338.88,0.0,0.0,0.0,0.0,0.0,0.0,0.0,0.0,0.0,8,2,4,411,50,200,110,50,50,6/28/2014,7/22/2014,8/27/2014,110,50,50,,,,,,,,,,,,,,,,,,,0.0,0.0,0.0,0.0,0.0,0.0,,,,,,,,,,0,0,0,0,0,0,0,0,0,0,0,0,,,,1244,0.0,0.0,0.0
7001133170,109,0.0,0.0,0.0,6/30/2014,7/31/2014,8/31/2014,329.424,392.759,444.72,9.96,106.56,3.49,49.09,26.63,56.86,0.0,0.0,0.0,0.0,0.0,0.0,9.96,106.56,3.49,49.09,26.63,56.28,0.0,0.0,0.0,0.0,0.0,0.0,59.06,133.19,59.78,0.0,0.0,0.0,0.0,0.0,0.58,0.0,0.0,0.0,0.0,0.0,0.0,0.0,0.0,0.58,0.0,0.0,0.0,0.0,0.0,0.0,0.0,0.0,0.0,59.06,133.19,60.36,24.04,20.51,8.69,166.31,237.16,196.26,10.34,0.13,1.38,200.71,257.81,206.34,0.0,0.0,0.0,12.01,8.15,3.11,0.0,0.0,0.0,0.0,0.0,0.0,12.01,8.15,3.11,212.73,265.96,209.46,0.0,0.0,0.0,0.0,0.0,0.0,0.0,0.0,0.0,5,6,9,502,288,498,154,100,119,6/20/2014,7/31/2014,8/28/2014,154,30,100,6/20/2014,7/14/2014,,2.0,1.0,,154.0,98.0,,2.0,1.0,,0.0,0.0,,252.0,98.0,,137.84,54.92,0.0,1238.5,1030.69,0.0,0.01,63.36,,0.0,0.0,,0.0,0.0,,1,0,0,1,1,0,0,0,0,0,0,0,1.0,1.0,,214,117.03,800.19,563.12
7000741312,109,0.0,0.0,0.0,6/30/2014,7/31/2014,8/31/2014,171.739,167.544,130.414,66.23,1.96,9.68,106.79,37.36,36.51,0.0,0.0,0.0,0.0,0.0,0.0,66.23,1.96,9.68,95.36,37.28,29.58,0.0,0.08,0.88,9.74,0.0,6.05,161.59,39.33,40.14,0.0,0.0,0.0,1.68,0.0,0.0,0.0,0.0,0.0,0.0,0.0,0.0,1.68,0.0,0.0,0.0,0.0,0.0,9.74,4.39,7.68,0.76,0.0,0.0,173.79,43.73,47.83,96.29,56.24,113.94,71.71,22.03,45.28,1.73,5.18,20.24,169.74,83.46,179.48,1.71,0.0,2.03,0.0,0.68,5.56,0.0,0.55,0.0,0.0,0.0,0.0,1.71,1.23,7.59,171.46,85.11,187.08,0.0,0.41,0.0,0.0,0.0,0.0,0.0,0.0,0.0,13,10,7,202,179,154,30,30,30,6/28/2014,7/27/2014,8/29/2014,30,14,30,6/17/2014,7/27/2014,8/25/2014,3.0,4.0,2.0,14.0,17.0,17.0,3.0,4.0,2.0,0.0,0.0,0.0,42.0,59.0,34.0,131.08,266.9,108.3,0.0,0.0,0.0,0.0,0.0,0.0,7.8,45.79,35.37,0.0,0.0,0.0,0,0,0,3,4,2,0,0,0,0,0,0,1.0,1.0,1.0,383,0.0,0.0,0.0
7000780026,109,0.0,0.0,0.0,6/30/2014,7/31/2014,8/31/2014,112.583,119.918,90.632,7.58,19.08,2.38,110.81,219.94,133.61,0.0,0.0,0.0,0.0,0.0,0.0,7.58,19.08,2.38,110.81,219.66,130.76,0.0,0.28,0.63,0.0,0.0,0.0,118.39,239.03,133.78,0.0,0.0,0.0,0.0,0.0,2.21,0.0,0.0,0.0,0.0,0.0,0.0,0.0,0.0,2.21,0.0,0.0,0.0,0.0,0.0,0.0,0.0,0.0,0.0,118.39,239.03,135.99,27.76,31.01,8.63,121.88,127.98,92.18,0.0,1.55,1.21,149.64,160.54,102.03,0.0,0.0,0.0,0.0,0.0,1.33,0.0,0.0,0.0,0.0,0.0,0.0,0.0,0.0,1.33,149.64,160.54,103.36,0.0,0.0,0.0,0.0,0.0,0.0,0.0,0.0,0.0,1,5,4,33,120,213,33,120,130,6/30/2014,7/28/2014,8/21/2014,33,0,130,,,,,,,,,,,,,,,,,,,0.0,0.0,0.0,0.0,0.0,0.0,,,,,,,,,,0,0,0,0,0,0,0,0,0,0,0,0,,,,1741,0.0,0.0,0.0
7000778304,109,0.0,0.0,0.0,6/30/2014,7/31/2014,8/31/2014,219.699,400.572,333.301,184.29,207.83,447.09,115.89,101.13,98.66,0.0,0.0,0.0,0.0,0.0,0.0,73.91,56.91,98.71,38.73,70.76,88.33,0.0,0.0,0.0,0.0,0.0,0.0,112.64,127.68,187.04,110.38,150.91,348.38,77.16,30.36,10.33,0.0,0.0,0.0,0.0,0.0,0.0,187.54,181.28,358.71,0.0,0.0,0.0,0.05,0.41,0.0,0.0,0.0,0.0,300.24,309.38,545.76,17.53,37.09,44.19,14.73,31.16,27.48,0.0,0.0,0.0,32.26,68.26,71.68,12.88,75.41,74.73,45.68,22.19,23.58,0.0,0.0,0.0,0.0,0.0,0.0,58.56,97.61,98.31,91.34,165.88,170.14,0.51,0.0,0.0,0.0,0.0,0.15,0.0,0.0,0.0,6,11,7,277,490,356,120,110,130,6/30/2014,7/31/2014,8/23/2014,0,0,130,,,,,,,,,,,,,,,,,,,0.0,0.0,0.0,0.0,0.0,0.0,,,,,,,,,,0,0,0,0,0,0,0,0,0,0,0,0,,,,292,0.0,0.0,0.0
7001553181,109,0.0,0.0,0.0,6/30/2014,7/31/2014,8/31/2014,465.401,493.225,805.28,2594.79,2542.69,1665.78,81.76,170.11,94.46,0.0,0.0,0.0,0.0,0.0,0.0,2589.51,2542.69,1665.78,63.04,158.73,24.23,10.29,10.33,5.19,1.91,0.0,7.0,2662.86,2711.76,1695.21,5.28,0.0,0.0,3.84,0.0,0.0,2.64,1.05,2.0,0.0,0.0,0.0,11.78,1.05,2.0,0.0,0.0,0.0,2.79,0.25,65.96,1.33,0.0,0.0,2678.78,2713.06,1763.18,217.59,153.38,287.84,134.79,179.21,80.71,43.69,21.68,70.58,396.09,354.28,439.14,0.0,0.0,6.23,2.91,0.0,0.53,29.25,1.43,0.96,0.0,0.0,0.0,32.16,1.43,7.73,435.49,355.71,446.88,0.18,0.0,0.0,6.95,0.0,0.0,0.1,0.0,0.0,9,7,11,537,577,946,297,297,299,6/29/2014,7/20/2014,8/28/2014,0,30,30,,,,,,,,,,,,,,,,,,,0.0,0.0,0.0,0.0,0.0,0.0,,,,,,,,,,0,0,0,0,0,0,0,0,0,0,0,0,,,,272,0.0,0.0,0.0
7000916950,109,0.0,0.0,0.0,6/30/2014,7/31/2014,8/31/2014,252.82,204.834,220.36,174.44,161.53,208.96,197.39,318.23,185.43,0.0,159.21,0.0,0.0,235.19,0.0,77.18,46.58,69.23,141.91,133.34,164.96,8.54,31.64,6.61,0.0,0.0,0.0,227.64,211.58,240.81,97.26,9.36,139.73,40.54,2.16,13.36,6.38,21.44,0.48,0.0,0.0,0.0,144.19,32.98,153.58,1.2,0.0,0.0,0.0,0.0,0.0,0.0,0.0,0.0,373.04,244.56,394.39,63.69,34.29,21.36,164.89,86.63,89.86,103.63,65.21,77.49,332.23,186.14,188.73,22.23,0.0,35.54,34.74,40.76,14.23,12.88,37.41,8.98,0.0,0.0,0.0,69.86,78.18,58.76,405.94,264.33,247.49,0.0,0.0,0.0,3.84,0.0,0.0,0.0,0.0,0.0,4,3,2,15,1000,0,15,1000,0,6/27/2014,7/25/2014,8/17/2014,0,0,0,,,,,,,,,,,,,,,,,,,0.0,0.0,0.0,0.0,0.0,0.0,,,,,,,,,,0,0,0,0,0,0,0,0,0,0,0,0,,,,353,0.0,0.0,0.0
7000028539,109,0.0,0.0,0.0,6/30/2014,7/31/2014,8/31/2014,0.0,115.712,203.672,0.0,188.68,254.68,0.0,132.09,154.24,0.0,0.0,0.0,0.0,0.0,0.0,0.0,18.68,29.36,0.0,84.83,65.61,0.0,0.0,8.09,0.0,13.73,14.71,0.0,103.51,103.08,0.0,169.99,225.31,0.0,23.84,57.96,0.0,0.0,0.0,0.0,0.0,0.0,0.0,193.84,283.28,0.0,0.0,0.0,0.0,29.94,31.81,0.0,0.0,0.0,0.0,327.31,418.18,0.0,9.14,5.56,0.0,39.93,96.66,0.0,2.56,2.91,0.0,51.64,105.14,0.03,0.0,0.0,0.0,4.33,1.73,0.0,0.0,0.0,0.0,0.0,0.0,0.03,4.33,1.73,0.51,56.04,107.43,0.48,0.06,0.55,0.0,0.0,0.0,0.0,0.0,0.0,2,7,11,0,140,228,0,27,44,6/18/2014,7/28/2014,8/24/2014,0,27,10,,,,,,,,,,,,,,,,,,,0.0,0.0,0.0,0.0,0.0,0.0,,,,,,,,,,0,0,0,0,0,0,0,0,0,0,0,0,,,,235,0.0,0.0,0.0
7001805187,109,0.0,0.0,0.0,6/30/2014,7/31/2014,8/31/2014,99.69,5.65,16.134,34.43,2.33,0.46,66.23,3.53,12.91,0.0,0.0,0.0,0.0,0.0,0.0,34.43,2.33,0.46,59.73,3.53,5.96,4.36,0.0,5.48,0.0,0.0,1.06,98.53,5.86,11.91,0.0,0.0,0.0,2.13,0.0,0.0,0.0,0.0,0.0,0.0,0.0,0.0,2.13,0.0,0.0,0.0,0.0,0.0,0.0,0.0,1.46,0.0,0.0,0.0,100.66,5.86,13.38,26.23,12.7,12.11,24.16,0.49,6.19,13.9,0.0,0.0,64.29,13.19,18.31,0.0,0.0,0.0,0.0,0.0,0.0,0.0,0.0,0.0,0.0,0.0,0.0,0.0,0.0,0.0,222.44,23.46,47.44,0.51,0.21,0.49,157.63,10.05,28.63,0.0,0.0,0.0,2,3,4,0,0,100,0,0,100,6/21/2014,7/17/2014,8/25/2014,0,0,0,,,,,,,,,,,,,,,,,,,0.0,0.0,0.0,0.0,0.0,0.0,,,,,,,,,,0,0,0,0,0,0,0,0,0,0,0,0,,,,500,0.0,0.0,0.0
7000997488,109,0.0,0.0,0.0,6/30/2014,7/31/2014,8/31/2014,103.772,240.306,112.745,32.43,152.26,107.19,115.83,328.01,81.63,0.0,0.0,0.0,0.0,0.0,0.0,0.0,1.41,24.46,4.24,12.16,38.09,0.68,0.0,0.0,0.0,12.11,16.46,4.93,13.58,62.56,32.43,150.84,82.73,105.23,301.06,43.53,0.0,0.0,0.0,0.0,0.0,0.0,137.66,451.91,126.26,0.0,0.0,0.0,6.51,15.78,26.23,2.03,0.0,0.0,151.14,481.28,215.06,20.64,31.48,40.59,23.78,61.19,89.34,0.0,0.41,1.3,44.43,93.09,131.24,5.31,7.33,14.58,1.43,4.09,4.61,0.0,0.0,0.0,0.0,0.0,0.0,6.74,11.43,19.19,52.28,105.11,151.88,0.71,0.0,0.5,0.38,0.0,0.0,0.0,0.58,0.93,4,8,13,176,271,84,65,65,27,6/25/2014,7/29/2014,8/26/2014,65,65,0,,,,,,,,,,,,,,,,,,,0.0,0.0,0.0,0.0,0.0,0.0,,,,,,,,,,0,0,0,0,0,0,0,0,0,0,0,0,,,,1099,0.0,0.0,0.0
7001979889,109,0.0,0.0,0.0,6/30/2014,7/31/2014,8/31/2014,201.687,315.758,76.268,84.84,15.08,1.34,344.31,415.48,34.51,0.0,0.0,3.89,0.0,0.0,5.66,7.69,3.36,1.06,71.28,156.01,11.01,0.0,0.0,0.0,0.0,0.0,0.0,78.98,159.38,12.08,77.14,11.71,0.0,273.03,259.46,11.68,0.0,0.0,0.0,0.0,0.0,0.0,350.18,271.18,11.68,0.0,0.0,0.0,0.0,0.0,6.43,0.0,0.0,0.0,429.16,430.56,30.19,0.89,0.0,0.76,32.39,32.18,3.68,0.0,0.51,0.0,33.29,32.69,4.45,6.46,41.91,0.0,68.93,36.01,1.15,0.0,0.0,0.0,0.0,0.0,0.0,75.39,77.93,1.15,109.09,110.63,5.6,0.0,0.0,0.0,0.0,0.0,0.0,0.4,0.0,0.0,5,5,5,256,339,100,110,110,50,6/18/2014,7/23/2014,8/29/2014,110,110,0,,,,,,,,,,,,,,,,,,,0.0,0.0,0.0,0.0,0.0,0.0,,,,,,,,,,0,0,0,0,0,0,0,0,0,0,0,0,,,,563,0.0,0.0,0.0
7000693427,109,0.0,0.0,0.0,6/30/2014,7/31/2014,8/31/2014,173.006,1.0,4.87,304.48,0.13,3.11,7.59,0.0,0.0,1.35,0.0,3.76,8.91,0.13,3.11,10.78,0.0,0.0,7.23,0.0,0.0,0.36,0.0,0.0,0.0,0.0,0.0,18.38,0.0,0.0,284.78,0.0,0.0,0.0,0.0,0.0,0.0,0.0,0.0,0.0,0.0,0.0,284.78,0.0,0.0,0.0,0.0,0.0,0.0,0.0,0.0,0.0,0.0,0.0,303.16,0.0,0.0,29.43,0.0,0.0,2.91,0.0,0.0,0.76,0.0,0.0,33.11,0.0,0.0,0.0,0.0,0.0,0.0,0.0,0.0,0.0,0.0,0.0,0.0,0.0,0.0,0.0,0.0,0.0,33.18,0.0,0.0,0.06,0.0,0.0,0.0,0.0,0.0,0.0,0.0,0.0,9,2,4,260,0,0,110,0,0,6/23/2014,7/11/2014,8/25/2014,0,0,0,,,,,,,,,,,,,,,,,,,0.0,0.0,0.0,0.0,0.0,0.0,,,,,,,,,,0,0,0,0,0,0,0,0,0,0,0,0,,,,305,0.0,0.0,0.0
7000248481,109,0.0,0.0,0.0,6/30/2014,7/31/2014,8/31/2014,59.354,32.3,63.248,47.84,24.21,52.79,16.39,0.63,10.33,54.76,14.78,37.01,27.94,24.84,63.13,17.63,0.0,0.0,16.39,0.0,0.0,0.0,0.0,0.0,0.0,0.0,0.0,34.03,0.0,0.0,2.26,0.0,0.0,0.0,0.0,0.0,0.0,0.0,0.0,0.0,0.0,0.0,2.26,0.0,0.0,0.0,0.0,0.0,0.0,0.0,0.0,0.0,0.0,0.0,36.29,0.0,0.0,4.16,0.0,0.0,29.38,0.0,0.0,0.0,0.0,0.0,33.54,0.0,0.0,6.58,0.0,0.0,0.0,0.0,0.0,0.0,0.0,0.0,0.0,0.0,0.0,6.58,0.0,0.0,40.13,0.0,0.0,0.0,0.0,0.0,0.0,0.0,0.0,0.0,0.0,0.0,2,2,7,26,0,86,26,0,30,6/24/2014,7/30/2014,8/28/2014,0,0,30,,,,,,,,,,,,,,,,,,,0.0,0.0,0.0,0.0,0.0,0.0,,,,,,,,,,0,0,0,0,0,0,0,0,0,0,0,0,,,,1388,0.0,0.0,0.0
7000787229,109,0.0,0.0,0.0,6/30/2014,7/31/2014,8/31/2014,231.318,175.002,151.706,118.11,138.34,123.98,156.49,82.54,56.79,1.96,0.0,0.0,1.11,0.0,0.0,15.81,4.91,4.3,63.91,33.66,43.56,1.48,0.0,0.0,0.0,0.0,0.0,81.21,38.58,47.86,102.29,133.43,119.68,89.98,48.88,13.23,0.0,0.0,0.0,0.0,0.0,0.0,192.28,182.31,132.91,0.0,0.0,0.0,0.0,0.0,0.0,0.0,0.0,0.0,273.49,220.89,180.78,14.98,2.55,0.73,72.23,59.18,23.49,0.45,0.0,0.0,87.66,61.73,24.23,1.09,12.19,5.36,19.63,9.63,1.86,0.0,0.0,0.0,0.0,0.0,0.0,20.73,21.83,7.23,108.39,83.56,31.53,0.0,0.0,0.0,0.0,0.0,0.0,0.0,0.0,0.06,4,3,1,250,220,144,110,110,144,6/25/2014,7/26/2014,8/8/2014,110,110,144,,,,,,,,,,,,,,,,,,,0.0,0.0,0.0,0.0,0.0,0.0,,,,,,,,,,0,0,0,0,0,0,0,0,0,0,0,0,,,,500,0.0,0.0,0.0
7002353787,109,0.0,0.0,0.0,6/30/2014,7/31/2014,8/31/2014,341.861,268.637,373.046,80.93,72.36,67.66,192.13,145.56,215.34,0.0,0.0,0.0,0.0,0.0,0.0,80.93,72.36,67.66,176.46,136.48,204.08,10.44,0.6,2.76,2.53,7.43,0.0,267.84,209.44,274.51,0.0,0.0,0.0,0.0,0.0,3.56,2.68,1.05,4.93,0.0,0.0,0.0,2.68,1.05,8.49,0.0,0.0,0.0,2.53,7.79,0.0,0.0,0.0,0.0,273.06,218.29,283.01,301.59,322.43,189.79,242.21,277.14,201.98,67.34,64.78,46.23,611.16,664.36,438.01,0.0,23.43,0.0,0.0,0.0,21.64,37.41,60.46,39.58,0.0,0.0,0.0,37.41,83.89,61.23,648.58,748.26,499.24,0.0,0.0,0.0,0.0,0.0,0.0,0.0,0.0,0.0,12,13,13,305,292,313,59,41,41,6/30/2014,7/31/2014,8/30/2014,0,41,23,6/30/2014,7/16/2014,8/14/2014,1.0,1.0,1.0,98.0,154.0,154.0,1.0,1.0,1.0,0.0,0.0,0.0,98.0,154.0,154.0,10.91,211.55,110.03,604.28,701.05,716.28,4.15,0.01,4.05,13.49,8.9,0.0,0.0,0.0,0.0,0,1,1,1,0,0,0,0,0,0,0,0,1.0,1.0,1.0,1696,344.21,736.35,72.5
7002161212,109,0.0,0.0,0.0,6/30/2014,7/31/2014,8/31/2014,282.834,126.22,231.406,92.21,32.48,114.04,197.83,82.18,161.88,89.39,0.0,0.0,12.33,0.0,0.0,13.53,8.78,5.14,100.34,27.34,45.16,7.61,0.0,9.46,0.0,0.65,10.58,121.49,36.13,59.78,76.49,23.69,108.89,79.71,54.18,96.66,0.0,0.0,0.0,0.0,0.0,0.0,156.21,77.88,205.56,0.0,0.0,0.0,0.0,0.65,10.58,0.0,0.0,0.0,277.71,114.66,275.93,81.03,87.68,61.79,146.86,41.29,114.33,23.69,13.09,30.86,251.59,142.08,206.99,11.61,52.18,28.8,57.78,347.09,173.71,0.0,0.0,0.0,0.0,0.0,0.0,69.39,399.28,202.51,355.78,580.23,442.31,0.0,0.0,0.0,0.0,22.99,32.79,34.78,15.86,0.0,4,6,8,307,120,263,110,30,86,6/26/2014,7/29/2014,8/31/2014,110,20,20,,,,,,,,,,,,,,,,,,,0.0,0.0,0.0,0.0,0.0,0.0,,,,,,,,,,0,0,0,0,0,0,0,0,0,0,0,0,,,,777,0.0,0.0,0.0
7001112373,109,0.0,0.0,0.0,6/30/2014,7/31/2014,8/31/2014,52.668,121.89,286.405,10.43,70.43,323.74,10.94,51.91,98.73,11.08,2.35,0.0,21.74,0.0,0.0,0.0,3.33,7.83,0.0,1.1,15.64,0.0,0.0,0.0,0.0,0.0,0.0,0.0,4.43,23.48,0.0,67.09,315.91,0.0,50.81,81.71,0.0,0.0,0.0,0.0,0.0,0.0,0.0,117.91,397.63,0.0,0.0,0.0,0.0,0.0,1.36,0.0,0.0,0.0,0.0,122.34,422.48,0.0,25.83,33.23,0.0,265.98,450.21,0.0,0.0,0.0,0.0,291.81,483.44,0.0,2.75,30.39,0.0,0.8,0.53,0.0,0.0,0.0,0.0,0.0,0.0,0.0,3.55,30.93,0.0,295.49,514.88,0.0,0.0,0.5,0.0,0.0,0.0,0.0,0.13,0.0,4,9,19,60,140,331,30,30,67,6/24/2014,7/25/2014,8/29/2014,0,20,10,,,,,,,,,,,,,,,,,,,0.0,0.0,0.0,0.0,0.0,0.0,,,,,,,,,,0,0,0,0,0,0,0,0,0,0,0,0,,,,857,0.0,0.0,0.0
7001287498,109,0.0,0.0,0.0,6/30/2014,7/31/2014,8/31/2014,454.102,24.661,389.261,195.38,3.13,97.99,609.51,28.38,615.96,0.0,0.0,0.0,0.0,0.0,0.0,70.26,3.13,33.74,287.63,12.43,295.54,34.56,15.94,13.28,3.38,0.0,0.0,392.46,31.51,342.58,125.11,0.0,64.24,273.74,0.0,300.06,0.0,0.0,0.0,0.0,0.0,0.0,398.86,0.0,364.31,0.0,0.0,0.0,13.56,0.0,7.06,0.0,0.0,0.0,804.89,31.51,713.96,22.64,16.88,23.83,206.59,72.44,288.81,12.94,2.26,4.99,242.19,91.59,317.64,3.18,1.1,0.0,66.03,6.21,12.31,0.0,0.0,0.0,0.0,0.0,0.0,69.21,7.31,12.31,311.41,98.91,329.96,0.0,0.0,0.0,0.0,0.0,0.0,0.0,0.0,0.0,5,2,6,507,172,457,110,128,130,6/25/2014,7/4/2014,8/31/2014,110,44,130,,,,,,,,,,,,,,,,,,,0.0,0.0,0.0,0.0,0.0,0.0,,,,,,,,,,0,0,0,0,0,0,0,0,0,0,0,0,,,,1731,238.53,0.0,0.0
7000946860,109,0.0,0.0,0.0,6/30/2014,7/31/2014,8/31/2014,150.441,210.8,316.377,133.13,239.56,194.24,131.64,99.78,22.36,0.0,0.0,0.0,0.0,0.0,0.0,133.13,239.56,194.24,131.64,99.78,14.81,0.0,0.0,7.55,0.0,0.0,0.0,264.78,339.34,216.61,0.0,0.0,0.0,0.0,0.0,0.0,0.0,0.0,0.0,0.0,0.0,0.0,0.0,0.0,0.0,0.0,0.0,0.0,0.0,0.0,0.0,0.0,0.0,0.0,264.78,339.34,216.61,80.43,168.08,193.76,136.43,158.21,163.61,12.98,8.34,7.28,229.84,334.64,364.66,0.0,0.2,0.0,0.0,0.0,0.0,44.06,56.81,31.18,0.0,0.0,0.0,44.06,57.01,31.18,275.09,391.79,396.03,0.0,0.0,0.0,0.0,0.0,0.18,1.18,0.13,0.0,4,3,4,150,200,331,150,200,215,6/14/2014,7/15/2014,8/11/2014,0,0,215,6/4/2014,7/15/2014,8/11/2014,2.0,1.0,1.0,152.0,145.0,23.0,1.0,0.0,0.0,1.0,1.0,1.0,304.0,145.0,23.0,26.42,3.29,0.0,315.66,481.29,0.0,63.96,158.28,0.0,63.96,125.33,0.0,0.0,0.0,0.0,0,0,0,1,0,0,0,1,0,1,0,1,1.0,1.0,0.0,2438,0.0,105.49,246.62
7001046816,109,0.0,0.0,0.0,6/30/2014,7/31/2014,8/31/2014,15.89,121.657,4.81,1.86,0.0,0.68,10.54,0.0,0.0,0.0,0.0,0.0,0.0,0.0,0.0,1.86,0.0,0.68,3.1,0.0,0.0,0.0,0.0,0.0,0.0,0.0,0.0,4.96,0.0,0.68,0.0,0.0,0.0,0.0,0.0,0.0,7.44,0.0,0.0,0.0,0.0,0.0,7.44,0.0,0.0,0.0,0.0,0.0,0.0,0.0,0.0,0.0,0.0,0.0,12.41,0.0,0.68,0.93,21.46,19.23,9.81,128.28,57.46,25.64,30.61,3.56,36.39,180.36,80.26,0.0,0.0,0.0,2.94,6.15,0.0,4.18,0.0,0.0,0.0,0.0,0.0,7.13,6.15,0.0,43.53,187.44,81.13,0.0,0.0,0.0,0.0,0.0,0.0,0.0,0.93,0.86,2,4,2,0,395,0,0,250,0,6/17/2014,7/22/2014,8/12/2014,0,0,0,,7/1/2014,,,1.0,,,145.0,,,0.0,,,1.0,,,145.0,,0.0,220.46,0.0,0.0,0.0,0.0,,0.0,,,36.2,,,0.0,,0,0,0,0,0,0,0,1,0,0,0,0,,1.0,,737,0.0,0.0,0.0
7000702153,109,0.0,0.0,0.0,6/30/2014,7/31/2014,8/31/2014,165.585,127.795,80.69,0.0,0.0,0.0,0.0,36.3,62.41,0.0,0.0,0.0,0.0,0.0,0.0,0.0,0.0,0.0,0.0,36.3,62.41,0.0,0.0,0.0,0.0,0.0,0.0,0.0,36.3,62.41,0.0,0.0,0.0,0.0,0.0,0.0,0.0,0.0,0.0,0.0,0.0,0.0,0.0,0.0,0.0,0.0,0.0,0.0,0.0,0.0,0.0,0.0,0.0,0.0,0.0,36.3,62.41,0.0,4.71,12.53,4.93,51.51,431.44,0.0,8.98,6.0,4.93,65.21,449.98,0.0,0.0,0.0,0.0,0.0,0.0,0.0,0.96,0.0,0.0,0.0,0.0,0.0,0.96,0.0,4.93,66.18,449.98,0.0,0.0,0.0,0.0,0.0,0.0,0.0,0.0,0.0,3,4,3,196,149,84,98,99,54,6/27/2014,7/22/2014,8/21/2014,98,0,0,6/27/2014,,,2.0,,,98.0,,,2.0,,,0.0,,,196.0,,,268.08,0.0,0.0,0.0,0.0,0.0,0.0,,,0.0,,,0.0,,,0,0,0,2,0,0,0,0,0,0,0,0,1.0,,,308,0.0,0.0,0.0
7002179188,109,0.0,0.0,0.0,6/30/2014,7/31/2014,8/31/2014,285.535,258.352,328.141,182.54,196.08,280.54,121.56,115.21,60.59,0.0,0.0,0.0,0.0,0.0,0.0,24.23,24.23,17.26,104.21,30.94,36.44,0.0,0.33,0.0,0.0,0.0,0.0,128.44,55.51,53.71,158.31,171.84,263.28,16.74,83.93,23.89,0.6,0.0,0.25,0.0,0.0,0.0,175.66,255.78,287.43,0.0,0.0,0.0,2.41,7.54,4.31,6.66,0.0,0.0,313.19,318.84,345.46,48.28,39.96,42.33,86.79,67.59,39.91,0.15,1.16,2.16,135.23,108.73,84.41,55.18,30.41,53.61,7.06,21.79,44.89,0.0,0.0,19.64,0.0,0.0,0.0,62.24,52.21,118.16,198.61,161.41,214.16,0.56,0.0,0.0,0.0,0.0,8.68,0.56,0.46,2.89,6,4,20,290,320,368,90,110,130,6/26/2014,7/11/2014,8/31/2014,50,110,7,,,,,,,,,,,,,,,,,,,0.0,0.0,0.0,0.0,0.0,0.0,,,,,,,,,,0,0,0,0,0,0,0,0,0,0,0,0,,,,1678,0.0,0.0,0.0
7001642389,109,0.0,0.0,0.0,6/30/2014,7/31/2014,8/31/2014,410.421,394.9,290.1,219.53,209.83,60.09,173.23,189.66,219.88,12.81,1.8,4.93,39.34,8.45,4.33,77.63,121.34,52.63,26.09,44.68,65.43,7.86,8.64,28.21,0.0,0.0,0.0,111.59,174.68,146.28,108.44,83.74,5.68,85.63,116.03,83.88,26.34,7.96,15.98,0.0,0.0,0.0,220.43,207.74,105.54,0.0,0.68,0.45,21.38,7.93,23.36,0.0,0.0,0.0,353.41,391.04,275.64,87.86,171.08,126.91,20.26,49.04,82.31,0.0,0.28,4.06,108.13,220.41,213.29,95.08,170.26,32.66,236.86,267.08,275.14,1.15,2.73,0.26,0.0,0.0,0.0,333.09,440.08,308.08,444.28,668.74,649.99,0.0,0.0,0.1,3.05,8.25,128.51,0.0,0.0,0.0,8,6,5,335,310,441,200,200,200,6/29/2014,7/20/2014,8/29/2014,110,0,200,6/16/2014,7/13/2014,8/12/2014,3.0,2.0,1.0,25.0,25.0,25.0,3.0,2.0,1.0,0.0,0.0,0.0,35.0,30.0,25.0,81.51,121.21,105.07,0.0,0.0,0.0,0.0,0.0,0.0,1.1,0.0,33.0,0.0,0.0,0.0,0,0,0,3,2,1,0,0,0,0,0,0,1.0,1.0,1.0,376,0.0,0.0,0.0
7000443532,109,0.0,0.0,0.0,6/30/2014,7/31/2014,8/31/2014,112.238,32.394,91.363,0.73,0.66,2.05,46.48,46.71,40.59,0.0,0.0,0.0,0.0,0.0,0.0,0.73,0.66,2.05,46.48,42.33,39.81,0.0,0.0,0.73,0.0,0.0,0.0,47.21,42.99,42.59,0.0,0.0,0.0,0.0,0.0,0.0,0.0,0.0,0.0,0.0,0.0,0.0,0.0,0.0,0.0,0.0,0.0,0.0,0.0,8.04,3.08,1.65,0.0,0.0,48.86,51.04,45.68,102.73,190.61,164.21,15.54,7.69,28.73,0.0,0.23,0.0,118.28,198.54,192.94,0.0,0.0,0.0,0.0,0.0,0.0,0.0,0.0,0.0,0.0,0.0,0.0,0.0,0.0,0.0,118.28,198.54,192.94,0.0,0.0,0.0,0.0,0.0,0.0,0.0,0.0,0.0,8,5,6,126,40,103,44,10,33,6/18/2014,7/30/2014,8/30/2014,44,10,33,,,,,,,,,,,,,,,,,,,0.0,0.0,0.0,0.0,0.0,0.0,,,,,,,,,,0,0,0,0,0,0,0,0,0,0,0,0,,,,624,0.0,0.0,0.0
7001403080,109,0.0,0.0,0.0,6/30/2014,7/31/2014,8/31/2014,166.245,124.379,96.414,55.19,53.28,16.53,137.86,91.43,82.91,0.0,0.0,0.0,0.0,0.0,0.0,37.64,38.48,16.53,48.76,49.08,43.71,5.89,3.79,0.0,3.31,0.0,0.0,92.31,91.36,60.24,17.54,14.79,0.0,79.88,38.54,39.19,0.0,0.0,0.0,0.0,0.0,0.0,97.43,53.34,39.19,0.0,0.0,0.0,3.31,0.0,0.0,0.0,0.0,0.0,193.06,144.71,99.44,4.73,7.44,3.49,148.33,101.41,126.44,2.6,0.0,1.45,155.66,108.86,131.39,8.83,39.93,0.01,3.66,0.0,10.84,0.0,0.0,0.0,0.0,0.0,0.0,12.49,39.93,10.86,168.16,148.79,142.26,0.0,0.0,0.0,0.0,0.0,0.0,0.0,0.0,0.0,8,6,7,207,135,94,110,27,27,6/19/2014,7/28/2014,8/30/2014,110,27,10,,,,,,,,,,,,,,,,,,,0.0,0.0,0.0,0.0,0.0,0.0,,,,,,,,,,0,0,0,0,0,0,0,0,0,0,0,0,,,,2992,0.0,0.0,0.0
7001785497,109,0.0,0.0,0.0,6/30/2014,7/31/2014,8/31/2014,175.904,144.25,241.174,24.63,29.91,20.18,49.13,31.13,183.51,19.68,31.59,10.65,65.49,61.56,39.16,0.0,0.0,0.23,0.0,0.0,3.7,0.0,0.0,0.0,0.0,0.0,0.0,0.0,0.0,3.93,2.03,0.0,19.94,4.31,0.0,115.29,0.0,0.0,20.63,0.0,0.0,0.0,6.34,0.0,155.88,0.0,0.0,4.71,1.91,0.0,0.0,0.0,0.0,0.0,8.26,0.0,164.53,0.0,0.0,0.15,0.16,0.0,3.38,0.0,0.0,0.0,0.16,0.0,3.53,0.0,0.0,8.06,5.14,0.0,130.43,0.0,0.0,0.0,0.0,0.0,0.0,5.14,0.0,138.49,5.31,0.0,142.03,0.0,0.0,0.0,0.0,0.0,0.0,0.0,0.0,0.0,2,3,1,300,300,250,200,300,250,6/16/2014,7/25/2014,8/27/2014,200,0,250,,,,,,,,,,,,,,,,,,,0.0,0.0,0.0,0.0,0.0,0.0,,,,,,,,,,0,0,0,0,0,0,0,0,0,0,0,0,,,,531,0.0,0.0,0.0
7000512779,109,,,,6/30/2014,7/31/2014,8/31/2014,102.155,40.848,122.455,,,,,,,,,,,,,,,,,,,,,,,,,,,,,,,,,,,,,,,,,,,,,,,,,,,,0.0,0.0,0.0,,,,,,,,,,,,,,,,,,,,,,,,,,,,0.0,0.0,0.0,,,,,,,,,,5,5,6,125,50,150,25,25,25,6/27/2014,7/30/2014,8/27/2014,25,0,25,6/27/2014,7/8/2014,8/27/2014,5.0,2.0,6.0,25.0,25.0,25.0,5.0,2.0,6.0,0.0,0.0,0.0,125.0,50.0,150.0,251.61,64.07,368.38,0.0,0.0,0.0,0.0,0.0,0.0,0.0,0.0,-0.44,0.0,0.0,0.0,0,0,0,5,2,6,0,0,0,0,0,0,1.0,1.0,1.0,509,0.0,0.0,0.0
7001424814,109,0.0,0.0,0.0,6/30/2014,7/31/2014,8/31/2014,212.723,183.66,173.635,55.83,69.63,41.99,57.43,72.09,44.91,35.49,5.38,28.51,14.28,2.21,18.58,29.36,31.84,17.54,34.91,64.21,20.89,0.7,0.0,1.13,0.0,0.0,0.0,64.98,96.06,39.58,17.48,37.78,21.39,13.36,1.95,7.34,3.15,3.71,0.0,0.0,0.0,0.0,33.99,43.44,28.74,0.0,0.0,0.0,0.0,0.0,0.0,0.0,0.0,0.0,98.98,139.51,68.33,13.08,32.84,24.64,30.29,95.46,50.99,0.8,0.43,0.75,44.18,128.74,76.39,6.19,8.34,19.69,1.51,0.0,28.94,10.59,24.43,0.0,0.0,0.0,0.0,18.31,32.78,48.64,69.74,161.53,125.04,0.0,0.0,0.0,7.25,0.0,0.0,0.0,0.0,0.0,5,5,6,170,300,260,70,120,130,6/25/2014,7/24/2014,8/31/2014,50,120,130,,,,,,,,,,,,,,,,,,,0.0,0.0,0.0,0.0,0.0,0.0,,,,,,,,,,0,0,0,0,0,0,0,0,0,0,0,0,,,,3651,0.0,0.0,0.0
7000899416,109,0.0,0.0,0.0,6/30/2014,7/31/2014,8/31/2014,159.104,141.073,213.782,54.84,33.03,23.38,119.46,95.63,152.44,0.0,0.0,0.0,0.0,0.0,0.0,54.84,33.03,22.51,114.03,89.83,144.31,2.04,0.03,0.0,0.0,0.0,0.0,170.93,122.89,166.83,0.0,0.0,0.86,3.36,5.19,7.61,0.0,0.0,0.0,0.0,0.0,0.0,3.36,5.19,8.48,0.0,0.0,0.0,0.01,0.56,0.51,0.0,0.0,0.0,174.31,128.66,175.83,87.99,35.68,27.01,263.76,174.61,304.99,1.13,3.93,2.31,352.89,214.23,334.33,0.0,0.0,0.0,12.69,8.08,6.96,1.4,0.83,0.0,0.0,0.0,0.0,14.09,8.91,6.96,366.99,231.89,341.29,0.0,0.0,0.0,0.0,0.0,0.0,0.0,8.75,0.0,4,6,11,128,153,310,128,120,130,6/28/2014,7/25/2014,8/31/2014,0,0,33,,,,,,,,,,,,,,,,,,,0.0,0.0,0.0,0.0,0.0,0.0,,,,,,,,,,0,0,0,0,0,0,0,0,0,0,0,0,,,,653,0.0,0.0,0.0
7000919353,109,0.0,0.0,0.0,6/30/2014,7/31/2014,8/31/2014,20.0,290.49,132.698,,23.56,15.66,,92.63,103.33,,8.51,0.61,,4.08,0.0,,19.08,6.24,,22.68,12.51,,1.68,1.56,,0.0,1.83,,43.44,20.33,,3.6,9.41,,50.64,50.18,,9.96,22.49,,0.0,0.0,,64.21,82.09,,0.0,0.0,,4.45,16.56,,0.0,0.0,0.0,112.11,118.99,,13.11,8.41,,9.44,49.69,,24.23,49.69,,46.79,107.81,,7.84,10.56,,216.91,303.48,,11.43,34.71,,0.0,0.0,,236.19,348.76,0.0,481.39,567.23,,0.0,0.0,,197.49,108.19,,0.89,2.44,0,9,11,0,339,156,0,198,27,,7/28/2014,8/30/2014,0,198,25,,7/28/2014,8/30/2014,,3.0,4.0,,198.0,25.0,,3.0,4.0,,0.0,0.0,,248.0,100.0,0.0,120.67,262.17,0.0,0.0,0.0,,0.0,0.0,,4.44,7.9,,0.0,0.0,0,1,0,0,2,4,0,0,0,0,0,0,,1.0,1.0,429,0.0,0.0,0.0
7000027580,109,0.0,0.0,0.0,6/30/2014,7/31/2014,8/31/2014,198.519,520.419,526.025,316.43,334.86,334.04,55.24,876.44,855.56,0.0,0.0,0.0,0.0,0.0,0.0,5.51,13.86,8.44,21.06,67.96,13.33,0.0,1.01,0.0,0.0,0.0,0.0,26.58,82.84,21.78,310.91,320.99,325.59,34.18,806.73,842.23,0.0,0.0,0.0,0.0,0.0,0.0,345.09,1127.73,1167.83,0.0,0.0,0.0,0.0,4.24,2.78,0.0,0.0,0.0,371.68,1214.83,1192.39,0.28,18.21,24.89,2.54,15.66,16.84,0.0,0.93,0.74,2.83,34.81,42.49,0.3,6.08,6.98,0.05,0.83,2.56,0.0,0.0,0.0,0.0,0.0,0.0,0.35,6.91,9.54,3.18,42.11,52.29,0.0,0.38,0.25,0.0,0.0,0.0,0.0,0.0,0.0,13,26,27,241,595,594,31,70,36,6/30/2014,7/31/2014,8/29/2014,30,27,27,6/22/2014,,,1.0,,,149.0,,,1.0,,,0.0,,,149.0,,,0.0,0.0,0.0,0.0,0.0,0.0,0.0,,,0.0,,,0.0,,,1,0,0,0,0,0,0,0,0,0,0,0,0.0,,,245,0.0,0.0,0.0
7000211059,109,0.0,0.0,0.0,6/30/2014,7/31/2014,8/31/2014,163.806,315.641,0.0,18.81,21.91,,158.24,267.78,,0.0,0.0,,0.0,0.0,,18.81,21.91,,126.64,228.84,,1.35,0.0,,0.35,0.01,,146.81,250.76,,0.0,0.0,,25.26,34.18,,0.0,0.0,,0.0,0.0,,25.26,34.18,,0.0,0.0,,4.98,4.74,,0.0,0.0,,177.06,289.69,0.0,50.09,21.06,,119.71,70.34,,26.99,14.34,,196.81,105.76,,0.0,0.0,,0.06,12.31,,0.35,0.0,,0.0,0.0,,0.41,12.31,,197.91,118.28,0.0,0.68,0.2,,0.0,0.0,,0.0,0.0,,7,13,1,190,410,0,50,50,0,6/21/2014,7/29/2014,8/19/2014,20,50,0,,,,,,,,,,,,,,,,,,,0.0,0.0,0.0,0.0,0.0,0.0,,,,,,,,,,0,0,0,0,0,0,0,0,0,0,0,0,,,,437,0.0,0.0,0.0
7000966103,109,0.0,0.0,0.0,6/30/2014,7/31/2014,8/31/2014,663.808,522.222,152.518,66.03,47.33,27.18,526.16,588.13,207.08,0.0,0.0,0.0,0.0,0.0,0.0,66.03,47.33,27.18,493.03,578.38,191.54,20.64,9.75,4.09,0.0,0.0,0.0,579.71,635.46,222.83,0.0,0.0,0.0,12.48,0.0,11.43,0.0,0.0,0.0,0.0,0.0,0.0,12.48,0.0,11.43,0.0,0.0,0.0,0.0,0.0,0.0,0.0,0.0,0.0,592.19,635.46,234.26,40.71,30.81,11.56,255.69,695.44,220.34,23.04,94.89,25.68,319.46,821.16,257.59,19.15,0.0,0.0,0.0,3.08,0.01,0.0,0.0,0.0,0.0,0.0,0.0,19.15,3.08,0.01,338.61,824.24,257.61,0.0,0.0,0.0,0.0,0.0,0.0,0.0,0.0,0.0,10,5,3,781,569,210,154,154,130,6/30/2014,7/28/2014,8/25/2014,154,154,130,6/30/2014,7/28/2014,,2.0,1.0,,154.0,154.0,,2.0,1.0,,0.0,0.0,,308.0,154.0,,80.19,13.88,0.0,775.29,354.11,0.0,6.91,-0.29,,0.0,0.0,,0.0,0.0,,2,1,0,0,0,0,0,0,0,0,0,0,1.0,1.0,,2901,425.91,371.61,679.6
7001398516,109,0.0,0.0,0.0,6/30/2014,7/31/2014,8/31/2014,695.373,514.816,550.772,438.28,235.29,305.79,810.66,859.59,828.86,0.0,0.0,0.0,0.0,0.0,0.0,0.0,2.46,10.53,0.51,5.96,5.14,0.0,0.0,0.0,5.19,13.11,7.41,0.51,8.43,15.68,438.28,232.83,295.26,786.01,833.76,815.04,0.0,0.0,0.36,0.0,0.0,0.0,1224.29,1066.59,1110.68,0.0,0.0,0.0,24.13,19.86,8.29,0.0,0.0,0.06,1248.94,1094.89,1134.73,0.0,2.54,3.01,4.16,22.14,18.03,4.89,5.64,0.0,9.06,30.34,21.04,5.33,15.03,4.74,71.61,125.88,221.26,0.0,0.0,3.83,0.0,0.0,0.0,76.94,140.91,229.84,87.09,390.39,301.89,0.0,0.0,0.0,1.08,138.96,50.99,0.0,80.16,0.0,9,11,11,768,478,667,110,128,130,6/28/2014,7/25/2014,8/30/2014,110,110,91,6/22/2014,7/21/2014,8/30/2014,2.0,2.0,2.0,91.0,91.0,252.0,0.0,0.0,0.0,2.0,2.0,2.0,182.0,182.0,343.0,4.44,8.42,18.27,417.17,448.0,788.87,190.91,172.86,289.86,155.36,155.36,289.85,0.0,0.0,0.0,0,0,0,0,0,0,0,0,1,2,2,1,1.0,1.0,1.0,789,167.67,155.41,27.92
7000691529,109,0.0,0.0,0.0,6/30/2014,7/31/2014,8/31/2014,118.336,96.989,163.435,5.99,6.63,17.38,41.31,56.49,80.03,0.0,0.0,0.0,0.0,0.0,0.0,5.99,6.63,17.38,40.24,54.51,80.03,0.96,1.98,0.0,0.0,0.0,0.0,47.21,63.13,97.41,0.0,0.0,0.0,0.0,0.0,0.0,0.0,0.0,0.0,0.0,0.0,0.0,0.0,0.0,0.0,0.0,0.0,0.0,0.1,0.0,0.0,0.0,0.0,0.0,47.31,63.13,97.41,9.71,17.04,27.64,53.51,25.48,46.63,0.0,0.26,10.29,63.23,42.79,84.58,0.0,0.0,0.0,0.0,0.0,0.0,0.0,0.0,1.06,0.0,0.0,0.0,0.0,0.0,1.06,63.56,42.79,85.64,0.05,0.0,0.0,0.28,0.0,0.0,0.0,0.0,0.0,8,7,8,132,128,213,30,30,50,6/27/2014,7/25/2014,8/29/2014,14,30,50,,,8/24/2014,,,2.0,,,25.0,,,2.0,,,0.0,,,50.0,0.0,0.0,71.12,0.0,0.0,0.0,,,0.0,,,10.39,,,0.0,0,0,0,0,0,2,0,0,0,0,0,0,,,1.0,982,0.0,0.0,0.0
7000469642,109,0.0,0.0,0.0,6/30/2014,7/31/2014,8/31/2014,219.894,109.711,135.946,58.91,27.13,38.04,149.01,102.06,145.46,0.0,0.0,0.0,0.0,0.0,0.0,54.83,15.91,20.13,48.71,12.46,15.84,27.74,3.58,10.99,0.0,0.0,0.0,131.29,31.96,46.98,4.08,11.21,17.91,72.54,84.03,114.26,0.0,1.98,0.0,0.0,0.0,0.0,76.63,97.23,132.18,0.0,0.0,0.0,0.0,0.0,4.35,0.0,0.0,0.0,207.93,129.19,183.51,36.96,5.46,44.28,18.31,6.11,15.11,23.54,24.86,26.63,78.83,36.44,86.03,5.78,13.81,6.63,131.41,113.11,150.43,0.0,0.0,1.71,0.0,0.0,0.0,137.19,126.93,158.78,216.03,163.38,245.71,0.0,0.0,0.0,0.0,0.0,0.0,0.0,0.0,0.9,2,2,2,128,248,144,128,128,144,6/29/2014,7/27/2014,8/29/2014,0,128,0,,,,,,,,,,,,,,,,,,,0.0,0.0,0.0,0.0,0.0,0.0,,,,,,,,,,0,0,0,0,0,0,0,0,0,0,0,0,,,,180,0.0,0.0,0.0
7001271755,109,0.0,0.0,0.0,6/30/2014,7/31/2014,8/31/2014,359.793,392.18,334.357,248.64,169.98,65.14,210.83,413.24,305.64,0.0,0.0,0.0,0.0,0.0,0.0,27.96,47.58,48.68,38.74,58.63,38.33,0.0,0.0,0.0,1.91,0.0,0.0,66.71,106.21,87.01,220.68,122.39,16.46,170.16,353.84,266.98,0.0,0.0,0.0,0.0,0.0,0.0,390.84,476.24,283.44,0.0,0.76,0.0,1.91,0.0,1.16,0.0,0.0,0.0,459.48,583.23,371.63,35.28,35.31,44.66,41.31,84.71,69.78,0.0,0.0,0.0,76.59,120.03,114.44,5.63,11.53,0.0,5.24,15.01,7.59,0.0,0.0,0.0,0.0,0.0,0.0,10.88,26.54,7.59,87.48,159.49,122.44,0.0,0.0,0.0,0.0,12.48,0.0,0.0,0.43,0.4,10,12,20,419,454,386,90,128,50,6/26/2014,7/29/2014,8/30/2014,20,20,20,,,,,,,,,,,,,,,,,,,0.0,0.0,0.0,0.0,0.0,0.0,,,,,,,,,,0,0,0,0,0,0,0,0,0,0,0,0,,,,226,0.0,0.0,0.0
7000177458,109,0.0,0.0,0.0,6/30/2014,7/31/2014,8/31/2014,77.31,9.097,49.69,0.0,0.0,5.56,66.03,3.89,32.94,0.0,0.0,0.0,0.0,0.0,0.0,0.0,0.0,5.56,66.03,3.89,32.24,0.0,0.0,0.0,0.0,0.0,0.7,66.03,3.89,37.81,0.0,0.0,0.0,0.0,0.0,0.0,0.0,0.0,0.0,0.0,0.0,0.0,0.0,0.0,0.0,0.0,0.0,0.0,1.66,6.28,7.43,3.39,0.0,0.0,71.09,10.18,45.24,4.63,6.65,0.0,103.41,53.34,116.63,1.05,1.51,0.0,109.09,61.51,116.63,0.0,0.0,0.0,0.0,0.0,0.0,0.0,0.0,0.0,0.0,0.0,0.0,0.0,0.0,0.0,109.14,61.56,116.68,0.0,0.0,0.05,0.0,0.0,0.0,0.05,0.05,0.0,8,4,6,80,10,70,10,10,50,6/20/2014,7/20/2014,8/24/2014,10,10,0,,,,,,,,,,,,,,,,,,,0.0,0.0,0.0,0.0,0.0,0.0,,,,,,,,,,0,0,0,0,0,0,0,0,0,0,0,0,,,,518,0.0,0.0,0.0
7001989020,109,0.0,0.0,0.0,6/30/2014,7/31/2014,8/31/2014,482.119,206.378,180.972,44.61,44.34,13.63,397.16,147.18,140.94,0.0,0.0,0.0,0.0,0.0,0.0,44.61,44.34,13.63,394.06,146.38,138.73,0.0,0.0,0.0,1.0,0.0,2.08,438.68,190.73,152.36,0.0,0.0,0.0,2.1,0.55,0.0,0.0,0.0,0.0,0.0,0.0,0.0,2.1,0.55,0.0,0.0,0.0,0.0,5.04,2.61,4.91,2.84,0.0,0.0,448.68,193.89,157.28,149.61,157.46,88.66,196.08,114.66,121.73,4.39,11.83,7.18,350.09,283.96,217.58,0.51,0.0,0.0,22.16,1.38,0.0,0.0,0.0,0.0,0.0,0.0,0.0,22.68,1.38,0.0,373.43,285.34,217.58,0.26,0.0,0.0,0.0,0.0,0.0,0.38,0.0,0.0,30,15,13,560,230,200,30,50,20,6/30/2014,7/31/2014,8/27/2014,30,10,10,,,,,,,,,,,,,,,,,,,0.0,0.0,0.0,0.0,0.0,0.0,,,,,,,,,,0,0,0,0,0,0,0,0,0,0,0,0,,,,443,0.0,0.0,0.0
7001651718,109,0.0,0.0,0.0,6/30/2014,7/31/2014,8/31/2014,244.731,202.157,61.905,22.94,11.68,5.73,191.61,172.34,48.36,0.0,0.0,0.0,0.0,0.0,0.0,22.94,11.68,5.73,184.69,168.99,46.03,6.74,2.74,0.0,0.0,0.0,1.75,214.39,183.43,51.76,0.0,0.0,0.0,0.16,0.6,0.58,0.0,0.0,0.0,0.0,0.0,0.0,0.16,0.6,0.58,0.0,0.0,0.0,0.0,0.0,1.75,0.0,0.0,0.0,214.56,184.03,54.09,51.18,112.81,6.43,140.91,194.38,120.08,9.46,16.31,25.14,201.56,323.51,151.66,0.0,0.0,0.08,9.29,6.26,0.8,0.0,1.54,0.0,0.0,0.0,0.0,9.29,7.81,0.88,218.13,369.69,152.54,0.0,0.0,0.0,0.0,38.36,0.0,7.26,0.0,0.0,11,11,3,260,230,70,30,50,30,6/28/2014,7/29/2014,8/14/2014,30,20,30,,,,,,,,,,,,,,,,,,,0.0,0.0,0.0,0.0,0.0,0.0,,,,,,,,,,0,0,0,0,0,0,0,0,0,0,0,0,,,,3651,0.0,0.0,0.0
7000984099,109,0.0,0.0,0.0,6/30/2014,7/31/2014,8/31/2014,106.241,117.929,45.103,3.23,2.06,0.36,25.08,47.41,14.79,0.0,0.0,0.0,0.0,0.0,0.0,3.23,2.06,0.36,16.94,9.46,5.54,0.78,0.0,0.0,0.0,0.0,0.0,20.96,11.53,5.91,0.0,0.0,0.0,6.91,37.94,9.25,0.0,0.0,0.0,0.0,0.0,0.0,6.91,37.94,9.25,0.43,0.0,0.0,0.0,0.0,1.13,2.55,0.0,0.0,30.86,49.48,16.29,9.99,9.53,11.96,73.06,82.76,68.41,4.38,0.0,2.73,87.44,92.29,83.11,0.0,0.0,0.0,3.05,1.98,7.01,0.0,0.0,0.0,0.0,0.0,0.0,3.05,1.98,7.01,92.79,94.53,90.38,0.18,0.24,0.25,0.0,0.0,0.0,2.11,0.0,0.0,10,15,6,120,130,50,20,10,10,6/28/2014,7/29/2014,8/29/2014,20,10,10,,,,,,,,,,,,,,,,,,,0.0,0.0,0.0,0.0,0.0,0.0,,,,,,,,,,0,0,0,0,0,0,0,0,0,0,0,0,,,,1238,0.0,0.0,0.0
7001047605,109,0.0,0.0,0.0,6/30/2014,7/31/2014,8/31/2014,311.566,142.749,208.141,1.96,1.01,1.26,20.99,26.29,15.58,0.0,0.0,0.0,0.0,0.0,0.0,1.96,1.01,1.26,20.99,23.99,15.58,0.0,0.89,0.0,0.0,0.0,0.0,22.96,25.91,16.84,0.0,0.0,0.0,0.0,1.4,0.0,0.0,0.0,0.0,0.0,0.0,0.0,0.0,1.4,0.0,0.0,0.0,0.0,0.0,0.0,0.31,0.0,0.0,0.0,22.96,27.31,17.16,0.61,1.66,5.73,51.26,99.09,105.98,0.0,0.0,0.0,51.88,100.76,111.71,0.0,0.0,0.0,0.23,0.06,0.0,0.0,0.0,0.0,0.0,0.0,0.0,0.23,0.06,0.0,52.11,100.83,112.21,0.0,0.0,0.0,0.0,0.0,0.0,0.0,0.0,0.49,14,6,7,398,130,243,152,50,98,6/26/2014,7/25/2014,8/19/2014,50,50,98,6/21/2014,,8/19/2014,9.0,,3.0,152.0,,98.0,5.0,,3.0,4.0,,0.0,495.0,,148.0,454.05,0.0,225.04,1768.27,0.0,585.99,148.68,,4.28,162.62,,37.4,0.0,,0.0,0,0,0,5,0,3,0,0,0,4,0,0,1.0,,1.0,532,175.84,221.41,1642.67
7000974932,109,0.0,0.0,0.0,6/30/2014,7/31/2014,8/31/2014,103.266,450.976,522.196,29.86,160.43,223.81,42.26,474.84,642.11,12.46,12.61,0.0,48.88,40.49,0.0,0.0,38.13,59.01,4.75,138.21,73.48,0.0,0.0,0.0,0.0,0.0,0.0,4.75,176.34,132.49,4.48,116.99,164.79,14.01,298.34,568.63,0.0,3.08,0.0,0.0,0.0,0.0,18.49,418.43,733.43,0.0,0.0,0.0,0.0,0.0,0.0,0.0,0.0,0.0,23.24,594.78,865.93,0.0,15.89,35.94,1.73,100.58,110.31,0.0,0.0,0.35,1.73,116.48,146.61,0.03,6.19,9.73,0.0,22.48,30.16,0.0,0.0,0.0,0.0,0.0,0.0,0.03,28.68,39.89,1.76,145.16,187.43,0.0,0.0,0.53,0.0,0.0,0.0,0.0,0.0,0.38,4,6,7,89,606,516,89,130,130,6/14/2014,7/30/2014,8/27/2014,0,130,110,,,,,,,,,,,,,,,,,,,0.0,0.0,0.0,0.0,0.0,0.0,,,,,,,,,,0,0,0,0,0,0,0,0,0,0,0,0,,,,3079,0.0,0.0,0.0
7001095673,109,0.0,0.0,0.0,6/30/2014,7/31/2014,8/31/2014,283.11,345.835,147.326,84.99,163.18,54.11,268.09,334.43,121.29,0.0,0.0,0.0,0.0,0.0,0.0,35.03,50.83,19.23,89.08,110.31,19.16,0.0,6.94,0.0,0.0,1.35,0.0,124.11,168.09,38.39,49.96,112.34,34.88,179.01,215.81,97.18,0.0,0.0,0.0,0.0,0.0,0.0,228.98,328.16,132.06,0.0,0.0,0.0,0.75,8.08,9.06,3.38,0.0,0.0,357.23,504.34,179.53,33.53,53.58,76.53,219.59,161.03,117.38,1.01,0.78,0.0,254.14,215.39,193.91,27.53,46.44,0.0,10.5,4.23,12.21,0.0,0.0,0.0,0.0,0.0,0.0,38.03,50.68,12.21,294.78,266.54,206.38,0.6,0.0,0.25,2.0,0.46,0.0,0.0,0.0,0.0,20,28,13,319,399,156,36,36,36,6/30/2014,7/29/2014,8/30/2014,10,20,36,,,,,,,,,,,,,,,,,,,0.0,0.0,0.0,0.0,0.0,0.0,,,,,,,,,,0,0,0,0,0,0,0,0,0,0,0,0,,,,540,0.0,0.0,0.0
7002235130,109,0.0,0.0,0.0,6/30/2014,7/31/2014,8/31/2014,196.76,89.574,41.965,89.68,60.24,21.69,160.66,62.18,13.49,0.0,0.0,0.0,0.0,0.0,0.0,0.53,0.65,0.0,1.29,0.7,0.0,0.0,0.0,0.0,0.4,0.0,7.43,1.83,1.35,0.0,89.14,59.59,21.69,158.96,61.48,2.54,0.0,0.0,0.0,0.0,0.0,0.0,248.11,121.08,24.24,0.0,0.0,0.0,2.39,0.0,10.95,0.0,0.0,0.0,252.34,122.43,35.19,6.19,1.21,3.96,7.03,9.01,8.98,0.61,0.0,0.0,13.84,10.23,12.94,74.46,39.06,8.94,0.64,5.8,1.9,0.0,0.0,0.0,0.0,0.0,0.0,75.11,44.86,10.84,88.96,55.09,24.06,0.0,0.0,0.25,0.0,0.0,0.0,0.0,0.0,0.01,21,13,5,224,101,47,30,10,20,6/30/2014,7/25/2014,8/28/2014,9,0,9,,,,,,,,,,,,,,,,,,,0.0,0.0,0.0,0.0,0.0,0.0,,,,,,,,,,0,0,0,0,0,0,0,0,0,0,0,0,,,,466,0.0,0.0,0.0
7000748084,109,0.0,0.0,0.0,6/30/2014,7/31/2014,8/31/2014,128.736,0.0,128.746,0.0,0.0,0.0,0.0,0.0,0.0,0.0,0.0,0.0,0.0,0.0,0.0,0.0,0.0,0.0,0.0,0.0,0.0,0.0,0.0,0.0,0.0,0.0,0.0,0.0,0.0,0.0,0.0,0.0,0.0,0.0,0.0,0.0,0.0,0.0,0.0,0.0,0.0,0.0,0.0,0.0,0.0,0.0,0.0,0.0,0.0,0.0,0.0,0.0,0.0,0.0,0.0,0.0,0.0,0.0,0.0,0.73,0.0,0.0,0.6,0.13,0.0,0.0,0.13,0.0,1.33,0.0,0.0,0.0,0.0,0.0,0.0,0.0,0.36,0.0,0.0,0.0,0.0,0.0,0.36,0.0,0.13,0.36,1.33,0.0,0.0,0.0,0.0,0.0,0.0,0.0,0.0,0.0,1,2,1,152,0,152,152,0,152,6/26/2014,7/12/2014,8/10/2014,152,0,152,6/26/2014,,8/10/2014,2.0,,2.0,152.0,,152.0,1.0,,1.0,1.0,,1.0,304.0,,304.0,124.26,0.0,320.24,0.0,0.0,0.0,63.96,,63.96,63.96,,63.96,0.0,,0.0,0,0,0,1,0,1,0,0,0,1,0,1,1.0,,1.0,452,0.0,0.0,0.0
7000124669,109,0.0,0.0,0.0,6/30/2014,7/31/2014,8/31/2014,0.0,130.914,0.0,0.0,0.0,0.0,0.0,29.44,11.88,10.23,32.04,62.36,0.0,29.44,11.88,0.0,0.0,0.0,0.0,0.0,0.0,0.0,0.0,0.0,0.0,0.0,0.0,0.0,0.0,0.0,0.0,0.0,0.0,0.0,0.0,0.0,0.0,0.0,0.0,0.0,0.0,0.0,0.0,0.0,0.0,0.0,0.0,0.0,0.0,0.0,0.0,0.0,0.0,0.0,0.0,0.0,0.0,0.0,0.0,0.0,0.0,0.0,0.0,0.0,0.0,0.0,0.0,0.0,0.0,0.0,0.0,0.0,0.0,0.0,0.0,0.0,0.0,0.0,0.0,0.0,0.0,0.0,0.0,0.0,0.0,0.0,0.0,0.0,0.0,0.0,0.0,0.0,0.0,0.0,0.0,0.0,3,3,4,0,155,0,0,155,0,6/17/2014,7/12/2014,8/20/2014,0,0,0,,,,,,,,,,,,,,,,,,,0.0,0.0,0.0,0.0,0.0,0.0,,,,,,,,,,0,0,0,0,0,0,0,0,0,0,0,0,,,,812,0.0,0.0,0.0
7000493032,109,0.0,0.0,0.0,6/30/2014,7/31/2014,8/31/2014,109.331,200.724,122.27,5.81,0.81,6.29,83.34,92.58,104.66,10.08,0.0,0.0,2.83,0.0,0.0,4.11,0.81,6.29,13.13,12.59,32.46,7.64,4.73,18.23,0.0,0.0,0.0,24.89,18.14,56.99,1.7,0.0,0.0,51.36,75.24,53.96,1.61,0.0,0.0,0.0,0.0,0.0,54.68,75.24,53.96,0.0,0.0,0.0,6.75,0.0,0.0,0.0,0.0,0.0,86.33,93.39,110.96,0.0,0.0,4.68,12.86,17.69,23.86,3.16,8.01,21.06,16.03,25.71,49.61,0.0,0.0,0.0,228.49,37.48,56.56,0.0,0.0,2.9,0.0,0.0,0.0,228.49,37.48,59.46,244.53,63.19,109.08,0.0,0.0,0.0,0.0,0.0,0.0,0.0,0.0,0.0,2,3,1,110,282,0,110,154,0,6/25/2014,7/29/2014,8/14/2014,110,128,0,,7/18/2014,,,1.0,,,154.0,,,1.0,,,0.0,,,154.0,,0.0,0.36,0.0,0.0,235.93,0.0,,2.19,,,0.0,,,0.0,,0,1,0,0,0,0,0,0,0,0,0,0,,1.0,,706,24.77,18.83,289.52
7001389280,109,0.0,0.0,0.0,6/30/2014,7/31/2014,8/31/2014,715.55,1113.803,1168.334,561.11,477.76,482.98,827.88,1689.33,1428.29,113.31,0.0,0.0,82.73,0.0,0.0,247.33,188.26,234.34,587.69,1038.79,1120.94,39.09,81.34,86.68,0.0,0.0,0.0,874.13,1308.41,1441.98,268.06,289.49,248.63,164.06,569.18,218.41,0.0,0.0,1.2,0.0,0.0,0.0,432.13,858.68,468.24,0.0,0.0,0.0,0.0,0.0,1.05,0.0,0.0,0.0,1306.26,2167.09,1911.28,97.06,102.41,96.08,456.99,523.69,545.74,37.03,29.78,73.29,591.09,655.89,715.13,27.98,8.98,24.89,24.26,50.16,69.21,0.0,0.0,0.0,0.0,0.0,0.0,52.24,59.14,94.11,645.21,734.31,829.04,0.0,0.0,0.0,0.0,19.26,19.8,1.86,0.0,0.0,12,16,13,947,1347,1613,110,150,349,6/30/2014,7/31/2014,8/30/2014,110,150,349,6/19/2014,,8/18/2014,1.0,,2.0,25.0,,25.0,1.0,,2.0,0.0,,0.0,25.0,,50.0,0.0,0.0,0.0,0.0,0.0,0.0,0.0,,0.04,0.0,,0.0,0.0,,0.0,0,0,0,1,0,2,0,0,0,0,0,0,0.0,,0.0,3549,0.0,0.0,0.0
7001839370,109,0.0,0.0,0.0,6/30/2014,7/31/2014,8/31/2014,856.632,1177.707,1063.8,950.24,805.21,701.83,643.56,859.33,494.33,0.0,0.0,0.0,0.0,0.0,0.0,1.88,7.38,12.38,11.13,20.24,9.49,0.0,0.0,0.0,0.0,0.5,1.18,13.01,27.63,21.88,948.36,797.83,689.44,625.68,838.14,481.86,0.0,0.0,0.0,0.0,0.0,0.0,1574.04,1635.98,1171.31,0.0,0.03,0.0,6.75,8.71,8.74,0.0,0.0,0.0,1593.81,1672.36,1201.94,1.76,2.73,11.58,17.58,22.71,16.78,1.16,3.38,2.66,20.51,28.83,31.03,27.61,54.78,78.58,30.43,35.99,16.58,0.0,0.0,0.0,0.0,0.0,0.0,58.04,90.78,95.16,88.24,206.39,198.54,0.0,0.0,0.46,2.4,12.18,23.36,7.28,74.59,48.51,25,29,26,1016,1332,1248,50,154,154,6/30/2014,7/29/2014,8/31/2014,50,110,23,,7/14/2014,8/30/2014,,4.0,3.0,,154.0,154.0,,4.0,3.0,,0.0,0.0,,205.0,325.0,0.0,143.57,36.69,0.0,856.45,1672.96,,69.1,17.41,,1.1,0.0,,0.0,0.0,0,1,2,0,3,1,0,0,0,0,0,0,,1.0,1.0,254,0.0,0.0,0.0
7002364595,109,0.0,0.0,0.0,6/30/2014,7/31/2014,8/31/2014,381.093,35.07,57.497,672.59,12.68,53.96,172.81,0.01,44.23,0.0,6.13,0.0,0.0,11.28,5.24,36.18,0.96,18.34,8.94,0.0,21.38,0.0,0.0,0.0,4.15,0.0,13.81,45.13,0.96,39.73,636.41,0.45,31.34,150.89,0.0,0.0,0.0,0.0,0.0,0.0,0.0,0.0,787.31,0.45,31.34,0.0,0.0,0.0,12.96,0.0,22.38,0.0,0.0,0.0,845.41,1.41,93.46,111.86,5.03,21.36,63.98,0.0,16.61,0.0,0.0,0.0,175.84,5.03,37.98,53.63,0.0,4.95,79.04,0.0,0.0,0.0,0.0,0.0,0.0,0.0,0.0,132.68,0.0,4.95,308.61,5.03,42.93,0.08,0.0,0.0,0.0,0.0,0.0,0.0,0.0,0.0,10,3,5,476,0,216,110,0,130,6/27/2014,7/25/2014,8/31/2014,110,0,130,,,,,,,,,,,,,,,,,,,0.0,0.0,0.0,0.0,0.0,0.0,,,,,,,,,,0,0,0,0,0,0,0,0,0,0,0,0,,,,482,0.0,0.0,0.0
7001173364,109,0.0,0.0,0.0,6/30/2014,,,151.674,0.0,0.0,35.46,,,158.84,,,0.0,,,0.0,,,35.46,,,149.31,,,0.0,,,0.0,,,184.78,,,0.0,,,9.53,,,0.0,,,0.0,,,9.53,,,0.0,,,0.0,,,0.0,,,194.31,0.0,0.0,14.21,,,97.83,,,4.98,,,117.03,,,0.35,,,6.54,,,0.0,,,0.0,,,6.89,,,124.33,0.0,0.0,0.39,,,0.0,,,0.0,,,3,0,0,150,0,0,50,0,0,6/10/2014,,,50,0,0,,,,,,,,,,,,,,,,,,,0.0,0.0,0.0,0.0,0.0,0.0,,,,,,,,,,0,0,0,0,0,0,0,0,0,0,0,0,,,,360,0.0,0.0,0.0
7001281460,109,0.0,0.0,0.0,6/30/2014,7/31/2014,8/31/2014,65.911,282.277,554.905,28.68,578.33,505.94,1.63,111.31,270.39,43.46,0.0,0.0,31.08,6.41,0.0,0.0,53.21,45.29,0.0,44.16,101.11,0.0,0.0,0.0,0.0,0.0,2.24,0.0,97.38,146.41,0.0,520.98,460.64,0.0,67.14,167.03,0.0,0.0,0.0,0.0,0.0,0.0,0.0,588.13,627.68,0.0,0.0,0.0,0.0,1.58,6.03,0.0,0.0,0.0,0.0,687.09,780.13,0.0,22.83,40.76,0.0,9.26,49.64,0.0,0.0,1.61,0.0,32.09,92.03,0.0,1.03,0.13,0.0,1.1,5.13,0.0,0.0,0.0,0.0,0.0,0.0,0.0,2.13,5.26,0.0,34.23,97.79,0.0,0.0,0.5,0.0,0.0,0.0,0.0,0.0,0.0,3,11,18,76,348,622,50,110,65,6/27/2014,7/30/2014,8/28/2014,50,65,65,,,8/18/2014,,,1.0,,,149.0,,,1.0,,,0.0,,,149.0,0.0,0.0,2.8,0.0,0.0,0.0,,,0.0,,,30.38,,,0.0,0,0,1,0,0,0,0,0,0,0,0,0,,,1.0,1071,0.0,0.0,0.0
7001212392,109,0.0,0.0,0.0,6/30/2014,7/31/2014,8/31/2014,177.995,271.033,274.43,144.18,60.18,37.29,140.01,174.19,245.51,0.0,4.23,0.0,0.0,2.74,0.0,2.23,4.99,18.34,41.51,61.03,75.53,0.0,0.0,0.0,0.0,0.0,0.0,43.74,66.03,93.88,141.94,54.96,18.94,95.08,110.63,166.48,0.0,0.0,0.18,0.0,0.0,0.0,237.03,165.59,185.61,0.0,0.0,0.0,3.41,0.0,3.31,0.0,0.0,0.0,284.19,231.63,282.81,5.83,7.79,24.48,50.46,89.81,58.96,12.21,10.63,12.74,68.51,108.24,96.19,3.21,4.21,0.53,25.16,13.81,7.86,0.46,0.26,0.36,0.0,0.0,0.0,28.84,18.29,8.76,97.36,126.54,104.96,0.0,0.0,0.0,0.0,0.0,0.0,0.0,0.0,0.0,7,9,11,220,304,337,90,50,50,6/28/2014,7/30/2014,8/28/2014,30,0,50,,,,,,,,,,,,,,,,,,,0.0,0.0,0.0,0.0,0.0,0.0,,,,,,,,,,0,0,0,0,0,0,0,0,0,0,0,0,,,,640,0.0,0.0,0.0
7001768406,109,0.0,0.0,0.0,6/30/2014,7/31/2014,8/31/2014,290.411,384.403,288.63,0.4,0.0,18.04,169.49,230.29,168.56,0.0,0.0,0.0,0.0,0.0,0.0,0.0,0.0,18.04,151.14,225.33,166.48,0.0,0.0,0.0,12.8,1.95,0.0,151.14,225.33,184.53,0.4,0.0,0.0,0.0,0.0,0.0,5.55,0.0,2.08,0.0,0.0,0.0,5.95,0.0,2.08,0.0,3.01,0.0,12.8,1.95,0.0,0.0,0.0,0.0,169.89,230.29,186.61,0.0,0.36,3.66,86.76,100.09,71.71,0.51,0.0,3.61,87.28,100.46,78.99,0.0,0.0,0.0,0.0,0.0,0.0,0.0,0.9,0.0,0.0,0.0,0.0,0.0,0.9,0.0,87.28,102.13,78.99,0.0,0.0,0.0,0.0,0.76,0.0,0.0,0.0,0.0,13,12,10,310,440,320,50,50,50,6/30/2014,7/27/2014,8/29/2014,10,50,10,6/10/2014,,,3.0,,,25.0,,,3.0,,,0.0,,,75.0,,,13.05,0.0,0.0,0.0,0.0,0.0,0.0,,,0.0,,,0.0,,,0,0,0,3,0,0,0,0,0,0,0,0,1.0,,,2434,0.0,0.0,0.0
7001402317,109,0.0,0.0,0.0,6/30/2014,7/31/2014,8/31/2014,768.0,493.868,499.223,30.59,30.93,18.54,933.91,297.16,242.38,3.98,17.98,0.0,21.49,62.51,0.0,11.06,9.54,9.36,15.26,42.98,73.84,0.0,0.0,0.65,0.0,0.76,0.0,26.33,52.53,83.86,19.09,21.38,9.18,884.06,190.89,165.48,0.0,0.0,2.28,0.0,0.0,0.0,903.16,212.28,176.94,0.0,0.0,0.0,15.71,2.96,0.83,1.08,0.0,0.0,946.29,267.78,261.64,19.46,34.66,10.94,26.18,29.89,13.36,1.81,1.94,0.0,47.46,66.51,24.31,8.71,8.18,0.0,11.81,24.96,6.69,0.65,3.81,0.0,0.0,0.0,0.0,21.18,36.96,6.69,68.64,103.48,31.01,0.0,0.0,0.0,0.0,0.0,0.0,0.0,0.0,0.0,11,11,6,929,692,567,252,145,252,6/26/2014,7/31/2014,8/25/2014,252,128,252,6/26/2014,7/22/2014,8/25/2014,3.0,1.0,1.0,252.0,145.0,252.0,0.0,0.0,0.0,3.0,1.0,1.0,334.0,145.0,252.0,36.47,51.26,15.73,1237.18,499.02,795.41,314.0,152.09,241.15,304.64,153.23,315.79,0.0,0.0,0.0,0,0,0,0,0,0,1,1,1,2,0,0,1.0,1.0,1.0,404,94.94,423.69,288.58
7000769069,109,0.0,0.0,0.0,6/30/2014,7/31/2014,8/31/2014,71.372,47.311,51.862,2.46,32.88,23.86,68.06,13.58,21.56,0.0,0.0,0.0,0.0,0.0,0.0,2.46,32.88,23.86,64.64,10.08,15.24,0.0,2.54,0.0,0.0,0.0,0.0,67.11,45.51,39.11,0.0,0.0,0.0,3.41,0.95,6.31,0.0,0.0,0.0,0.0,0.0,0.0,3.41,0.95,6.31,0.0,0.0,0.0,0.0,0.0,0.0,0.0,0.0,0.0,70.53,46.46,45.43,14.11,32.48,37.58,139.56,83.63,128.49,37.05,160.19,73.24,190.73,276.31,239.33,0.0,0.0,0.0,0.0,13.96,0.0,0.0,0.0,0.0,0.0,0.0,0.0,0.0,13.96,0.0,190.73,290.44,239.33,0.0,0.16,0.0,0.0,0.0,0.0,0.0,0.0,0.0,3,3,3,80,50,60,50,50,30,6/21/2014,7/11/2014,8/18/2014,30,0,30,,,,,,,,,,,,,,,,,,,0.0,0.0,0.0,0.0,0.0,0.0,,,,,,,,,,0,0,0,0,0,0,0,0,0,0,0,0,,,,418,0.0,0.0,0.0
7000984250,109,0.0,0.0,0.0,6/30/2014,7/31/2014,8/31/2014,145.479,90.767,141.157,6.76,2.96,3.61,28.54,29.78,22.59,0.0,0.0,0.0,0.0,0.0,0.0,6.76,2.96,3.61,28.54,29.78,22.11,0.0,0.0,0.48,0.0,0.0,0.0,35.31,32.74,26.21,0.0,0.0,0.0,0.0,0.0,0.0,0.0,0.0,0.0,0.0,0.0,0.0,0.0,0.0,0.0,0.0,0.0,0.0,0.0,0.0,0.0,0.0,0.0,0.0,35.31,32.74,26.21,4.94,9.49,12.53,73.53,35.73,58.36,1.69,0.0,0.0,80.18,45.23,70.89,0.0,0.0,0.0,0.0,0.0,0.6,0.0,0.0,0.0,0.0,0.0,0.0,0.0,0.0,0.6,80.18,45.23,71.49,0.0,0.0,0.0,0.0,0.0,0.0,0.0,0.0,0.0,16,12,14,162,100,160,22,20,30,6/29/2014,7/30/2014,8/28/2014,10,10,10,6/19/2014,,,1.0,,,22.0,,,0.0,,,1.0,,,22.0,,,0.0,0.0,0.0,61.42,0.0,0.0,20.03,,,19.55,,,0.0,,,0,0,0,0,0,0,0,0,0,1,0,0,1.0,,,2407,0.0,0.0,0.0
7000543413,109,0.0,0.0,0.0,6/30/2014,7/31/2014,8/31/2014,105.478,120.076,157.86,3.48,18.51,14.59,17.09,44.34,39.71,0.0,0.0,0.0,0.0,0.0,0.0,3.48,18.51,12.29,3.51,31.53,23.33,0.0,0.0,0.0,0.46,1.06,0.5,6.99,50.04,35.63,0.0,0.0,2.3,8.23,6.31,12.73,3.76,0.0,0.0,0.0,0.0,0.0,11.99,6.31,15.03,0.0,0.0,0.0,1.58,10.96,4.36,0.61,0.0,0.0,21.19,67.33,55.03,38.14,35.41,31.18,44.03,65.14,44.18,0.0,0.0,0.0,82.18,100.56,75.36,0.0,0.0,0.0,0.0,0.0,2.86,0.0,0.0,0.0,0.0,0.0,0.0,0.0,0.0,2.86,86.04,122.53,80.96,0.31,0.0,0.25,0.0,0.0,0.0,3.54,21.96,2.48,9,7,8,121,134,180,20,30,50,6/29/2014,7/28/2014,8/27/2014,20,20,50,6/23/2014,7/20/2014,,3.0,2.0,,17.0,17.0,,3.0,2.0,,0.0,0.0,,51.0,34.0,,195.79,170.97,0.0,0.0,0.0,0.0,0.0,0.0,,15.1,13.8,,0.0,0.0,,0,0,0,3,2,0,0,0,0,0,0,0,1.0,1.0,,352,0.0,0.0,0.0
7002304455,109,0.0,0.0,0.0,6/30/2014,7/31/2014,8/31/2014,72.284,67.953,45.128,28.56,8.04,7.01,94.34,75.96,41.91,0.0,0.0,0.0,0.0,0.0,0.0,28.56,8.04,2.9,64.99,75.86,41.91,0.0,0.1,0.0,0.0,0.0,0.0,93.56,84.01,44.81,0.0,0.0,4.11,0.0,0.0,0.0,0.0,0.0,0.0,0.0,0.0,0.0,0.0,0.0,4.11,0.0,0.0,0.0,29.35,0.66,0.0,0.0,0.0,0.0,122.91,84.68,48.93,0.0,0.0,0.0,0.0,0.0,0.0,0.0,0.0,0.0,0.0,0.0,0.0,0.0,0.0,0.0,0.0,0.0,0.0,0.0,0.0,0.0,0.0,0.0,0.0,0.0,0.0,0.0,0.0,0.0,0.0,0.0,0.0,0.0,0.0,0.0,0.0,0.0,0.0,0.0,3,5,6,80,83,42,50,30,30,6/23/2014,7/29/2014,8/25/2014,50,30,0,,,,,,,,,,,,,,,,,,,0.0,0.0,0.0,0.0,0.0,0.0,,,,,,,,,,0,0,0,0,0,0,0,0,0,0,0,0,,,,2103,0.0,0.0,0.0
7001956244,109,0.0,0.0,0.0,6/30/2014,7/31/2014,8/31/2014,153.613,220.547,198.126,78.66,137.31,117.74,90.66,116.68,57.49,0.0,0.0,0.0,0.0,0.0,0.0,58.43,109.48,103.96,77.91,91.54,41.61,4.31,8.63,10.33,0.0,0.0,0.0,140.66,209.66,155.91,20.23,27.83,13.78,8.43,14.53,3.54,0.0,1.06,0.0,0.0,0.0,0.0,28.66,43.43,17.33,0.0,0.0,2.0,0.0,0.9,0.0,0.0,0.0,0.0,169.33,253.99,175.24,30.66,88.53,138.26,15.68,4.26,8.74,0.31,0.1,0.0,46.66,92.89,147.01,0.13,0.0,0.3,0.0,0.0,0.0,0.0,0.0,0.0,0.0,0.0,0.0,0.13,0.0,0.3,46.79,92.89,147.31,0.0,0.0,0.0,0.0,0.0,0.0,0.0,0.0,0.0,7,3,3,330,240,130,110,130,130,6/28/2014,7/29/2014,8/20/2014,110,130,0,,,,,,,,,,,,,,,,,,,0.0,0.0,0.0,0.0,0.0,0.0,,,,,,,,,,0,0,0,0,0,0,0,0,0,0,0,0,,,,1032,0.0,0.0,0.0
7002392742,109,0.0,0.0,0.0,6/30/2014,7/31/2014,8/31/2014,100.038,113.122,571.881,28.91,37.98,113.59,55.29,59.49,274.48,0.0,0.0,0.0,0.0,0.0,0.0,25.58,37.98,113.59,53.08,56.63,233.03,2.21,2.68,13.58,0.0,0.0,0.0,80.88,97.29,360.21,3.33,0.0,0.0,0.0,0.0,3.2,0.0,0.0,24.66,0.0,0.0,0.0,3.33,0.0,27.86,0.0,0.18,0.0,0.0,0.0,0.0,0.0,0.0,0.0,84.21,97.48,388.08,10.39,8.48,124.19,16.61,53.44,441.48,0.0,0.0,0.0,27.01,61.93,565.68,9.21,0.0,0.0,15.53,0.61,17.96,0.0,0.0,0.0,0.0,0.0,0.0,24.74,0.61,17.96,69.88,81.61,621.74,0.0,0.0,0.0,18.11,19.06,38.1,0.0,0.0,0.0,1,3,4,50,220,614,50,110,200,6/23/2014,7/27/2014,8/27/2014,50,110,130,,,8/24/2014,,,1.0,,,154.0,,,1.0,,,0.0,,,154.0,0.0,0.0,197.57,0.0,0.0,0.0,,,0.0,,,7.3,,,0.0,0,0,1,0,0,0,0,0,0,0,0,0,,,1.0,2327,0.0,0.0,0.0
7000949586,109,0.0,0.0,0.0,6/30/2014,7/31/2014,8/31/2014,274.331,290.644,304.278,104.81,120.13,129.89,174.41,163.38,182.89,0.0,0.0,0.0,0.0,0.0,0.0,104.81,120.13,129.89,173.98,163.38,182.89,0.43,0.0,0.0,0.0,0.0,0.0,279.23,283.51,312.79,0.0,0.0,0.0,0.0,0.0,0.0,0.0,0.0,0.0,0.0,0.0,0.0,0.0,0.0,0.0,0.0,0.0,0.0,0.0,0.0,0.0,0.0,0.0,0.0,279.23,283.51,312.79,131.01,200.69,277.24,136.78,192.41,279.08,0.3,0.44,8.59,268.09,393.56,564.93,0.0,0.0,0.0,0.0,0.0,0.28,0.0,0.0,0.0,0.0,0.0,0.0,0.0,0.0,0.28,268.13,393.56,565.21,0.03,0.0,0.0,0.0,0.0,0.0,0.0,0.0,0.0,7,5,5,280,330,360,70,120,130,6/30/2014,7/28/2014,8/25/2014,70,70,70,,,,,,,,,,,,,,,,,,,0.0,0.0,0.0,0.0,0.0,0.0,,,,,,,,,,0,0,0,0,0,0,0,0,0,0,0,0,,,,2355,0.0,0.0,0.0
7000432240,109,0.0,0.0,0.0,6/30/2014,7/31/2014,8/31/2014,220.262,286.109,364.881,110.84,33.41,28.81,75.61,205.89,256.99,0.0,0.0,0.0,0.0,0.0,0.0,33.41,13.66,28.43,7.94,17.86,15.91,0.0,0.0,0.0,0.0,1.55,0.0,41.36,31.53,44.34,77.43,19.75,0.38,67.66,186.48,240.18,0.0,0.0,0.0,0.0,0.0,0.0,145.09,206.23,240.56,0.0,0.0,0.0,0.31,9.38,6.93,0.0,0.0,0.0,186.78,247.14,291.84,17.39,31.39,16.18,7.54,19.54,3.26,0.26,0.0,0.0,25.21,50.94,19.44,2.44,0.33,16.41,25.63,133.99,76.91,0.0,0.0,0.0,0.0,0.0,0.0,28.08,134.33,93.33,54.28,185.68,113.39,0.56,0.4,0.0,0.0,0.0,0.0,0.41,0.0,0.61,4,10,11,250,400,350,110,150,50,6/17/2014,7/29/2014,8/31/2014,110,150,20,,,,,,,,,,,,,,,,,,,0.0,0.0,0.0,0.0,0.0,0.0,,,,,,,,,,0,0,0,0,0,0,0,0,0,0,0,0,,,,726,0.0,0.0,0.0
7001367651,109,0.0,0.0,0.0,6/30/2014,7/31/2014,8/31/2014,173.797,208.774,284.389,68.76,115.21,102.34,157.23,114.59,147.14,0.0,0.0,0.0,0.0,0.0,0.0,68.76,115.21,87.13,145.66,114.43,135.68,1.96,0.16,3.19,1.75,0.0,7.98,216.39,229.81,226.01,0.0,0.0,15.21,0.0,0.0,0.28,0.0,0.0,0.0,0.0,0.0,0.0,0.0,0.0,15.49,0.0,0.0,0.0,9.59,0.0,8.48,1.48,0.0,0.0,227.48,229.81,249.99,33.59,18.19,47.46,207.61,255.14,200.23,26.58,119.11,63.14,267.79,392.46,310.84,0.0,0.0,0.0,0.0,0.0,1.83,0.0,0.0,0.0,0.0,0.0,0.0,0.0,0.0,1.83,267.93,392.51,312.68,0.06,0.0,0.0,0.0,0.0,0.0,0.06,0.05,0.0,6,12,17,203,253,336,110,33,42,6/30/2014,7/31/2014,8/28/2014,0,30,42,,7/15/2014,8/28/2014,,1.0,1.0,,25.0,41.0,,1.0,0.0,,0.0,1.0,,25.0,41.0,0.0,123.12,19.74,0.0,0.0,0.0,,0.0,35.0,,8.78,77.6,,0.0,0.0,0,0,0,0,1,0,0,0,0,0,0,1,,1.0,1.0,1243,0.0,0.0,0.0
7001034408,109,0.0,0.0,0.0,6/30/2014,7/31/2014,8/31/2014,820.158,1064.816,1177.71,730.29,994.19,688.78,527.69,584.09,616.29,7.39,487.46,60.29,48.66,1170.69,494.43,402.34,200.23,296.34,268.29,65.89,127.18,9.56,6.51,8.43,0.0,0.0,1.0,680.21,272.64,431.96,283.39,53.19,120.03,245.41,81.74,252.79,0.3,0.0,0.0,0.0,0.0,0.0,529.11,134.94,372.83,0.0,0.0,0.0,0.0,0.0,5.85,0.0,0.0,0.0,1209.33,407.59,810.64,324.61,130.76,334.31,202.78,44.21,208.56,1.16,0.31,1.64,528.56,175.29,544.53,32.93,6.59,0.75,160.96,146.76,164.51,2.23,0.78,0.0,0.0,0.0,0.0,196.13,154.14,165.26,727.83,330.63,722.46,0.46,0.0,0.0,0.0,0.0,0.0,2.66,1.18,12.66,6,7,8,817,1655,1115,550,550,350,6/14/2014,7/28/2014,8/28/2014,0,550,350,,,,,,,,,,,,,,,,,,,0.0,0.0,0.0,0.0,0.0,0.0,,,,,,,,,,0,0,0,0,0,0,0,0,0,0,0,0,,,,498,0.0,0.0,0.0
7002387879,109,0.0,0.0,0.0,6/30/2014,7/31/2014,8/31/2014,352.625,236.302,38.008,129.29,218.11,0.0,254.86,149.28,38.53,0.0,0.0,0.0,0.0,0.0,0.0,15.18,15.03,0.0,159.28,114.73,38.53,7.04,0.0,0.0,0.0,0.0,0.0,181.51,129.76,38.53,114.11,203.08,0.0,88.53,34.54,0.0,0.0,0.0,0.0,0.0,0.0,0.0,202.64,237.63,0.0,0.0,0.0,0.0,0.0,0.0,0.0,0.0,0.0,0.0,384.16,367.39,38.53,13.76,6.06,4.69,315.38,134.09,46.98,2.51,0.0,0.0,331.66,140.16,51.68,18.08,3.38,0.0,26.43,12.63,0.0,0.0,0.0,0.0,0.0,0.0,0.0,44.51,16.01,0.0,376.18,156.18,51.68,0.0,0.0,0.0,0.0,0.0,0.0,0.0,0.0,0.0,24,17,4,426,240,40,50,20,20,6/30/2014,7/18/2014,8/31/2014,36,10,10,,,,,,,,,,,,,,,,,,,0.0,0.0,0.0,0.0,0.0,0.0,,,,,,,,,,0,0,0,0,0,0,0,0,0,0,0,0,,,,235,0.0,0.0,0.0
7002134460,109,0.0,0.0,0.0,6/30/2014,7/31/2014,8/31/2014,61.514,110.631,35.713,2.98,4.09,0.66,21.48,26.99,12.53,0.0,0.0,0.0,0.0,0.0,0.0,2.98,4.09,0.66,19.83,26.16,12.44,1.64,0.83,0.08,0.0,0.0,0.0,24.46,31.09,13.19,0.0,0.0,0.0,0.0,0.0,0.0,0.0,0.0,0.0,0.0,0.0,0.0,0.0,0.0,0.0,0.0,0.0,0.0,0.0,0.0,0.0,0.0,0.0,0.0,24.46,31.09,13.19,12.58,15.33,13.21,57.19,84.91,72.56,66.14,65.01,81.51,135.93,165.26,167.29,0.0,0.0,0.0,1.51,0.0,0.0,1.03,0.51,2.96,0.0,0.0,0.0,2.54,0.51,2.96,138.48,165.78,170.26,0.0,0.0,0.0,0.0,0.0,0.0,0.0,0.0,0.0,4,5,3,60,140,30,30,50,30,6/12/2014,7/28/2014,8/26/2014,30,30,0,,,,,,,,,,,,,,,,,,,0.0,0.0,0.0,0.0,0.0,0.0,,,,,,,,,,0,0,0,0,0,0,0,0,0,0,0,0,,,,2540,0.0,0.0,0.0
7002023341,109,0.0,0.0,0.0,6/30/2014,7/31/2014,8/31/2014,231.713,281.579,328.861,18.81,8.78,14.21,205.14,257.94,285.98,0.0,0.0,0.0,0.0,0.0,0.0,18.81,8.78,14.21,200.24,254.43,285.14,4.89,3.51,0.83,0.0,0.0,0.0,223.96,266.73,300.19,0.0,0.0,0.0,0.0,0.0,0.0,0.0,0.0,0.0,0.0,0.0,0.0,0.0,0.0,0.0,0.0,0.0,0.0,0.0,0.0,0.0,0.0,0.0,0.0,223.96,266.73,300.19,81.48,14.03,35.28,143.99,101.73,143.89,9.39,1.91,8.19,234.88,117.68,187.38,0.0,0.0,0.0,1.19,0.0,0.0,0.0,0.0,0.0,0.0,0.0,0.0,1.19,0.0,0.0,236.54,117.99,187.38,0.46,0.16,0.0,0.0,0.0,0.0,0.0,0.15,0.0,9,11,10,270,300,360,50,50,50,6/30/2014,7/30/2014,8/26/2014,50,50,30,,,,,,,,,,,,,,,,,,,0.0,0.0,0.0,0.0,0.0,0.0,,,,,,,,,,0,0,0,0,0,0,0,0,0,0,0,0,,,,2468,0.0,0.0,0.0
7001608342,109,0.0,0.0,0.0,6/30/2014,7/31/2014,8/31/2014,129.469,137.934,95.782,5.83,8.56,0.96,110.21,103.63,81.59,0.0,0.0,0.0,0.0,0.0,0.0,5.83,8.56,0.96,81.16,80.53,50.73,28.01,23.09,29.66,0.0,0.0,0.0,115.01,112.19,81.36,0.0,0.0,0.0,1.03,0.0,1.2,0.0,0.0,0.0,0.0,0.0,0.0,1.03,0.0,1.2,0.0,0.0,0.0,1.13,0.58,1.43,0.58,0.0,0.0,117.76,112.78,83.99,11.36,8.26,4.24,124.09,107.13,77.46,9.13,23.69,10.53,144.59,139.09,92.24,0.0,0.0,0.0,0.35,0.0,0.13,0.0,0.0,0.0,0.0,0.0,0.0,0.35,0.0,0.13,144.99,139.09,92.38,0.0,0.0,0.0,0.0,0.0,0.0,0.05,0.0,0.0,3,4,2,90,160,95,30,90,65,6/28/2014,7/16/2014,8/26/2014,30,0,30,,,,,,,,,,,,,,,,,,,0.0,0.0,0.0,0.0,0.0,0.0,,,,,,,,,,0,0,0,0,0,0,0,0,0,0,0,0,,,,3651,0.0,0.0,0.0
7001744606,109,0.0,0.0,0.0,6/30/2014,7/31/2014,8/31/2014,354.071,391.372,226.502,78.28,34.26,19.63,408.89,342.68,58.78,0.0,0.0,0.0,0.0,0.0,0.0,75.64,33.93,9.68,364.61,315.06,42.84,0.0,1.78,0.0,0.0,0.68,0.0,440.26,350.78,52.53,2.63,0.33,9.95,44.28,25.14,9.83,0.0,0.0,0.0,0.0,0.0,0.0,46.91,25.48,19.78,0.0,0.0,0.0,0.0,2.74,6.1,0.8,0.0,0.0,487.98,379.01,78.41,117.31,72.81,63.51,223.23,257.91,297.64,8.89,16.44,15.04,349.44,347.18,376.21,2.83,0.0,0.0,44.03,38.48,8.29,0.25,0.0,0.0,0.0,0.0,0.0,47.11,38.48,8.29,396.56,385.66,411.53,0.0,0.0,0.0,0.0,0.0,27.01,0.0,0.0,0.0,11,6,6,493,310,264,110,110,154,6/30/2014,7/24/2014,8/10/2014,110,110,30,,,8/2/2014,,,1.0,,,154.0,,,1.0,,,0.0,,,154.0,0.0,0.0,24.52,0.0,0.0,168.85,,,4.32,,,0.1,,,0.0,0,0,1,0,0,0,0,0,0,0,0,0,,,1.0,552,91.31,0.0,0.0
7000579453,109,0.0,0.0,0.0,6/30/2014,7/31/2014,8/31/2014,294.709,441.366,217.844,1.28,355.81,210.16,552.78,431.19,160.06,0.0,0.0,0.0,0.0,0.0,0.0,0.0,0.56,1.05,4.49,24.91,7.03,0.18,0.0,0.0,0.0,0.0,4.46,4.68,25.48,8.08,1.28,355.24,209.11,548.09,406.28,137.98,0.0,0.0,0.0,0.0,0.0,0.0,549.38,761.53,347.09,0.0,0.0,0.0,0.0,0.0,15.86,0.0,0.0,0.0,554.06,787.01,371.04,139.14,20.49,34.33,67.44,352.78,215.58,0.83,0.0,1.59,207.43,373.28,251.51,1.65,6.11,5.36,24.28,31.56,8.63,0.0,0.0,0.0,0.0,0.0,0.0,25.93,37.68,13.99,233.63,411.29,266.01,0.05,0.05,0.5,0.0,0.0,0.0,0.21,0.28,0.0,19,31,16,336,496,246,36,36,36,6/30/2014,7/29/2014,8/29/2014,20,20,20,,,,,,,,,,,,,,,,,,,0.0,0.0,0.0,0.0,0.0,0.0,,,,,,,,,,0,0,0,0,0,0,0,0,0,0,0,0,,,,497,0.0,0.0,0.0
7002296889,109,0.0,0.0,0.0,6/30/2014,7/31/2014,8/31/2014,651.159,613.542,0.0,89.08,16.53,,314.46,197.83,,0.0,3.26,,0.0,1.48,,23.19,13.24,,21.93,60.06,,0.0,0.0,,0.0,3.81,,45.13,73.31,,65.88,3.28,,106.73,35.56,,57.88,32.59,,0.0,0.0,,230.49,71.44,,35.06,40.73,,94.86,33.29,,6.94,0.0,,412.51,218.79,0.0,36.54,9.44,,23.44,30.39,,0.0,0.0,,59.99,39.84,,2.44,0.0,,38.68,14.73,,1.6,2.06,,0.0,0.0,,42.73,16.79,,157.01,107.29,0.0,0.0,0.0,,54.28,50.64,,0.0,0.0,,21,16,4,803,674,0,110,110,0,6/30/2014,7/27/2014,8/24/2014,50,0,0,6/24/2014,7/13/2014,,6.0,4.0,,46.0,25.0,,5.0,4.0,,1.0,0.0,,163.0,67.0,,535.85,314.0,0.0,0.0,0.0,0.0,21.91,0.0,,43.61,34.83,,0.0,1.0,,0,0,0,5,4,0,0,0,0,1,0,0,1.0,1.0,,939,0.0,0.0,0.0
7000179338,109,0.0,0.0,0.0,6/30/2014,7/31/2014,8/31/2014,558.074,130.458,0.0,,0.0,0.0,,0.0,1.81,,0.0,0.0,,0.0,0.0,,0.0,0.0,,0.0,0.0,,0.0,0.0,,0.0,0.0,,0.0,0.0,,0.0,0.0,,0.0,0.0,,0.0,0.0,,0.0,0.0,,0.0,0.0,,0.0,0.0,,0.0,1.81,,0.0,0.0,0.0,0.0,1.81,,0.0,0.54,,0.0,5.03,,0.0,0.0,,0.0,5.58,,0.0,0.0,,0.0,0.0,,0.0,0.0,,0.0,0.0,,0.0,0.0,0.0,0.9,7.18,,0.0,0.73,,0.5,0.0,,0.4,0.86,5,6,3,658,154,0,252,154,0,6/25/2014,7/26/2014,8/25/2014,252,0,0,6/25/2014,7/14/2014,,3.0,1.0,,252.0,154.0,,1.0,1.0,,2.0,0.0,,658.0,154.0,,9.95,7.26,0.0,2239.64,1017.63,0.0,424.34,0.0,,424.34,0.0,,0.0,0.0,,1,1,0,0,0,0,2,0,0,0,0,0,1.0,1.0,,1241,142.5,60.0,74.48
7002307300,109,0.0,0.0,0.0,6/30/2014,7/31/2014,8/31/2014,497.808,594.304,314.114,0.0,0.0,0.0,0.0,6.96,0.0,0.0,0.0,0.0,0.0,0.0,0.0,0.0,0.0,0.0,0.0,5.99,0.0,0.0,0.0,0.0,0.0,0.0,0.0,0.0,5.99,0.0,0.0,0.0,0.0,0.0,0.0,0.0,0.0,0.0,0.0,0.0,0.0,0.0,0.0,0.0,0.0,0.0,0.0,0.0,0.0,1.11,0.0,0.0,0.0,0.0,0.0,7.11,0.0,0.68,0.25,0.0,4.56,3.34,1.94,0.48,0.26,0.0,5.73,3.86,1.94,0.0,0.0,0.0,0.51,0.0,0.0,0.0,0.0,0.0,0.0,0.0,0.0,0.51,0.0,0.0,22.83,3.86,2.16,0.06,0.0,0.0,16.51,0.0,0.21,0.0,0.0,0.0,27,14,6,548,731,372,152,200,154,6/29/2014,7/31/2014,8/23/2014,0,0,152,6/28/2014,7/31/2014,8/23/2014,26.0,14.0,8.0,152.0,152.0,154.0,18.0,9.0,4.0,8.0,5.0,4.0,458.0,1366.0,919.0,126.61,147.45,118.97,3412.54,3228.99,1818.91,260.59,393.84,240.62,252.42,225.79,240.6,0.0,0.0,0.0,0,0,1,18,9,3,0,0,0,8,5,4,1.0,1.0,1.0,272,0.0,0.0,0.0
7001217664,109,0.0,0.0,0.0,6/30/2014,7/31/2014,8/31/2014,613.2,359.506,295.0,921.76,426.31,411.48,207.28,137.39,129.28,0.0,0.0,0.0,0.0,0.0,0.0,0.13,0.0,0.0,194.24,100.31,44.63,0.0,0.3,0.0,0.0,0.0,0.0,194.38,100.61,44.63,921.63,426.31,411.48,11.98,34.61,78.56,0.0,0.0,0.0,0.0,0.0,0.0,933.61,460.93,490.04,0.0,0.0,0.0,1.05,2.16,6.08,0.0,0.0,0.0,1129.04,563.71,540.76,127.36,33.01,8.58,309.83,428.48,399.34,1.39,6.43,12.6,438.59,467.93,420.53,741.96,314.64,775.38,77.26,65.39,47.94,0.0,0.0,0.0,0.0,0.0,0.0,819.23,380.04,823.33,1263.11,847.98,1244.18,0.0,0.0,0.0,0.0,0.0,0.0,5.28,0.0,0.31,6,4,3,620,350,200,220,130,200,6/28/2014,7/31/2014,8/25/2014,220,130,0,,,8/13/2014,,,1.0,,,274.0,,,1.0,,,0.0,,,274.0,0.0,0.0,445.47,0.0,0.0,0.0,,,0.0,,,0.01,,,0.0,0,0,1,0,0,0,0,0,0,0,0,0,,,1.0,303,0.0,0.0,0.0
7001142476,109,0.0,0.0,0.0,6/30/2014,7/31/2014,8/31/2014,86.137,64.578,126.115,30.08,28.79,37.71,41.54,31.09,62.64,0.0,0.0,0.0,0.0,0.0,0.0,30.08,28.79,37.71,39.41,30.81,57.28,0.0,0.0,0.0,0.0,0.0,0.0,69.49,59.61,94.99,0.0,0.0,0.0,0.0,0.0,0.31,2.13,0.28,5.04,0.0,0.0,0.0,2.13,0.28,5.36,0.0,0.0,0.0,0.0,0.0,0.0,0.0,0.0,0.0,71.63,59.89,100.36,138.89,197.16,210.49,69.64,81.14,95.09,0.43,0.0,0.0,208.98,278.31,305.59,0.0,0.0,0.0,0.0,0.0,0.0,4.08,4.23,4.73,0.0,0.0,0.0,4.08,4.23,4.73,213.21,282.63,311.68,0.15,0.08,0.11,0.0,0.0,0.0,0.0,0.0,1.23,5,6,9,100,70,150,30,30,30,6/25/2014,7/25/2014,8/27/2014,30,30,30,,,,,,,,,,,,,,,,,,,0.0,0.0,0.0,0.0,0.0,0.0,,,,,,,,,,0,0,0,0,0,0,0,0,0,0,0,0,,,,1252,0.0,0.0,0.0
7000334213,109,0.0,0.0,0.0,6/30/2014,7/31/2014,8/31/2014,90.203,247.86,117.769,69.18,915.14,154.16,15.19,55.33,31.26,3.0,0.0,0.0,14.36,0.0,0.0,0.0,0.0,0.0,0.81,0.38,13.44,0.0,0.35,0.0,1.43,0.0,0.0,0.81,0.73,13.44,61.33,915.14,154.16,0.0,44.83,17.81,0.0,0.0,0.0,0.0,0.0,0.0,61.33,959.98,171.98,0.0,0.0,0.0,9.29,34.34,0.0,0.0,0.0,0.0,71.44,995.06,185.43,0.0,0.0,0.0,6.31,1.94,2.71,0.0,0.0,0.0,6.31,1.94,2.71,0.0,63.46,36.38,4.76,36.44,28.08,0.0,0.0,0.0,0.0,0.0,0.0,4.76,99.91,64.46,11.48,102.71,67.18,0.4,0.84,0.0,0.0,0.0,0.0,0.0,0.0,0.0,6,20,7,100,308,119,50,50,36,6/22/2014,7/30/2014,8/31/2014,20,50,23,,,,,,,,,,,,,,,,,,,0.0,0.0,0.0,0.0,0.0,0.0,,,,,,,,,,0,0,0,0,0,0,0,0,0,0,0,0,,,,487,0.0,0.0,0.0
7000609053,109,0.0,0.0,0.0,6/30/2014,7/31/2014,8/31/2014,0.0,66.17,535.854,,11.49,8.03,,53.23,57.23,,0.0,0.0,,0.0,0.0,,11.49,8.03,,35.53,45.29,,8.38,6.63,,0.0,0.0,,55.41,59.96,,0.0,0.0,,6.66,0.71,,2.64,4.58,,0.0,0.0,,9.31,5.29,,0.0,0.05,,0.0,0.0,,0.0,0.0,0.0,64.73,65.31,,16.58,15.98,,74.18,41.84,,0.0,2.03,,90.76,59.86,,0.0,0.0,,5.19,0.51,,1.76,3.25,,0.0,0.0,,6.96,3.76,0.0,908.01,704.86,,0.0,0.0,,810.28,641.23,,0.0,0.0,3,4,4,0,200,252,0,200,252,6/18/2014,7/19/2014,8/26/2014,0,0,0,,7/19/2014,8/10/2014,,2.0,1.0,,252.0,252.0,,0.0,0.0,,2.0,1.0,,504.0,252.0,0.0,0.0,0.0,0.0,1552.78,1451.22,,430.98,444.98,,424.34,212.17,,0.0,0.0,0,0,0,0,0,0,0,2,1,0,0,0,,1.0,1.0,2124,0.0,0.0,0.0
7000285380,109,0.0,0.0,0.0,6/30/2014,7/31/2014,8/31/2014,91.134,420.477,448.315,74.64,471.11,489.91,26.31,113.88,147.93,0.0,0.0,0.0,0.0,0.0,0.0,0.95,11.56,26.74,2.63,60.48,51.96,0.0,0.0,0.0,1.33,3.46,0.73,3.58,72.04,78.71,73.69,459.54,463.16,19.48,49.93,95.23,0.0,0.0,0.0,0.0,0.0,0.0,93.18,509.48,558.39,0.0,0.0,0.0,4.6,4.75,0.73,0.0,0.0,0.0,101.36,586.28,637.84,1.36,29.79,24.08,13.68,46.31,60.33,0.0,0.58,6.81,15.04,76.69,91.23,1.68,0.0,0.43,0.0,3.63,0.0,0.0,0.0,0.0,0.0,0.0,0.0,1.68,3.63,0.43,16.93,80.93,91.66,0.2,0.4,0.0,0.0,0.0,0.0,0.0,0.2,0.0,5,21,19,106,500,526,36,50,50,6/30/2014,7/31/2014,8/30/2014,20,30,50,,,,,,,,,,,,,,,,,,,0.0,0.0,0.0,0.0,0.0,0.0,,,,,,,,,,0,0,0,0,0,0,0,0,0,0,0,0,,,,239,0.0,0.0,0.0
7002375905,109,0.0,0.0,0.0,6/30/2014,7/31/2014,8/31/2014,121.901,417.362,230.38,15.28,27.08,3.61,21.18,27.63,31.48,52.99,0.0,0.0,0.43,0.0,0.0,14.84,27.08,3.61,11.76,14.78,19.49,9.41,12.84,11.98,0.0,0.0,0.0,36.03,54.71,35.09,0.0,0.0,0.0,0.0,0.0,0.0,0.0,0.0,0.0,0.0,0.0,0.0,0.0,0.0,0.0,0.0,0.0,0.0,0.0,0.0,0.0,0.0,0.0,0.0,36.03,54.71,35.09,37.73,60.48,33.71,17.19,14.33,82.51,15.49,70.19,63.86,70.43,145.01,180.09,0.0,0.0,0.0,0.0,0.0,0.0,0.0,0.0,0.16,0.0,0.0,0.0,0.0,0.0,0.16,200.68,279.91,337.69,0.0,0.0,0.0,129.63,134.89,157.43,0.61,0.0,0.0,1,7,2,110,551,230,110,110,130,6/15/2014,7/31/2014,8/22/2014,110,41,100,,,,,,,,,,,,,,,,,,,0.0,0.0,0.0,0.0,0.0,0.0,,,,,,,,,,0,0,0,0,0,0,0,0,0,0,0,0,,,,2379,0.0,0.0,0.0
7002182343,109,0.0,0.0,0.0,6/30/2014,7/31/2014,8/31/2014,571.834,8.787,43.461,1440.31,0.0,16.81,19.84,0.48,7.71,0.0,0.0,0.0,0.0,0.0,0.0,3.91,0.0,0.0,15.08,0.48,2.13,0.0,0.0,0.0,0.0,0.0,0.0,18.99,0.48,2.13,1436.39,0.0,16.81,4.44,0.0,0.0,0.0,0.0,0.0,0.0,0.0,0.0,1440.84,0.0,16.81,0.0,0.0,0.0,0.81,0.0,5.58,5.06,0.0,0.0,1465.73,0.48,24.53,4.94,3.16,0.0,62.01,23.11,22.36,0.71,3.16,3.28,67.68,29.44,25.64,15.36,2.99,0.98,3.16,0.0,0.0,0.0,0.0,0.0,0.0,0.0,0.0,18.53,2.99,0.98,87.83,32.44,27.19,0.26,0.0,0.0,1.18,0.0,0.0,0.16,0.0,0.56,10,2,1,666,10,50,110,10,50,6/17/2014,7/20/2014,8/10/2014,110,10,50,,,,,,,,,,,,,,,,,,,0.0,0.0,0.0,0.0,0.0,0.0,,,,,,,,,,0,0,0,0,0,0,0,0,0,0,0,0,,,,322,0.0,0.0,0.0
7001601196,109,0.0,0.0,0.0,6/30/2014,7/31/2014,8/31/2014,133.611,183.782,131.626,19.54,26.89,8.99,103.24,179.21,126.63,0.0,0.0,0.0,0.0,0.0,0.0,19.54,26.89,8.99,98.31,167.58,110.21,0.0,8.51,11.51,0.0,0.0,0.0,117.86,202.99,130.73,0.0,0.0,0.0,0.0,1.08,0.0,4.06,2.03,4.89,0.0,0.0,0.0,4.06,3.11,4.89,0.86,0.0,0.0,0.0,0.0,0.0,0.0,0.0,0.0,122.79,206.11,135.63,16.76,48.03,11.68,32.81,36.69,42.34,0.94,2.26,7.39,50.53,86.99,61.43,0.0,0.0,0.0,0.0,0.0,0.0,1.94,3.06,0.0,0.0,0.0,0.0,1.94,3.06,0.0,52.48,90.06,61.43,0.0,0.0,0.0,0.0,0.0,0.0,0.0,0.0,0.0,4,4,1,110,220,130,110,110,130,6/16/2014,7/21/2014,8/9/2014,110,110,130,,,,,,,,,,,,,,,,,,,0.0,0.0,0.0,0.0,0.0,0.0,,,,,,,,,,0,0,0,0,0,0,0,0,0,0,0,0,,,,2769,0.0,0.0,0.0
7001014684,109,0.0,0.0,0.0,6/30/2014,7/31/2014,8/31/2014,86.191,105.911,29.7,0.0,19.71,0.86,75.01,70.26,25.26,12.58,11.68,1.16,17.23,30.56,0.48,0.0,18.63,0.86,12.34,26.49,23.56,0.0,0.0,1.21,0.0,0.0,0.0,12.34,45.13,25.64,0.0,1.08,0.0,38.69,13.19,0.0,6.73,0.0,0.0,0.0,0.0,0.0,45.43,14.28,0.0,0.0,0.0,0.0,0.0,0.0,0.0,0.0,0.0,0.0,57.78,59.41,25.64,0.83,0.0,0.73,19.66,20.31,18.26,0.0,0.0,1.24,20.49,20.31,20.24,4.31,1.4,0.0,5.5,0.0,0.0,0.0,0.0,0.0,0.0,0.0,0.0,9.81,1.4,0.0,30.31,21.71,20.24,0.0,0.0,0.0,0.0,0.0,0.0,0.0,0.0,0.0,2,4,2,110,110,200,110,110,200,6/23/2014,7/17/2014,8/30/2014,110,0,200,,,,,,,,,,,,,,,,,,,0.0,0.0,0.0,0.0,0.0,0.0,,,,,,,,,,0,0,0,0,0,0,0,0,0,0,0,0,,,,634,0.0,0.0,0.0
7002198511,109,0.0,0.0,0.0,6/30/2014,7/31/2014,8/31/2014,120.402,245.631,110.218,0.83,10.86,38.74,22.44,166.84,35.14,0.0,0.0,0.0,0.0,0.0,0.0,0.0,0.58,0.2,0.0,5.78,6.14,0.0,0.0,0.0,0.0,27.11,0.0,0.0,6.36,6.34,0.83,10.28,38.54,22.44,113.24,28.99,0.0,0.0,0.0,0.0,0.0,0.0,23.28,123.53,67.54,0.0,0.0,0.0,1.33,60.43,1.0,0.68,0.0,0.0,25.29,190.33,74.89,0.0,1.59,4.34,0.3,5.34,10.23,0.0,0.0,0.0,0.3,6.94,14.58,0.0,5.74,62.99,9.11,6.74,4.18,0.0,0.0,0.0,0.0,0.0,0.0,9.11,12.49,67.18,9.41,19.44,81.76,0.0,0.0,0.0,0.0,0.0,0.0,0.0,0.0,0.0,11,15,8,150,275,125,30,30,30,6/30/2014,7/30/2014,8/31/2014,30,10,30,6/24/2014,7/17/2014,8/26/2014,8.0,6.0,2.0,25.0,25.0,25.0,8.0,6.0,2.0,0.0,0.0,0.0,200.0,150.0,50.0,490.96,347.95,39.85,0.0,0.0,0.0,0.0,0.0,0.0,5.01,24.26,1.89,0.0,0.0,0.0,0,0,0,8,6,2,0,0,0,0,0,0,1.0,1.0,1.0,773,0.0,0.0,0.0
7002206637,109,0.0,0.0,0.0,6/30/2014,7/31/2014,8/31/2014,26.861,0.12,195.715,10.76,0.0,223.11,5.78,0.0,202.69,3.28,9.68,0.0,16.54,0.0,0.0,0.0,0.0,16.88,0.0,0.0,18.83,0.0,0.0,0.0,0.76,0.0,0.0,0.0,0.0,35.71,0.0,0.0,206.23,0.0,0.0,183.86,0.0,0.0,0.0,0.0,0.0,0.0,0.0,0.0,390.09,0.0,0.0,0.0,0.0,0.0,0.0,0.0,0.0,0.0,0.0,0.0,425.81,0.0,0.0,14.43,0.0,0.0,32.16,0.0,0.0,0.0,0.0,0.0,46.59,0.0,0.0,11.1,0.0,0.0,0.0,0.0,0.0,0.0,0.0,0.0,0.0,0.0,0.0,11.1,0.0,0.0,57.69,0.0,0.0,0.0,0.0,0.0,0.0,0.0,0.0,0.0,4,5,12,30,0,276,30,0,50,6/21/2014,7/27/2014,8/31/2014,0,0,42,,,,,,,,,,,,,,,,,,,0.0,0.0,0.0,0.0,0.0,0.0,,,,,,,,,,0,0,0,0,0,0,0,0,0,0,0,0,,,,489,0.0,0.0,0.0
7001771120,109,0.0,0.0,0.0,6/30/2014,7/31/2014,8/31/2014,176.701,157.293,248.882,0.98,1.69,21.38,23.21,14.31,3.71,0.0,0.0,0.0,0.0,0.0,0.0,0.98,1.69,21.38,23.21,14.31,3.71,0.0,0.0,0.0,0.0,0.0,0.0,24.19,16.01,25.09,0.0,0.0,0.0,0.0,0.0,0.0,0.0,0.0,0.0,0.0,0.0,0.0,0.0,0.0,0.0,0.0,0.0,0.0,0.0,0.0,0.0,0.0,0.0,0.0,24.19,16.01,25.09,47.98,46.64,156.71,555.71,677.61,360.24,73.73,201.89,146.41,677.43,926.16,663.38,0.98,0.0,0.0,9.26,0.0,0.98,2.61,4.86,1.39,0.0,0.0,0.0,12.86,4.86,2.38,690.29,931.03,665.76,0.0,0.0,0.0,0.0,0.0,0.0,0.0,0.0,0.0,4,6,6,184,207,454,154,154,274,6/22/2014,7/21/2014,8/25/2014,154,154,0,6/22/2014,7/21/2014,8/22/2014,1.0,1.0,1.0,154.0,154.0,274.0,1.0,1.0,1.0,0.0,0.0,0.0,154.0,154.0,274.0,175.08,150.21,144.41,450.26,399.56,590.8,10.18,0.01,0.69,0.0,0.0,0.0,0.0,0.0,0.0,1,1,1,0,0,0,0,0,0,0,0,0,1.0,1.0,1.0,2420,650.63,493.21,512.28
7000381758,109,0.0,0.0,0.0,6/30/2014,7/31/2014,8/31/2014,44.425,86.283,923.692,0.0,9.06,154.63,4.49,21.66,751.88,0.0,0.0,0.0,0.0,0.0,0.0,0.0,5.73,25.13,3.78,7.38,94.59,0.0,0.0,0.31,0.01,0.0,4.15,3.78,13.11,120.04,0.0,3.33,129.49,0.69,14.28,648.61,0.0,0.0,0.0,0.0,0.0,0.0,0.69,17.61,778.11,0.0,0.0,0.0,0.01,1.61,16.36,0.43,0.0,0.0,4.93,32.34,914.53,0.0,2.04,7.59,9.16,7.59,32.04,0.0,0.0,0.0,9.16,9.64,39.64,0.0,0.0,0.0,0.0,0.78,8.68,0.0,2.58,0.0,0.0,0.0,0.0,0.0,3.36,8.68,9.16,13.01,49.33,0.0,0.0,1.0,0.0,0.0,0.0,0.0,0.0,0.0,2,7,22,50,117,1078,50,30,154,6/8/2014,7/30/2014,8/29/2014,50,10,130,,7/26/2014,8/21/2014,,1.0,4.0,,17.0,154.0,,1.0,4.0,,0.0,0.0,,17.0,479.0,0.0,23.59,3230.63,0.0,0.0,0.0,,0.0,0.0,,1.01,4.23,,0.0,0.0,0,0,3,0,1,1,0,0,0,0,0,0,,1.0,1.0,767,0.0,0.0,0.0
7001042599,109,0.0,0.0,0.0,6/30/2014,7/31/2014,8/31/2014,175.155,92.456,0.0,0.0,8.83,,103.09,52.46,,0.0,18.31,,0.0,20.59,,0.0,0.0,,14.48,5.51,,0.0,0.26,,0.0,0.0,,14.48,5.78,,0.0,7.88,,88.61,27.03,,0.0,0.0,,0.0,0.0,,88.61,34.91,,0.0,0.0,,0.0,0.0,,0.0,0.0,,103.09,40.69,0.0,0.0,0.0,,12.43,4.69,,16.24,6.84,,28.68,11.54,,0.0,0.0,,26.06,9.98,,0.0,0.0,,0.0,0.0,,26.06,9.98,,54.74,21.53,0.0,0.0,0.0,,0.0,0.0,,0.0,0.0,,6,6,2,246,50,0,100,50,0,6/27/2014,7/31/2014,8/22/2014,0,0,0,,,,,,,,,,,,,,,,,,,0.0,0.0,0.0,0.0,0.0,0.0,,,,,,,,,,0,0,0,0,0,0,0,0,0,0,0,0,,,,1244,0.0,0.0,0.0
7001269942,109,0.0,0.0,0.0,6/30/2014,7/31/2014,8/31/2014,364.742,171.31,172.29,200.21,70.68,96.84,205.54,99.24,74.63,0.0,0.0,0.0,0.0,0.0,0.0,122.14,16.38,40.54,201.46,88.96,71.29,1.15,0.0,3.33,0.8,0.0,0.0,324.76,105.34,115.18,78.06,54.29,56.29,2.13,0.0,0.0,0.0,0.0,0.0,0.0,0.0,0.0,80.19,54.29,56.29,0.0,0.0,0.0,0.8,12.43,0.0,0.0,0.0,0.0,405.76,172.08,171.48,38.63,7.48,17.51,172.06,52.38,82.93,0.06,0.0,0.0,210.76,59.86,100.44,33.48,0.46,0.0,0.0,0.0,0.0,0.0,0.0,0.0,0.0,0.0,0.0,33.48,0.46,0.0,244.24,60.33,100.44,0.0,0.0,0.0,0.0,0.0,0.0,0.0,0.0,0.0,16,17,16,407,189,198,110,20,20,6/30/2014,7/30/2014,8/31/2014,10,10,10,,,,,,,,,,,,,,,,,,,0.0,0.0,0.0,0.0,0.0,0.0,,,,,,,,,,0,0,0,0,0,0,0,0,0,0,0,0,,,,1019,0.0,0.0,0.0
7002261767,109,0.0,0.0,0.0,6/30/2014,7/31/2014,8/31/2014,197.35,96.94,140.99,38.31,3.63,12.71,194.29,157.13,189.78,0.0,0.0,0.0,0.0,0.0,0.0,38.31,3.63,12.71,192.38,157.13,167.96,0.38,0.0,15.28,0.0,0.0,0.0,231.08,160.76,195.96,0.0,0.0,0.0,0.0,0.0,0.98,1.53,0.0,5.55,0.0,0.0,0.0,1.53,0.0,6.53,6.01,0.0,0.0,0.0,0.0,0.0,0.0,0.0,0.0,238.63,160.76,202.49,31.06,14.73,7.43,258.73,140.14,133.08,2.41,1.31,5.93,292.21,156.19,146.44,0.0,0.0,0.0,3.15,10.63,0.0,3.25,1.33,4.69,0.0,0.0,0.0,6.4,11.96,4.69,560.14,305.83,151.14,0.0,0.0,0.0,187.71,137.66,0.0,73.81,0.0,0.0,6,7,4,175,110,195,110,110,130,6/27/2014,7/25/2014,8/30/2014,0,0,130,,7/18/2014,,,1.0,,,274.0,,,1.0,,,0.0,,,274.0,,0.0,75.78,0.0,0.0,258.2,0.0,,0.0,,,0.0,,,0.0,,0,1,0,0,0,0,0,0,0,0,0,0,,1.0,,2543,359.98,336.42,369.08
7002299289,109,0.0,0.0,0.0,6/30/2014,7/31/2014,8/31/2014,542.631,217.361,18.141,10.86,4.83,1.48,479.71,249.73,5.63,18.33,0.0,0.0,52.81,0.0,0.0,1.8,3.33,1.48,1.58,2.86,2.99,10.23,0.0,0.0,3.01,0.0,0.0,13.61,6.19,4.48,6.34,1.5,0.0,417.31,246.86,2.63,0.0,0.0,0.0,0.0,0.0,0.0,423.66,248.36,2.63,0.0,0.0,0.0,5.64,9.11,1.96,0.0,0.0,0.0,442.93,263.68,9.08,26.76,51.79,51.18,11.18,11.63,40.96,0.0,0.0,0.0,37.94,63.43,92.14,0.0,0.65,0.0,166.86,383.98,0.0,15.29,0.0,0.0,0.0,0.0,0.0,182.16,384.63,0.0,220.11,450.81,101.88,0.0,0.0,0.0,0.0,0.0,0.0,0.0,2.75,9.73,29,14,4,651,220,20,30,30,10,6/30/2014,7/30/2014,8/30/2014,30,0,10,6/12/2014,,,1.0,,,25.0,,,1.0,,,0.0,,,25.0,,,128.55,0.0,0.0,0.0,0.0,0.0,0.0,,,8.0,,,0.0,,,0,0,0,1,0,0,0,0,0,0,0,0,1.0,,,1926,0.0,0.0,0.0
7002176574,109,0.0,0.0,0.0,6/30/2014,7/31/2014,8/31/2014,868.339,1048.107,1006.349,271.09,319.78,315.81,1580.44,2080.04,1819.63,0.0,0.0,0.0,0.0,0.0,0.0,82.43,84.94,126.18,172.13,251.34,251.08,5.96,0.0,2.73,0.0,0.0,0.0,260.53,336.29,379.99,188.66,234.83,189.63,1402.34,1828.69,1565.81,0.0,0.0,0.0,0.0,0.0,0.0,1591.01,2063.53,1755.44,0.0,0.0,0.0,0.0,0.0,4.59,0.0,0.0,0.0,1851.54,2399.83,2140.04,185.76,85.03,96.39,103.71,140.31,127.83,7.66,1.64,0.46,297.14,226.99,224.69,13.39,33.36,33.84,32.34,28.94,60.99,0.0,0.0,0.0,0.0,0.0,0.0,45.74,62.31,94.84,342.96,290.24,325.93,0.0,0.0,0.25,0.0,0.0,0.0,0.06,0.93,6.13,14,15,13,947,1295,1070,110,128,130,6/28/2014,7/31/2014,8/29/2014,110,128,130,6/6/2014,,8/29/2014,1.0,,2.0,25.0,,25.0,1.0,,2.0,0.0,,0.0,25.0,,50.0,0.0,0.0,0.0,0.0,0.0,0.0,0.0,,0.0,0.0,,0.0,0.0,,0.0,0,0,0,1,0,2,0,0,0,0,0,0,0.0,,0.0,2418,0.0,0.0,0.0
7000344739,109,0.0,0.0,0.0,6/30/2014,7/31/2014,8/31/2014,0.0,142.963,994.184,0.0,63.59,1260.83,0.0,134.49,981.01,0.0,0.0,0.0,0.0,0.0,0.0,0.0,0.0,16.49,0.0,39.44,72.16,0.0,0.0,0.0,0.0,0.0,0.0,0.0,39.44,88.66,0.0,63.59,1244.33,0.0,95.04,908.84,0.0,0.0,0.0,0.0,0.0,0.0,0.0,158.65,2153.18,0.0,0.0,0.0,0.0,0.21,0.0,0.0,0.0,0.0,0.0,198.31,2241.84,0.0,3.51,31.53,4.06,37.51,66.56,0.0,0.0,0.0,4.06,41.03,98.09,0.0,2.01,31.94,1.43,5.81,42.33,0.0,0.0,0.46,0.0,0.0,0.0,1.43,7.83,74.74,5.49,48.86,172.84,0.0,0.0,0.0,0.0,0.0,0.0,0.0,0.0,0.0,1,5,23,0,211,1146,0,67,119,6/13/2014,7/31/2014,8/30/2014,0,50,50,,,,,,,,,,,,,,,,,,,0.0,0.0,0.0,0.0,0.0,0.0,,,,,,,,,,0,0,0,0,0,0,0,0,0,0,0,0,,,,550,0.0,0.0,0.0
7000830588,109,0.0,0.0,0.0,6/30/2014,7/31/2014,8/31/2014,216.165,6.0,22.889,165.69,0.0,16.06,69.19,0.0,0.41,10.69,2.08,0.9,8.31,0.0,3.26,11.68,0.0,0.0,38.54,0.0,0.0,0.0,0.0,0.0,0.0,0.0,0.0,50.23,0.0,0.0,146.46,0.0,13.21,29.88,0.0,0.0,0.0,0.0,0.0,0.0,0.0,0.0,176.34,0.0,13.21,0.0,0.0,0.0,0.0,0.0,0.0,0.0,0.0,0.0,226.58,0.0,13.21,37.53,0.0,0.0,39.14,0.0,17.13,0.0,0.0,0.0,76.68,0.0,17.13,21.88,0.0,18.11,0.61,0.0,0.0,0.0,0.0,0.0,0.0,0.0,0.0,22.49,0.0,18.11,99.48,0.0,35.25,0.3,0.0,0.0,0.0,0.0,0.0,0.0,0.0,0.0,3,3,2,219,0,30,169,0,30,6/12/2014,7/27/2014,8/30/2014,169,0,30,,,,,,,,,,,,,,,,,,,0.0,0.0,0.0,0.0,0.0,0.0,,,,,,,,,,0,0,0,0,0,0,0,0,0,0,0,0,,,,1433,0.0,0.0,0.0
7001413113,109,0.0,0.0,0.0,6/30/2014,7/31/2014,8/31/2014,172.156,32.38,209.219,36.36,9.84,29.01,8.48,0.26,50.49,0.0,0.0,0.0,0.0,0.0,0.0,2.18,0.0,5.24,0.43,0.0,14.13,0.0,0.0,6.63,0.0,0.0,0.0,2.61,0.0,26.01,34.18,9.84,23.76,8.04,0.26,29.73,0.0,0.0,0.0,0.0,0.0,0.0,42.23,10.11,53.49,0.0,0.0,0.0,0.13,0.0,0.0,0.0,0.0,0.0,44.98,10.11,79.51,0.0,0.0,23.16,0.23,0.0,65.36,1.73,0.0,0.0,1.96,0.0,88.53,548.96,167.16,130.09,17.48,4.46,65.01,0.0,0.0,0.0,0.0,0.0,0.0,566.44,171.63,195.11,568.41,171.63,284.09,0.0,0.0,0.0,0.0,0.0,0.0,0.0,0.0,0.45,9,3,16,180,40,250,30,20,20,6/27/2014,7/6/2014,8/31/2014,30,0,20,,,,,,,,,,,,,,,,,,,0.0,0.0,0.0,0.0,0.0,0.0,,,,,,,,,,0,0,0,0,0,0,0,0,0,0,0,0,,,,747,0.0,0.0,4.74
7001498474,109,0.0,0.0,0.0,6/30/2014,7/31/2014,8/31/2014,311.309,23.457,1.747,64.44,9.66,3.79,544.43,15.41,31.73,0.0,0.0,0.0,0.0,0.0,0.0,64.44,9.66,3.79,537.44,15.41,31.73,0.0,0.0,0.0,1.58,0.0,0.0,601.89,25.08,35.53,0.0,0.0,0.0,0.0,0.0,0.0,0.0,0.0,0.0,0.0,0.0,0.0,0.0,0.0,0.0,0.0,0.0,0.0,6.98,0.0,0.0,0.0,0.0,0.0,608.88,25.08,35.53,46.84,5.18,11.81,51.29,10.11,15.71,2.66,0.8,0.0,100.81,16.09,27.53,0.0,0.0,0.0,0.0,0.0,0.0,0.83,0.0,0.0,0.0,0.0,0.0,0.83,0.0,0.0,102.08,16.09,28.19,0.28,0.0,0.0,0.0,0.0,0.0,0.15,0.0,0.66,7,2,2,330,20,81,110,20,61,6/24/2014,7/24/2014,8/28/2014,110,20,61,,,,,,,,,,,,,,,,,,,0.0,0.0,0.0,0.0,0.0,0.0,,,,,,,,,,0,0,0,0,0,0,0,0,0,0,0,0,,,,264,0.0,0.0,0.0
7000610167,109,0.0,0.0,0.0,6/30/2014,7/31/2014,8/31/2014,95.991,142.1,135.737,217.74,139.51,117.33,9.78,16.98,40.91,0.0,12.73,1.03,0.0,20.64,2.71,20.96,22.64,30.23,3.91,6.61,13.01,1.83,1.31,4.18,0.0,0.0,0.0,26.71,30.58,47.43,196.78,105.26,84.38,4.0,0.0,23.71,0.0,0.0,0.0,0.0,0.0,0.0,200.78,105.26,108.09,0.03,0.0,0.0,0.0,0.0,0.0,0.0,0.0,0.0,227.53,135.84,155.53,20.99,18.66,27.94,10.46,14.23,25.16,1.7,2.66,10.13,33.16,35.56,63.24,13.78,5.58,8.54,0.0,0.0,0.0,0.0,0.0,2.34,0.0,0.0,0.0,13.78,5.58,10.89,52.48,41.14,86.76,0.75,0.0,0.5,3.96,0.0,11.99,0.81,0.0,0.11,3,2,4,260,0,164,150,0,128,6/15/2014,7/25/2014,8/24/2014,150,0,0,,,,,,,,,,,,,,,,,,,0.0,0.0,0.0,0.0,0.0,0.0,,,,,,,,,,0,0,0,0,0,0,0,0,0,0,0,0,,,,1102,0.0,0.0,0.0
7000233592,109,0.0,0.0,0.0,6/30/2014,7/31/2014,8/31/2014,0.0,0.0,725.04,,,342.16,,,1463.68,,,0.0,,,0.0,,,47.89,,,74.49,,,0.0,,,0.0,,,122.39,,,294.26,,,1389.18,,,0.0,,,0.0,,,1683.44,,,0.0,,,0.0,,,0.0,0.0,0.0,1805.84,,,56.49,,,108.13,,,0.0,,,164.63,,,0.0,,,12.13,,,0.0,,,0.0,,,12.13,0.0,0.0,176.81,,,0.04,,,0.0,,,0.0,2,3,10,0,0,887,0,0,169,6/18/2014,7/10/2014,8/28/2014,0,0,169,,,,,,,,,,,,,,,,,,,0.0,0.0,0.0,0.0,0.0,0.0,,,,,,,,,,0,0,0,0,0,0,0,0,0,0,0,0,,,,291,0.0,0.0,0.0
7000620519,109,0.0,0.0,0.0,6/30/2014,7/31/2014,8/31/2014,116.4,24.2,27.5,133.14,5.48,5.68,69.33,30.48,12.11,0.0,0.0,0.0,0.0,0.0,0.0,133.14,5.48,5.68,16.69,8.13,9.53,31.59,6.6,0.0,0.0,0.0,0.0,181.44,20.21,15.21,0.0,0.0,0.0,21.03,15.74,2.58,0.0,0.0,0.0,0.0,0.0,0.0,21.03,15.74,2.58,0.0,0.0,0.0,0.0,0.0,0.0,0.0,0.0,0.0,202.48,35.96,17.79,20.54,9.93,1.23,21.78,2.93,12.76,18.41,7.18,1.0,60.74,20.04,14.99,0.0,0.4,0.0,44.08,8.54,13.09,292.29,8.73,0.0,0.0,0.0,0.0,336.38,17.68,13.09,397.13,37.73,28.59,0.0,0.0,0.0,0.0,0.0,0.0,0.0,0.0,0.5,2,1,1,0,0,41,0,0,41,6/12/2014,7/9/2014,8/19/2014,0,0,41,,,,,,,,,,,,,,,,,,,0.0,0.0,0.0,0.0,0.0,0.0,,,,,,,,,,0,0,0,0,0,0,0,0,0,0,0,0,,,,1636,0.0,0.0,0.0
7002095452,109,0.0,0.0,0.0,6/30/2014,7/31/2014,8/31/2014,312.09,306.75,327.54,54.08,56.89,67.68,269.26,259.31,269.51,0.0,0.0,0.0,0.0,0.0,0.0,54.08,56.89,67.68,269.26,254.33,269.01,0.0,4.98,0.5,0.0,0.0,0.0,323.34,316.21,337.19,0.0,0.0,0.0,0.0,0.0,0.0,0.0,0.0,0.0,0.0,0.0,0.0,0.0,0.0,0.0,0.0,0.0,0.0,0.0,0.0,0.0,0.0,0.0,0.0,323.34,316.21,337.19,43.69,83.11,67.06,74.98,52.09,52.99,53.54,18.01,32.18,172.23,153.23,152.24,0.0,0.0,0.0,0.0,0.35,0.0,0.0,0.0,0.0,0.0,0.0,0.0,0.0,0.35,0.0,172.23,153.58,152.24,0.0,0.0,0.0,0.0,0.0,0.0,0.0,0.0,0.0,6,5,3,330,330,330,330,330,330,6/30/2014,7/29/2014,8/31/2014,0,0,0,6/30/2014,7/29/2014,8/31/2014,1.0,1.0,1.0,125.0,125.0,125.0,1.0,1.0,1.0,0.0,0.0,0.0,125.0,125.0,125.0,0.0,0.0,0.0,180.95,192.55,154.11,0.09,0.0,0.0,0.0,0.0,0.0,0.0,0.0,0.0,1,1,1,0,0,0,0,0,0,0,0,0,1.0,1.0,1.0,1967,0.0,0.0,0.0
7000830897,109,0.0,0.0,0.0,6/30/2014,7/31/2014,8/31/2014,111.083,250.271,499.416,64.08,152.98,417.06,42.38,138.76,77.08,0.0,0.0,0.0,0.0,0.0,0.0,64.08,152.98,417.06,42.38,110.86,76.58,0.0,0.0,0.0,0.0,0.0,0.13,106.46,263.84,493.64,0.0,0.0,0.0,0.0,21.84,0.0,0.0,0.0,0.0,0.0,0.0,0.0,0.0,21.84,0.0,0.0,0.0,0.0,0.0,6.05,0.49,0.0,0.0,0.0,106.46,291.74,494.14,0.99,38.68,160.36,125.86,159.46,233.39,0.78,0.0,0.0,127.64,198.14,393.76,0.0,0.0,0.0,0.0,0.0,0.0,0.0,0.0,0.0,0.0,0.0,0.0,0.0,0.0,0.0,128.23,198.54,393.76,0.58,0.0,0.0,0.0,0.0,0.0,0.0,0.4,0.0,7,6,15,120,320,550,50,110,50,6/28/2014,7/31/2014,8/31/2014,10,50,20,,,,,,,,,,,,,,,,,,,0.0,0.0,0.0,0.0,0.0,0.0,,,,,,,,,,0,0,0,0,0,0,0,0,0,0,0,0,,,,1042,0.0,0.0,0.0
7002259200,109,0.0,0.0,0.0,6/30/2014,7/31/2014,8/31/2014,126.552,26.13,82.119,75.51,15.24,55.53,86.63,30.41,39.63,0.0,0.0,0.0,0.0,0.0,0.0,0.0,0.0,0.0,2.76,2.78,8.14,0.0,0.0,0.0,0.0,0.23,0.0,2.76,2.78,8.14,75.51,15.24,55.53,83.86,27.39,28.64,0.0,0.0,0.0,0.0,0.0,0.0,159.38,42.64,84.18,0.0,0.0,0.0,0.0,0.23,2.83,0.0,0.0,0.0,162.14,45.66,95.16,0.0,0.0,0.0,54.48,14.93,37.41,0.0,0.0,0.0,54.48,14.93,37.41,49.74,9.38,0.16,78.68,99.23,134.56,0.5,0.0,0.0,0.0,0.0,0.0,128.93,108.61,134.73,185.78,124.11,172.24,0.0,0.0,0.0,0.0,0.0,0.0,2.36,0.56,0.1,4,1,2,166,0,180,70,0,130,6/22/2014,7/25/2014,8/30/2014,70,0,130,,,,,,,,,,,,,,,,,,,0.0,0.0,0.0,0.0,0.0,0.0,,,,,,,,,,0,0,0,0,0,0,0,0,0,0,0,0,,,,492,0.0,0.0,0.0
7002315459,109,0.0,0.0,0.0,6/30/2014,7/31/2014,8/31/2014,121.182,250.104,16.85,6.18,3.18,0.46,87.04,82.94,1.48,0.0,0.0,0.0,0.0,0.0,0.0,6.18,3.18,0.46,85.04,82.43,1.48,1.99,0.51,0.0,0.0,0.0,0.0,93.23,86.13,1.95,0.0,0.0,0.0,0.0,0.0,0.0,0.0,0.0,0.0,0.0,0.0,0.0,0.0,0.0,0.0,0.0,0.0,0.0,0.0,0.0,0.0,0.0,0.0,0.0,93.23,86.13,1.95,2.09,4.36,0.0,37.78,21.63,5.36,1.53,1.79,0.1,41.41,27.79,5.46,0.0,0.0,0.0,0.0,0.0,0.0,0.0,0.0,0.0,0.0,0.0,0.0,0.0,0.0,0.0,41.41,27.79,5.46,0.0,0.0,0.0,0.0,0.0,0.0,0.0,0.0,0.0,4,3,0,230,180,0,110,110,0,6/26/2014,7/23/2014,,110,70,0,,,,,,,,,,,,,,,,,,,0.0,0.0,0.0,0.0,0.0,0.0,,,,,,,,,,0,0,0,0,0,0,0,0,0,0,0,0,,,,1212,0.0,0.0,0.0
7002049270,109,0.0,0.0,0.0,6/30/2014,7/31/2014,8/31/2014,138.336,80.768,105.168,40.26,29.96,36.01,59.88,107.09,19.43,0.0,0.0,0.0,0.0,0.0,0.0,9.18,8.79,8.18,27.26,80.38,8.91,0.0,0.0,0.0,0.0,0.0,0.0,36.44,89.18,17.09,31.08,21.16,27.83,32.61,26.71,10.51,0.0,0.0,0.0,0.0,0.0,0.0,63.69,47.88,38.34,0.0,0.0,0.0,0.0,0.0,0.0,0.0,0.0,0.0,100.14,137.06,55.44,16.31,15.93,14.26,63.36,90.18,57.89,0.43,2.24,0.48,80.11,108.36,72.64,4.98,0.0,4.68,7.66,7.23,5.31,0.0,0.0,0.0,0.0,0.0,0.0,12.64,7.23,9.99,92.76,115.79,82.64,0.0,0.2,0.0,0.0,0.0,0.0,0.0,0.0,0.0,3,4,4,140,96,105,110,65,44,6/23/2014,7/10/2014,8/29/2014,110,0,0,,7/6/2014,8/10/2014,,1.0,1.0,,149.0,149.0,,1.0,1.0,,0.0,0.0,,149.0,149.0,0.0,0.0,0.0,0.0,0.0,0.0,,0.0,0.0,,0.0,0.0,,0.0,0.0,0,1,1,0,0,0,0,0,0,0,0,0,,0.0,0.0,184,0.0,0.0,0.0
7001859859,109,0.0,0.0,0.0,6/30/2014,7/31/2014,8/31/2014,266.367,241.408,198.056,172.39,147.63,109.89,30.96,65.24,53.51,0.0,0.0,0.0,0.0,0.0,0.0,172.39,147.63,109.89,28.11,41.54,49.79,0.0,0.0,0.0,0.0,0.0,0.0,200.51,189.18,159.69,0.0,0.0,0.0,0.0,20.93,0.0,2.84,2.76,3.71,0.0,0.0,0.0,2.84,23.69,3.71,0.0,0.0,0.0,0.0,4.25,0.0,1.53,0.0,0.0,204.89,217.13,163.41,409.79,447.64,346.08,88.29,83.49,18.09,0.0,0.0,0.0,498.09,531.14,364.18,0.0,0.0,0.0,0.0,26.36,1.01,250.33,41.56,103.76,0.0,0.0,0.0,250.33,67.93,104.78,748.68,599.16,468.96,0.25,0.0,0.0,0.0,0.0,0.0,0.0,0.08,0.0,5,6,4,303,314,130,150,128,130,6/29/2014,7/31/2014,8/31/2014,120,128,0,,,,,,,,,,,,,,,,,,,0.0,0.0,0.0,0.0,0.0,0.0,,,,,,,,,,0,0,0,0,0,0,0,0,0,0,0,0,,,,2079,0.0,0.0,0.0
7002118927,109,0.0,0.0,0.0,6/30/2014,7/31/2014,8/31/2014,504.478,489.871,385.598,1235.04,1200.84,688.18,57.14,22.19,51.99,0.0,0.0,0.0,0.0,0.0,0.0,0.33,0.0,0.0,22.94,21.13,11.23,0.0,0.0,0.0,3.73,1.06,3.84,23.28,21.13,11.23,1234.71,1200.84,688.18,30.46,0.0,35.26,0.0,0.0,0.0,0.0,0.0,0.0,1265.18,1200.84,723.44,0.0,0.0,0.0,3.73,1.06,6.36,0.0,0.0,0.0,1292.19,1223.04,741.04,0.0,0.0,0.0,5.09,5.23,5.31,0.0,0.0,0.0,5.09,5.23,5.31,80.26,0.0,0.08,3.28,0.0,0.0,0.0,0.0,0.0,0.0,0.0,0.0,83.54,0.0,0.08,104.21,27.88,38.71,0.0,0.0,0.0,14.96,21.83,33.31,0.6,0.81,0.0,14,12,11,632,550,451,110,110,65,6/30/2014,7/30/2014,8/31/2014,50,50,50,,,,,,,,,,,,,,,,,,,0.0,0.0,0.0,0.0,0.0,0.0,,,,,,,,,,0,0,0,0,0,0,0,0,0,0,0,0,,,,1399,0.0,0.0,0.0
7002122503,109,0.0,0.0,0.0,6/30/2014,7/31/2014,8/31/2014,307.098,346.719,566.796,41.24,34.79,35.61,38.34,44.99,101.66,0.0,0.0,0.0,0.0,0.0,0.0,41.24,34.79,35.61,32.04,25.18,67.84,6.29,18.56,33.81,0.0,0.0,0.0,79.59,78.54,137.28,0.0,0.0,0.0,0.0,0.0,0.0,0.0,0.0,0.0,0.0,0.0,0.0,0.0,0.0,0.0,2.0,0.95,0.0,0.0,2.28,0.0,0.0,0.0,0.0,81.59,81.78,137.28,34.56,24.34,47.26,77.48,79.63,215.94,31.08,45.54,49.49,143.13,149.53,312.71,0.0,0.0,0.0,0.0,0.23,0.0,0.0,1.11,2.89,0.0,0.0,0.0,0.0,1.34,2.89,165.98,226.94,336.78,0.0,0.0,0.0,22.84,76.06,19.38,0.0,0.0,1.78,5,7,4,264,529,520,154,130,130,6/16/2014,7/31/2014,8/24/2014,110,130,130,6/8/2014,7/8/2014,,1.0,1.0,,154.0,49.0,,1.0,0.0,,0.0,1.0,,154.0,49.0,,48.51,31.3,0.0,0.0,0.0,0.0,0.0,41.82,,87.3,316.47,,0.0,0.0,,1,0,0,0,0,0,0,0,0,0,1,0,1.0,1.0,,1511,0.0,0.0,0.0
7001502473,109,0.0,0.0,0.0,6/30/2014,7/31/2014,8/31/2014,705.192,269.973,1.2,19.81,14.63,0.85,1327.16,567.21,0.79,0.0,0.0,0.0,0.0,0.0,0.0,19.81,14.63,0.0,60.71,62.59,0.0,0.0,0.0,0.0,0.0,6.18,0.71,80.53,77.23,0.0,0.0,0.0,0.85,1266.44,496.31,0.08,0.0,0.0,0.0,0.0,0.0,0.0,1266.44,496.31,0.93,0.0,0.0,0.0,0.0,8.29,0.71,0.0,0.0,0.0,1346.98,581.84,1.64,26.64,16.86,0.0,66.41,53.28,0.25,0.0,1.16,0.0,93.06,71.31,0.25,0.0,0.0,1.43,65.58,73.23,0.0,0.0,0.0,0.0,0.0,0.0,0.0,65.58,73.23,1.43,160.73,145.44,1.68,0.0,0.0,0.0,0.0,0.0,0.0,2.08,0.89,0.0,18,5,1,938,200,0,110,110,0,6/30/2014,7/30/2014,8/20/2014,110,0,0,6/13/2014,,,1.0,,,46.0,,,1.0,,,0.0,,,46.0,,,110.91,0.0,0.0,0.0,0.0,0.0,0.0,,,0.0,,,0.0,,,0,0,0,1,0,0,0,0,0,0,0,0,1.0,,,191,0.0,0.0,0.0
7000527928,109,0.0,0.0,0.0,6/30/2014,7/31/2014,8/31/2014,45.99,58.404,21.345,38.18,2.38,0.03,6.19,47.11,33.79,0.0,0.0,0.0,0.0,0.0,0.0,1.94,1.01,0.03,3.63,9.33,0.68,0.0,0.0,0.0,0.0,0.0,0.0,5.58,10.34,0.71,36.23,1.36,0.0,2.56,37.78,25.09,0.0,0.0,0.0,0.0,0.0,0.0,38.79,39.14,25.09,0.0,0.0,0.0,0.0,2.23,9.28,0.0,0.0,0.0,44.38,51.73,35.09,32.76,41.01,74.99,45.43,127.11,75.61,0.0,0.0,0.0,78.19,168.13,150.61,0.0,28.64,11.41,162.91,16.01,116.89,0.0,0.0,0.0,0.0,0.0,0.0,162.91,44.66,128.31,241.21,212.79,278.93,0.1,0.0,0.0,0.0,0.0,0.0,0.0,0.0,0.0,4,8,2,40,70,20,30,30,20,6/26/2014,7/31/2014,8/20/2014,10,10,20,,,,,,,,,,,,,,,,,,,0.0,0.0,0.0,0.0,0.0,0.0,,,,,,,,,,0,0,0,0,0,0,0,0,0,0,0,0,,,,744,0.0,0.0,0.0
7000313335,109,0.0,0.0,0.0,6/30/2014,7/31/2014,8/31/2014,46.75,77.36,265.513,0.0,8.43,48.46,25.38,42.89,270.09,6.81,9.59,0.0,25.38,9.53,0.0,0.0,5.84,27.01,0.0,9.93,124.29,0.0,0.0,0.0,0.0,0.0,0.0,0.0,15.78,151.31,0.0,0.0,21.44,0.0,26.01,140.76,0.0,0.0,0.0,0.0,0.0,0.0,0.0,26.01,162.21,0.0,0.0,0.0,0.0,0.0,5.03,0.0,0.0,0.0,0.0,41.8,318.56,0.0,6.3,54.58,0.0,31.78,143.48,0.0,0.0,0.0,0.0,38.08,198.06,0.0,0.0,1.11,0.0,4.63,1.73,0.0,0.0,0.0,0.0,0.0,0.0,0.0,4.63,2.84,0.0,42.71,200.91,0.0,0.0,0.0,0.0,0.0,0.0,0.0,0.0,0.0,2,2,10,0,50,324,0,50,128,6/21/2014,7/29/2014,8/31/2014,0,50,30,,,,,,,,,,,,,,,,,,,0.0,0.0,0.0,0.0,0.0,0.0,,,,,,,,,,0,0,0,0,0,0,0,0,0,0,0,0,,,,1418,0.0,0.0,0.0
7000093026,109,0.0,0.0,0.0,6/30/2014,7/31/2014,8/31/2014,1769.733,257.36,0.0,131.71,26.23,,1036.14,296.71,,54.76,0.0,,329.16,0.0,,0.0,4.03,,674.61,256.56,,30.19,34.19,,0.0,0.0,,704.81,294.79,,130.14,22.19,,3.73,1.26,,0.0,4.68,,0.0,0.0,,133.88,28.14,,0.0,0.0,,0.0,0.0,,0.0,0.0,,838.69,322.94,0.0,0.0,0.0,,303.21,197.63,,24.59,3.26,,327.81,200.89,,108.96,7.48,,42.09,0.58,,0.0,5.2,,0.0,0.0,,151.06,13.26,,478.88,214.29,0.0,0.0,0.0,,0.0,0.0,,0.0,0.13,,19,1,1,1887,200,0,200,200,0,6/27/2014,7/6/2014,8/25/2014,154,200,0,6/27/2014,,,1.0,,,154.0,,,1.0,,,0.0,,,154.0,,,7.27,0.0,0.0,228.15,0.0,0.0,151.82,,,44.05,,,0.0,,,1,0,0,0,0,0,0,0,0,0,0,0,1.0,,,200,0.0,377.48,81.63
7002339120,109,0.0,0.0,0.0,6/30/2014,7/31/2014,8/31/2014,393.831,373.741,380.331,52.11,18.78,73.33,769.91,771.06,691.16,0.0,0.0,0.0,0.0,0.0,0.0,35.69,18.78,36.61,8.06,18.41,20.36,0.0,0.25,0.0,0.0,0.0,0.0,43.76,37.44,56.98,16.41,0.0,36.71,761.84,752.39,670.79,0.0,0.0,0.0,0.0,0.0,0.0,778.26,752.39,707.51,0.0,0.0,0.0,0.0,0.0,0.0,0.0,0.0,0.0,822.03,789.84,764.49,17.93,24.23,30.21,22.13,15.01,20.56,0.21,0.0,0.65,40.28,39.24,51.43,0.0,0.0,0.0,0.13,0.59,0.01,0.0,0.0,0.0,0.0,0.0,0.0,0.13,0.59,0.01,40.41,39.84,51.44,0.0,0.0,0.0,0.0,0.0,0.0,0.0,0.0,0.0,6,8,10,494,366,426,128,110,130,6/29/2014,7/26/2014,8/30/2014,128,110,0,,,,,,,,,,,,,,,,,,,0.0,0.0,0.0,0.0,0.0,0.0,,,,,,,,,,0,0,0,0,0,0,0,0,0,0,0,0,,,,670,0.0,0.0,0.0
7001342880,109,0.0,0.0,0.0,6/30/2014,7/31/2014,8/31/2014,433.248,565.284,359.744,7.43,5.41,1.84,863.94,1031.76,765.49,0.0,0.0,0.0,0.0,0.0,0.0,7.43,5.29,1.84,98.11,113.88,66.74,0.75,1.23,0.0,0.0,0.0,0.0,106.29,120.41,68.59,0.0,0.0,0.0,764.14,916.76,698.74,0.0,0.0,0.0,0.0,0.0,0.0,764.14,916.76,698.74,0.93,0.41,0.0,0.0,0.0,0.0,0.0,0.0,0.0,871.38,1037.59,767.34,55.03,42.39,36.36,77.33,46.29,34.99,4.03,4.83,7.18,136.39,93.53,78.54,0.0,0.0,0.0,34.31,6.41,0.63,0.0,0.0,0.0,0.0,0.0,0.0,34.31,6.41,0.63,171.86,101.44,79.36,0.0,0.0,0.0,0.0,0.0,0.0,1.14,1.5,0.18,12,18,9,503,641,480,71,65,77,6/30/2014,7/30/2014,8/31/2014,65,65,77,,,,,,,,,,,,,,,,,,,0.0,0.0,0.0,0.0,0.0,0.0,,,,,,,,,,0,0,0,0,0,0,0,0,0,0,0,0,,,,2921,0.0,0.0,0.0
7001519881,109,0.0,0.0,0.0,6/30/2014,7/31/2014,8/31/2014,220.895,116.575,67.951,24.74,25.13,19.61,254.63,107.68,62.73,0.0,0.0,0.0,0.0,0.0,0.0,22.34,25.13,16.98,228.53,104.41,38.13,0.0,0.0,0.0,0.0,0.0,0.0,250.88,129.54,55.11,2.4,0.0,2.63,26.09,3.26,24.59,0.0,0.0,0.0,0.0,0.0,0.0,28.49,3.26,27.23,0.0,0.0,0.0,0.0,0.0,0.0,0.0,0.0,0.0,279.38,132.81,82.34,7.79,14.84,14.28,61.74,58.33,97.39,0.0,0.0,1.71,69.54,73.18,113.39,0.0,0.0,2.58,7.76,11.66,12.48,3.01,0.0,0.0,0.0,0.0,0.0,10.78,11.66,15.06,80.33,84.84,128.46,0.0,0.0,0.0,0.0,0.0,0.0,0.0,0.0,0.0,4,3,2,270,128,140,110,128,130,6/30/2014,7/20/2014,8/11/2014,50,0,130,,,,,,,,,,,,,,,,,,,0.0,0.0,0.0,0.0,0.0,0.0,,,,,,,,,,0,0,0,0,0,0,0,0,0,0,0,0,,,,1134,0.0,1.46,0.0
7001685812,109,0.0,0.0,0.0,6/30/2014,7/31/2014,8/31/2014,225.946,295.412,299.969,23.83,33.68,55.41,214.83,394.11,325.44,10.01,0.0,0.0,1.66,0.0,0.0,17.91,33.68,55.41,78.66,141.34,51.11,0.0,0.0,0.0,0.0,0.0,0.0,96.58,175.03,106.53,5.91,0.0,0.0,134.49,251.94,271.28,0.0,0.81,2.04,0.0,0.0,0.0,140.41,252.76,273.33,0.0,0.0,0.0,0.0,0.0,1.0,0.0,0.0,0.0,236.99,427.79,380.86,12.69,25.08,43.31,38.79,83.31,150.99,0.0,0.0,0.0,51.49,108.39,194.31,0.0,0.0,2.26,2.76,6.71,12.38,0.0,0.0,0.0,0.0,0.0,0.0,2.76,6.71,14.64,54.26,115.31,208.96,0.0,0.2,0.0,0.0,0.0,0.0,0.0,0.0,0.0,8,12,11,257,329,374,67,67,67,6/23/2014,7/31/2014,8/29/2014,50,0,67,,,,,,,,,,,,,,,,,,,0.0,0.0,0.0,0.0,0.0,0.0,,,,,,,,,,0,0,0,0,0,0,0,0,0,0,0,0,,,,2356,0.0,0.0,0.0
7000582358,109,0.0,0.0,0.0,6/30/2014,7/31/2014,8/31/2014,0.0,128.739,82.752,0.0,0.0,0.0,0.0,0.0,0.0,0.0,0.0,0.0,0.0,0.0,0.0,0.0,0.0,0.0,0.0,0.0,0.0,0.0,0.0,0.0,0.0,0.0,0.0,0.0,0.0,0.0,0.0,0.0,0.0,0.0,0.0,0.0,0.0,0.0,0.0,0.0,0.0,0.0,0.0,0.0,0.0,0.0,0.0,0.0,0.0,0.0,0.0,0.0,0.0,0.0,0.0,0.0,0.0,44.21,1.35,0.86,4.61,13.26,9.33,0.0,0.0,0.0,48.83,14.61,10.19,0.0,0.0,0.0,0.0,0.0,0.91,0.0,0.0,0.0,0.0,0.0,0.0,0.0,0.0,0.91,48.83,14.61,11.11,0.0,0.0,0.0,0.0,0.0,0.0,0.0,0.0,0.0,4,2,3,0,152,98,0,152,98,6/18/2014,7/22/2014,8/29/2014,0,0,98,6/18/2014,7/18/2014,8/29/2014,3.0,2.0,1.0,154.0,152.0,98.0,2.0,1.0,1.0,1.0,1.0,0.0,458.0,304.0,98.0,905.65,293.14,404.64,0.0,0.0,0.0,63.96,63.96,0.0,63.97,63.96,0.0,0.0,0.0,0.0,1,0,0,1,1,1,0,0,0,1,1,0,1.0,1.0,1.0,797,0.0,0.0,0.0
7001442410,109,0.0,0.0,0.0,6/30/2014,7/31/2014,8/31/2014,225.775,101.541,99.517,219.64,86.49,49.16,60.13,32.44,27.26,0.0,0.0,6.68,0.0,0.0,6.61,8.59,2.68,1.51,15.11,25.91,6.09,1.36,0.13,0.0,0.0,0.0,0.0,25.08,28.73,7.61,211.04,83.81,45.33,43.64,6.4,16.86,0.0,0.0,0.0,0.0,0.0,0.0,254.69,90.21,62.19,0.0,0.0,0.0,0.0,0.0,0.0,0.0,0.0,0.0,279.78,118.94,69.81,14.56,1.16,4.29,32.18,96.79,87.81,0.0,0.1,0.0,46.74,98.06,92.11,23.76,25.46,11.19,56.68,78.16,61.24,0.0,0.0,0.0,0.0,0.0,0.0,80.44,103.63,72.44,128.19,201.69,164.86,0.0,0.0,0.0,0.0,0.0,0.0,0.99,0.0,0.29,6,3,6,280,110,120,110,110,30,6/22/2014,7/17/2014,8/24/2014,110,0,30,,,,,,,,,,,,,,,,,,,0.0,0.0,0.0,0.0,0.0,0.0,,,,,,,,,,0,0,0,0,0,0,0,0,0,0,0,0,,,,881,0.0,0.0,0.0
7000350283,109,0.0,0.0,0.0,6/30/2014,7/31/2014,8/31/2014,219.873,268.57,307.857,40.01,24.76,46.18,200.31,230.44,362.14,0.0,0.0,0.0,0.0,0.0,0.0,38.71,17.03,30.99,191.11,209.54,343.89,8.46,11.68,16.46,0.51,0.0,0.0,238.29,238.26,391.36,1.29,7.73,15.18,0.21,0.18,1.78,0.0,9.03,0.0,0.0,0.0,0.0,1.51,16.94,16.96,0.0,0.0,0.0,2.34,1.19,2.61,1.78,0.0,0.0,243.94,256.41,410.94,22.41,14.54,21.69,229.73,124.98,246.59,3.68,3.61,73.08,255.83,143.14,341.38,38.79,55.28,37.18,58.19,33.63,34.61,0.0,0.0,0.0,0.0,0.0,0.0,96.99,88.91,71.79,352.83,232.06,413.18,0.0,0.0,0.0,0.0,0.0,0.0,0.0,0.0,0.0,9,11,10,240,363,423,50,50,130,6/29/2014,7/31/2014,8/30/2014,20,50,130,,,,,,,,,,,,,,,,,,,0.0,0.0,0.0,0.0,0.0,0.0,,,,,,,,,,0,0,0,0,0,0,0,0,0,0,0,0,,,,485,0.0,0.0,0.0
7001241902,109,0.0,0.0,0.0,6/30/2014,7/31/2014,8/31/2014,201.11,66.257,100.189,5.14,3.53,7.73,129.88,86.58,140.23,0.0,0.0,0.0,0.0,0.0,0.0,5.14,3.53,7.73,129.34,86.58,124.63,0.53,0.0,0.0,0.0,0.53,0.0,135.03,90.11,132.36,0.0,0.0,0.0,0.0,0.0,0.0,0.0,0.0,15.29,0.0,0.0,0.0,0.0,0.0,15.29,0.0,0.0,0.0,0.0,0.53,0.3,0.0,0.0,0.0,135.03,90.64,147.96,8.54,4.21,9.54,75.23,43.08,76.69,14.86,6.64,10.51,98.64,53.94,96.76,0.0,0.0,0.35,0.46,0.0,0.51,0.0,0.0,0.0,0.0,0.0,0.0,0.46,0.0,0.86,99.11,53.94,97.63,0.0,0.0,0.0,0.0,0.0,0.0,0.0,0.0,0.0,5,2,2,203,50,180,65,50,130,6/24/2014,7/10/2014,8/13/2014,50,0,130,,,,,,,,,,,,,,,,,,,0.0,0.0,0.0,0.0,0.0,0.0,,,,,,,,,,0,0,0,0,0,0,0,0,0,0,0,0,,,,2555,0.0,0.0,0.0
7001955239,109,0.0,0.0,0.0,6/30/2014,7/31/2014,8/31/2014,-46.045,443.114,47.75,18.54,49.03,21.09,26.44,204.69,22.43,0.46,121.64,0.0,0.0,85.99,0.0,4.36,12.53,0.63,14.99,31.96,9.36,0.0,15.91,2.78,0.0,0.0,0.0,19.36,60.41,12.78,14.18,23.41,20.46,11.41,25.21,2.03,0.0,52.36,8.25,0.0,0.0,0.0,25.59,100.99,30.74,0.0,1.23,0.0,0.03,5.08,0.0,0.0,0.0,0.0,44.99,167.73,43.53,0.0,15.68,0.0,0.61,18.21,16.23,1.31,4.48,11.29,1.93,38.38,27.53,4.74,36.59,0.0,2.81,19.89,0.0,5.43,0.0,0.0,0.0,0.0,0.0,12.99,56.49,0.0,14.93,102.83,27.53,0.0,0.0,0.0,0.0,7.95,0.0,0.0,0.0,0.0,4,3,1,238,250,0,128,250,0,6/26/2014,7/16/2014,8/5/2014,128,0,0,,,,,,,,,,,,,,,,,,,0.0,0.0,0.0,0.0,0.0,0.0,,,,,,,,,,0,0,0,0,0,0,0,0,0,0,0,0,,,,2478,0.0,0.0,0.0
7001315279,109,0.0,0.0,0.0,6/30/2014,7/31/2014,8/31/2014,139.48,44.006,6.606,60.36,29.54,1.88,12.99,15.33,0.0,44.39,0.0,0.0,20.83,0.0,0.0,7.56,4.98,0.81,12.63,0.53,0.0,0.0,0.0,0.0,0.0,0.0,0.0,20.19,5.51,0.81,32.33,24.56,1.06,0.0,14.79,0.0,0.0,0.0,0.0,0.0,0.0,0.0,32.33,39.36,1.06,0.0,0.0,0.0,0.0,0.0,1.45,0.0,0.0,0.0,52.53,44.88,3.33,8.11,2.91,1.69,15.98,6.61,3.23,1.4,0.0,0.0,25.49,9.53,4.93,96.43,72.34,84.83,12.71,13.11,20.74,0.0,0.0,0.0,0.0,0.0,0.0,109.14,85.46,105.58,135.01,95.11,113.28,0.0,0.0,0.0,0.0,0.0,0.0,0.36,0.11,2.76,5,2,1,160,50,30,50,50,30,6/20/2014,7/16/2014,8/30/2014,50,0,30,,,,,,,,,,,,,,,,,,,0.0,0.0,0.0,0.0,0.0,0.0,,,,,,,,,,0,0,0,0,0,0,0,0,0,0,0,0,,,,1425,0.0,0.0,0.0
7000207109,109,0.0,0.0,0.0,6/30/2014,7/31/2014,8/31/2014,63.503,0.0,188.538,0.0,0.0,,0.0,6.56,,0.0,0.0,,0.0,0.0,,0.0,0.0,,0.0,0.0,,0.0,0.0,,0.0,0.0,,0.0,0.0,,0.0,0.0,,0.0,0.0,,0.0,0.0,,0.0,0.0,,0.0,0.0,,0.0,0.0,,0.0,6.56,,0.0,0.0,,0.0,6.56,0.0,0.0,0.0,,0.0,0.0,,0.0,0.61,,0.0,0.61,,0.0,0.0,,0.0,0.0,,0.35,0.0,,0.0,0.0,,0.35,0.0,,0.35,0.61,0.0,0.0,0.0,,0.0,0.0,,0.0,0.0,,7,3,6,75,0,223,25,0,198,6/18/2014,7/31/2014,8/26/2014,0,0,198,6/16/2014,,8/26/2014,4.0,,2.0,25.0,,198.0,4.0,,2.0,0.0,,0.0,100.0,,223.0,171.94,0.0,390.69,447.35,0.0,42.5,0.0,,0.0,0.0,,0.0,0.0,,0.0,0,0,1,4,0,1,0,0,0,0,0,0,1.0,,1.0,920,44.29,351.13,37.09
7002323275,109,0.0,0.0,0.0,6/30/2014,7/31/2014,8/31/2014,70.543,41.676,28.616,0.13,0.0,0.0,85.68,52.36,37.13,0.0,0.0,0.0,0.0,0.0,0.0,0.13,0.0,0.0,81.84,45.21,23.33,0.0,0.0,0.0,2.65,7.14,13.24,81.98,45.21,23.33,0.0,0.0,0.0,1.18,0.0,0.55,0.0,0.0,0.0,0.0,0.0,0.0,1.18,0.0,0.55,0.0,0.0,0.0,3.35,7.84,21.46,0.0,0.0,0.0,86.51,53.06,45.34,0.0,0.0,9.83,198.13,225.21,257.54,0.0,1.2,5.98,198.13,226.41,273.36,0.0,0.0,0.0,0.0,0.0,9.81,0.0,0.0,0.0,0.0,0.0,0.0,0.0,0.0,9.81,199.58,226.76,283.61,0.31,0.34,0.43,0.0,0.0,0.0,1.13,0.0,0.0,3,3,3,88,44,30,44,44,30,6/22/2014,7/22/2014,8/25/2014,44,44,0,,,,,,,,,,,,,,,,,,,0.0,0.0,0.0,0.0,0.0,0.0,,,,,,,,,,0,0,0,0,0,0,0,0,0,0,0,0,,,,2342,0.0,0.0,0.0
7002326910,109,0.0,0.0,0.0,6/30/2014,7/31/2014,8/31/2014,79.5,75.402,332.191,22.01,44.71,511.86,18.81,12.49,101.91,9.51,7.38,17.44,40.83,57.21,36.18,0.0,0.0,109.43,0.0,0.0,48.51,0.0,0.0,0.0,0.0,0.0,0.0,0.0,0.0,157.94,0.0,0.0,381.43,0.0,0.0,38.21,0.0,0.0,0.0,0.0,0.0,0.0,0.0,0.0,419.64,0.0,0.0,0.0,0.0,0.0,0.0,0.0,0.0,0.0,0.0,0.0,577.59,0.0,0.0,14.94,0.0,0.0,36.94,0.0,0.0,4.73,0.0,0.0,56.63,0.0,0.0,0.7,0.0,0.0,7.83,0.0,0.0,0.0,0.0,0.0,0.0,0.0,0.0,8.53,0.0,0.0,65.16,0.0,0.0,0.0,0.0,0.0,0.0,0.0,0.0,0.0,3,9,6,0,180,349,0,110,169,6/27/2014,7/27/2014,8/25/2014,0,70,169,,,,,,,,,,,,,,,,,,,0.0,0.0,0.0,0.0,0.0,0.0,,,,,,,,,,0,0,0,0,0,0,0,0,0,0,0,0,,,,2042,1.52,0.87,0.16
7001562525,109,0.0,0.0,0.0,6/30/2014,7/31/2014,8/31/2014,335.844,304.765,248.736,112.54,112.06,161.81,158.86,114.36,137.33,0.0,0.0,0.0,0.0,0.0,0.0,112.54,112.06,161.53,158.86,114.36,134.38,0.0,0.0,2.94,0.0,0.0,0.0,271.41,226.43,298.86,0.0,0.0,0.28,0.0,0.0,0.0,0.0,0.0,0.0,0.0,0.0,0.0,0.0,0.0,0.28,0.0,0.0,0.0,0.0,0.0,0.0,0.0,0.0,0.0,271.41,226.43,299.14,24.04,87.41,86.84,65.34,73.29,107.69,5.88,0.64,0.21,95.28,161.36,194.76,0.0,2.08,0.0,0.0,0.0,0.0,0.0,0.0,0.0,0.0,0.0,0.0,0.0,2.08,0.0,95.28,163.44,194.76,0.0,0.0,0.0,0.0,0.0,0.0,0.0,0.0,0.0,7,9,8,387,405,213,154,152,130,6/27/2014,7/25/2014,8/30/2014,0,0,0,6/25/2014,7/23/2014,,1.0,2.0,,154.0,152.0,,1.0,1.0,,0.0,1.0,,154.0,304.0,,47.51,313.94,0.0,0.0,0.0,0.0,0.0,63.96,,0.0,64.76,,0.0,0.0,,1,0,0,0,1,0,0,0,0,0,1,0,1.0,1.0,,3296,0.0,0.0,0.0
7000386041,109,0.0,0.0,0.0,6/30/2014,7/31/2014,8/31/2014,235.896,194.922,61.827,39.44,5.31,18.43,202.83,186.36,38.43,22.6,0.0,0.0,0.0,0.0,0.0,37.94,5.31,18.43,181.33,186.36,38.43,0.0,0.0,0.0,0.0,0.0,0.0,219.28,191.68,56.86,1.5,0.0,0.0,20.65,0.0,0.0,0.85,0.0,0.0,0.0,0.0,0.0,23.0,0.0,0.0,0.0,0.0,0.0,0.0,0.0,0.0,0.0,0.0,0.0,242.28,191.68,56.86,75.54,34.21,30.73,488.71,357.91,271.21,1.78,0.0,3.08,566.04,392.13,305.03,28.26,57.58,0.0,30.44,30.29,16.23,1.56,0.0,0.0,0.0,0.0,0.0,60.28,87.88,16.23,627.23,480.01,321.33,0.0,0.0,0.0,0.0,0.0,0.0,0.9,0.0,0.06,3,5,2,100,200,100,50,50,50,6/30/2014,7/19/2014,8/30/2014,50,50,50,,,,,,,,,,,,,,,,,,,0.0,0.0,0.0,0.0,0.0,0.0,,,,,,,,,,0,0,0,0,0,0,0,0,0,0,0,0,,,,555,0.0,0.0,0.0
7002232534,109,0.0,0.0,0.0,6/30/2014,7/31/2014,8/31/2014,151.064,98.999,0.32,0.0,0.0,0.0,53.39,72.73,0.0,0.0,0.0,0.0,0.0,0.0,0.0,0.0,0.0,0.0,53.39,72.48,0.0,0.0,0.0,0.0,0.0,0.0,0.0,53.39,72.48,0.0,0.0,0.0,0.0,0.0,0.0,0.0,0.0,0.0,0.0,0.0,0.0,0.0,0.0,0.0,0.0,0.0,0.0,0.0,0.0,0.74,0.0,0.0,0.0,0.0,53.39,73.23,0.0,1.19,6.11,0.0,272.83,160.71,0.83,0.0,0.0,0.0,274.03,166.83,0.83,0.0,0.0,0.0,0.0,0.0,0.0,0.0,0.0,0.0,0.0,0.0,0.0,0.0,0.0,0.0,274.03,166.83,0.83,0.0,0.0,0.0,0.0,0.0,0.0,0.0,0.0,0.0,2,2,1,100,115,0,50,65,0,6/15/2014,7/15/2014,8/22/2014,50,65,0,,,,,,,,,,,,,,,,,,,0.0,0.0,0.0,0.0,0.0,0.0,,,,,,,,,,0,0,0,0,0,0,0,0,0,0,0,0,,,,590,0.0,0.0,0.0
7002220287,109,0.0,0.0,0.0,6/30/2014,7/31/2014,8/31/2014,174.294,113.261,143.396,24.98,7.41,23.89,206.49,123.19,157.39,0.0,0.0,0.0,0.0,0.0,0.0,24.98,7.41,23.89,203.43,123.19,140.73,3.06,0.0,0.0,0.0,0.0,0.0,231.48,130.61,164.63,0.0,0.0,0.0,0.0,0.0,0.0,0.0,0.0,2.05,0.0,0.0,0.0,0.0,0.0,2.05,0.0,0.0,0.0,0.0,0.0,14.61,0.0,0.0,0.0,231.48,130.61,181.29,22.58,52.08,27.51,360.24,259.78,259.14,0.0,8.13,0.58,382.83,319.99,287.24,0.0,0.0,0.0,0.0,0.0,0.0,0.0,1.68,0.0,0.0,0.0,0.0,0.0,1.68,0.0,382.83,321.68,287.24,0.0,0.0,0.0,0.0,0.0,0.0,0.0,0.0,0.0,2,2,1,220,110,144,110,110,144,6/6/2014,7/16/2014,8/15/2014,110,0,144,,,,,,,,,,,,,,,,,,,0.0,0.0,0.0,0.0,0.0,0.0,,,,,,,,,,0,0,0,0,0,0,0,0,0,0,0,0,,,,2599,0.0,0.0,0.0
7002142814,109,0.0,0.0,0.0,6/30/2014,,,292.805,0.0,0.0,4.56,,,288.46,,,0.0,,,0.0,,,2.49,,,285.11,,,0.0,,,0.0,,,287.61,,,2.06,,,3.34,,,0.0,,,0.0,,,5.41,,,0.0,,,2.81,,,1.86,,,297.71,0.0,0.0,8.99,,,495.03,,,1.86,,,505.89,,,3.44,,,0.7,,,0.0,,,0.0,,,4.14,,,517.04,0.0,0.0,0.28,,,0.0,,,6.71,,,16,0,0,334,0,0,50,0,0,6/23/2014,,,30,0,0,,,,,,,,,,,,,,,,,,,0.0,0.0,0.0,0.0,0.0,0.0,,,,,,,,,,0,0,0,0,0,0,0,0,0,0,0,0,,,,1199,0.0,0.0,0.0
7001728150,109,0.0,0.0,0.0,6/30/2014,7/31/2014,8/31/2014,93.606,61.074,148.013,32.99,1.74,22.38,75.56,86.66,126.41,0.0,0.0,0.0,0.0,0.0,0.0,32.99,1.74,22.38,40.26,37.06,70.51,3.76,1.15,7.06,0.0,0.0,0.0,77.03,39.96,99.96,0.0,0.0,0.0,31.53,48.44,48.83,0.0,0.0,0.0,0.0,0.0,0.0,31.53,48.44,48.83,0.0,0.0,0.0,0.0,0.0,0.0,0.0,0.0,0.0,108.56,88.41,148.79,117.18,85.39,168.64,36.21,13.78,54.49,7.23,15.79,9.94,160.63,114.98,233.09,0.0,0.0,0.0,15.99,15.84,9.71,0.0,0.0,0.0,0.0,0.0,0.0,15.99,15.84,9.71,176.66,130.83,242.81,0.0,0.0,0.0,0.03,0.0,0.0,0.0,0.0,0.0,4,3,2,90,128,140,90,128,140,6/14/2014,7/20/2014,8/8/2014,0,0,140,,,,,,,,,,,,,,,,,,,0.0,0.0,0.0,0.0,0.0,0.0,,,,,,,,,,0,0,0,0,0,0,0,0,0,0,0,0,,,,1989,0.0,0.0,0.0
7002256862,109,0.0,0.0,0.0,6/30/2014,7/31/2014,8/31/2014,223.342,364.454,591.294,64.01,262.81,294.83,213.59,158.48,353.86,0.0,0.0,0.0,0.0,0.0,0.0,64.01,262.81,294.83,213.59,156.08,178.81,0.0,2.4,12.44,0.0,0.0,0.0,277.61,421.29,486.09,0.0,0.0,0.0,0.0,0.0,162.59,0.0,0.0,0.0,0.0,0.0,0.0,0.0,0.0,162.59,0.0,0.0,0.0,0.0,0.0,0.0,0.0,0.0,0.0,277.61,421.29,648.69,15.51,38.69,25.61,42.59,83.63,82.86,0.0,0.86,5.51,58.11,123.19,113.99,0.0,0.0,0.0,0.0,1.0,9.13,0.0,0.58,0.0,0.0,0.0,0.0,0.0,1.58,9.13,58.11,124.78,123.13,0.0,0.0,0.0,0.0,0.0,0.0,0.0,0.0,0.0,4,5,5,248,360,650,128,120,130,6/25/2014,7/26/2014,8/27/2014,128,120,130,,,,,,,,,,,,,,,,,,,0.0,0.0,0.0,0.0,0.0,0.0,,,,,,,,,,0,0,0,0,0,0,0,0,0,0,0,0,,,,489,0.0,0.0,0.0
7002302030,109,0.0,0.0,0.0,6/30/2014,7/31/2014,8/31/2014,123.151,125.707,132.274,,0.51,0.0,,0.0,0.48,,0.0,0.0,,0.0,0.0,,0.51,0.0,,0.0,0.48,,0.0,0.0,,0.0,0.0,,0.51,0.48,,0.0,0.0,,0.0,0.0,,0.0,0.0,,0.0,0.0,,0.0,0.0,,0.0,0.0,,0.0,0.0,,0.66,0.0,0.0,1.18,0.48,,0.0,0.0,,0.0,0.0,,0.0,0.0,,0.0,0.0,,0.0,0.0,,0.36,0.0,,0.0,0.0,,0.0,0.0,,0.36,0.0,0.0,0.36,0.06,,0.0,0.06,,0.0,0.0,,0.0,0.0,2,3,4,145,152,155,145,145,145,6/19/2014,7/15/2014,8/26/2014,0,0,0,6/8/2014,7/11/2014,8/9/2014,1.0,1.0,1.0,145.0,145.0,145.0,0.0,0.0,0.0,1.0,1.0,1.0,145.0,145.0,145.0,56.11,78.08,80.69,486.08,324.15,374.0,122.07,122.07,129.62,122.43,122.81,122.07,0.0,0.0,0.0,0,0,0,0,0,0,1,1,1,0,0,0,1.0,1.0,1.0,295,0.0,0.0,0.0
7000443104,109,0.0,0.0,0.0,6/30/2014,7/31/2014,8/31/2014,613.102,595.079,612.145,355.94,241.88,196.49,771.54,849.24,1013.58,0.0,0.0,0.0,0.0,0.0,0.0,3.3,0.0,0.0,17.68,14.36,32.54,0.0,0.0,0.0,1.4,5.59,3.08,20.98,14.36,32.54,352.64,241.88,196.49,752.14,822.96,974.93,0.0,0.0,0.0,0.0,0.0,0.0,1104.79,1064.84,1171.43,0.0,0.0,0.0,3.71,25.96,15.03,3.74,0.0,0.0,1133.24,1105.18,1219.01,1.18,1.83,0.0,67.89,79.26,61.84,0.98,0.83,0.51,70.06,81.93,62.36,0.2,4.4,3.94,29.34,22.99,8.41,0.0,0.0,0.0,0.0,0.0,0.0,29.54,27.39,12.36,99.61,109.33,74.84,0.0,0.0,0.11,0.0,0.0,0.0,0.0,0.0,0.0,30,25,27,706,676,710,50,50,130,6/30/2014,7/31/2014,8/31/2014,30,50,30,,,,,,,,,,,,,,,,,,,0.0,0.0,0.0,0.0,0.0,0.0,,,,,,,,,,0,0,0,0,0,0,0,0,0,0,0,0,,,,260,0.0,0.0,0.0
7000730708,109,0.0,0.0,0.0,6/30/2014,7/31/2014,8/31/2014,159.11,191.91,16.56,88.18,73.08,9.39,60.14,107.51,7.86,0.0,0.0,0.0,0.0,0.0,0.0,88.18,73.08,9.39,58.03,104.14,7.86,0.0,0.0,0.0,0.0,0.0,0.0,146.21,177.23,17.26,0.0,0.0,0.0,2.11,0.0,0.0,0.0,0.0,0.0,0.0,0.0,0.0,2.11,0.0,0.0,0.0,0.0,0.0,0.0,5.01,0.0,1.3,0.0,0.0,149.63,182.24,17.26,30.09,52.21,0.0,72.19,147.98,95.63,0.0,1.53,0.0,102.29,201.73,95.63,0.0,0.0,0.0,18.98,6.63,10.96,0.0,0.0,0.0,0.0,0.0,0.0,18.98,6.63,10.96,121.38,208.41,106.76,0.1,0.05,0.0,0.0,0.0,0.0,0.0,0.0,0.16,11,13,0,180,235,0,50,50,0,6/28/2014,7/28/2014,,20,50,0,,,,,,,,,,,,,,,,,,,0.0,0.0,0.0,0.0,0.0,0.0,,,,,,,,,,0,0,0,0,0,0,0,0,0,0,0,0,,,,489,0.0,0.0,0.0
7000555207,109,0.0,0.0,0.0,6/30/2014,7/31/2014,8/31/2014,405.316,370.782,287.483,378.13,512.58,327.81,18.08,18.04,106.79,0.0,0.0,0.0,0.0,0.0,0.0,378.13,512.58,327.81,18.08,18.04,84.64,0.0,0.0,0.0,0.0,0.0,7.46,396.21,530.63,412.46,0.0,0.0,0.0,0.0,0.0,0.0,0.0,0.0,0.0,0.0,0.0,0.0,0.0,0.0,0.0,0.0,0.0,0.0,0.0,0.0,23.28,0.0,0.0,0.0,396.21,530.63,435.74,73.71,47.63,139.06,30.68,100.03,69.56,4.98,3.41,3.04,109.38,151.08,211.68,0.0,2.13,0.0,14.26,0.0,0.0,0.0,0.0,0.0,0.0,0.0,0.0,14.26,2.13,0.0,124.16,153.21,211.68,0.51,0.0,0.0,0.0,0.0,0.0,0.0,0.0,0.0,5,7,7,473,473,423,110,110,130,6/26/2014,7/31/2014,8/27/2014,110,0,130,,,,,,,,,,,,,,,,,,,0.0,0.0,0.0,0.0,0.0,0.0,,,,,,,,,,0,0,0,0,0,0,0,0,0,0,0,0,,,,487,0.0,0.0,0.0
7001027758,109,0.0,0.0,0.0,6/30/2014,7/31/2014,8/31/2014,147.097,747.308,1132.52,11.96,39.16,70.68,118.31,188.24,309.29,1.83,0.0,0.0,0.0,0.0,0.0,11.54,30.21,45.86,37.29,47.16,93.48,0.0,1.71,6.49,0.0,0.0,0.48,48.84,79.09,145.84,0.0,0.0,23.21,81.01,139.36,184.16,0.41,8.94,3.7,0.0,0.0,0.0,81.43,148.31,211.08,0.0,0.0,0.0,0.0,0.0,23.04,0.0,0.0,0.0,130.28,227.41,379.98,12.33,20.98,24.43,30.94,19.76,127.08,0.0,0.0,7.61,43.28,40.74,159.13,0.0,0.0,51.84,74.89,78.18,406.54,0.0,5.98,18.25,0.0,0.0,0.0,74.89,84.16,476.64,118.18,131.11,637.71,0.0,0.33,0.0,0.0,5.86,1.93,0.0,0.0,0.0,5,5,5,200,726,1344,200,252,655,6/26/2014,7/31/2014,8/26/2014,200,252,229,,7/31/2014,8/17/2014,,2.0,1.0,,252.0,655.0,,1.0,0.0,,1.0,1.0,,406.0,655.0,0.0,5.24,8.7,0.0,519.02,5293.3,,270.94,624.3,,212.17,559.22,,0.0,0.0,0,1,0,0,0,0,0,1,1,0,0,0,,1.0,1.0,355,884.01,116.76,16.72
7000361820,109,0.0,0.0,0.0,6/30/2014,7/31/2014,8/31/2014,0.0,40.995,168.693,,0.91,11.26,,29.89,113.39,,0.0,0.0,,0.0,0.0,,0.91,10.54,,0.64,5.16,,0.0,0.0,,0.0,2.91,,1.56,15.71,,0.0,0.71,,29.24,108.23,,0.0,0.0,,0.0,0.0,,29.24,108.94,,0.0,0.0,,0.55,4.71,,0.0,0.0,0.0,31.36,129.38,,0.73,12.61,,4.3,6.69,,0.0,1.28,,5.03,20.59,,0.0,0.0,,34.99,33.01,,0.0,0.0,,0.0,0.0,,34.99,33.01,0.0,40.03,53.61,,0.0,0.0,,0.0,0.0,,0.0,0.0,0,5,12,0,40,190,0,10,30,,7/27/2014,8/31/2014,0,0,10,,,,,,,,,,,,,,,,,,,0.0,0.0,0.0,0.0,0.0,0.0,,,,,,,,,,0,0,0,0,0,0,0,0,0,0,0,0,,,,252,0.0,0.0,0.0
7000148294,109,0.0,0.0,0.0,6/30/2014,7/31/2014,8/31/2014,2096.26,1460.008,1708.066,1045.38,1226.34,1117.61,2350.43,1800.78,1780.71,189.09,0.0,0.0,1394.39,0.0,0.0,44.74,155.29,181.86,75.03,92.76,262.79,0.0,0.0,0.0,4.58,2.93,2.2,119.78,248.06,444.66,689.46,1071.04,935.74,1186.09,1697.04,1497.69,0.0,3.01,18.01,0.0,0.0,0.0,1875.56,2771.11,2451.46,0.0,0.0,0.0,6.06,7.94,2.2,0.0,0.0,0.0,2001.41,3027.13,2898.33,46.89,182.86,121.14,59.61,87.36,162.56,0.0,2.98,0.83,106.51,273.21,284.54,18.11,29.48,78.53,57.99,35.24,75.64,0.53,4.51,0.39,0.0,0.0,0.0,76.64,69.24,154.58,183.16,342.46,439.13,0.0,0.0,0.0,0.0,0.0,0.0,0.0,0.0,0.0,23,16,20,2548,1626,1980,250,200,252,6/30/2014,7/30/2014,8/31/2014,110,130,30,,,8/17/2014,,,1.0,,,252.0,,,0.0,,,1.0,,,252.0,0.0,0.0,38.52,0.0,0.0,1057.35,,,212.17,,,212.17,,,0.0,0,0,0,0,0,0,0,0,1,0,0,0,,,1.0,1526,740.13,0.0,284.43
7001383156,109,0.0,0.0,0.0,6/30/2014,7/31/2014,8/31/2014,51.491,128.855,0.0,22.08,17.08,0.0,30.94,102.81,0.0,0.0,0.0,0.0,0.0,0.0,0.0,22.08,17.08,0.0,29.48,102.81,0.0,0.0,0.0,0.0,0.0,0.0,0.0,51.56,119.89,0.0,0.0,0.0,0.0,0.0,0.0,0.0,0.0,0.0,0.0,0.0,0.0,0.0,0.0,0.0,0.0,0.0,0.0,0.0,2.04,0.0,0.0,0.0,0.0,0.0,53.61,119.89,0.0,58.48,88.74,20.44,92.98,169.83,62.08,1.36,26.96,3.76,152.83,285.54,86.29,0.0,16.63,0.0,0.0,0.73,2.9,0.96,0.0,0.0,0.0,0.0,0.0,0.96,17.36,2.9,157.38,312.11,89.19,0.0,0.0,0.0,3.58,9.2,0.0,0.0,0.0,0.0,3,6,1,60,150,0,60,50,0,6/13/2014,7/19/2014,8/9/2014,0,0,0,,,,,,,,,,,,,,,,,,,0.0,0.0,0.0,0.0,0.0,0.0,,,,,,,,,,0,0,0,0,0,0,0,0,0,0,0,0,,,,2144,0.0,0.0,0.0
7000516551,109,0.0,0.0,0.0,6/30/2014,7/31/2014,8/31/2014,43.315,71.049,42.969,44.79,21.43,10.44,33.91,21.78,10.21,0.0,0.0,0.0,0.0,0.0,0.0,17.08,4.43,2.63,17.88,6.86,7.53,0.0,0.0,0.0,2.26,2.06,0.0,34.96,11.29,10.16,27.71,16.99,7.81,9.5,10.86,2.68,0.0,0.0,0.0,0.0,0.0,0.0,37.21,27.86,10.49,0.0,0.0,0.0,6.53,4.04,0.0,0.0,0.0,0.0,78.71,43.21,20.66,154.34,230.69,1084.83,69.66,84.01,40.09,23.99,12.43,0.75,248.01,327.14,1125.68,7.61,1.83,6.09,6.89,9.13,18.78,180.43,929.81,284.38,0.0,0.0,0.0,194.94,940.78,309.26,442.96,1267.93,1434.94,0.0,0.0,0.0,0.0,0.0,0.0,0.0,0.0,0.0,2,5,4,44,84,50,44,27,30,6/29/2014,7/26/2014,8/24/2014,0,10,0,,,,,,,,,,,,,,,,,,,0.0,0.0,0.0,0.0,0.0,0.0,,,,,,,,,,0,0,0,0,0,0,0,0,0,0,0,0,,,,730,0.0,0.0,0.0
7000578327,109,0.0,0.0,0.0,6/30/2014,7/31/2014,8/31/2014,80.335,236.055,185.09,7.46,6.73,4.48,77.08,223.04,128.93,0.0,9.56,4.04,0.0,0.38,0.0,7.46,6.73,4.48,33.99,67.79,52.74,0.0,1.06,0.0,0.0,0.0,0.0,41.46,75.59,57.23,0.0,0.0,0.0,43.08,153.79,76.18,0.0,0.0,0.0,0.0,0.0,0.0,43.08,153.79,76.18,0.0,0.0,0.0,0.0,0.0,0.0,0.0,0.0,0.0,84.54,229.39,133.41,11.51,12.48,10.36,56.06,116.64,68.61,0.21,0.0,0.31,67.79,129.13,79.29,3.04,0.0,0.0,1.58,3.18,0.09,0.0,0.0,0.0,0.0,0.0,0.0,4.63,3.18,0.09,72.43,132.56,79.53,0.0,0.0,0.0,0.0,0.0,0.0,0.0,0.25,0.13,5,9,13,96,263,213,36,67,33,6/26/2014,7/21/2014,8/29/2014,30,67,0,,,,,,,,,,,,,,,,,,,0.0,0.0,0.0,0.0,0.0,0.0,,,,,,,,,,0,0,0,0,0,0,0,0,0,0,0,0,,,,584,0.0,0.0,0.0
7002323580,109,0.0,0.0,0.0,6/30/2014,7/31/2014,8/31/2014,590.141,521.016,400.059,205.28,413.08,200.31,593.04,233.23,135.46,0.0,14.88,1.08,0.0,34.74,11.81,40.59,58.26,6.11,238.31,91.73,53.73,0.53,0.0,1.26,0.09,0.0,2.14,279.44,149.99,61.11,164.68,341.23,182.43,321.76,119.44,77.44,0.0,0.0,0.0,0.0,0.0,0.0,486.44,460.68,259.88,0.0,0.0,0.0,101.49,79.19,9.18,8.23,0.0,0.0,875.63,689.88,330.18,24.23,9.56,18.06,101.11,50.16,37.86,1.69,0.0,0.0,127.04,59.73,55.93,28.36,69.49,19.36,23.18,5.61,3.98,0.0,0.0,0.0,0.0,0.0,0.0,51.54,75.11,23.34,179.63,134.84,79.28,0.54,0.0,0.0,0.0,0.0,0.0,0.48,0.0,0.0,24,27,22,699,580,481,67,50,50,6/30/2014,7/28/2014,8/30/2014,30,50,30,6/24/2014,7/5/2014,8/26/2014,1.0,1.0,6.0,23.0,23.0,46.0,1.0,1.0,5.0,0.0,0.0,1.0,23.0,23.0,199.0,0.0,0.0,347.41,0.0,0.0,0.0,0.0,0.0,40.31,0.0,0.0,73.66,0.0,0.0,0.0,0,0,0,1,1,5,0,0,0,0,0,1,0.0,0.0,1.0,531,0.0,0.0,0.0
7000851119,109,0.0,0.0,0.0,6/30/2014,7/31/2014,8/31/2014,39.07,311.016,282.856,3.36,14.68,42.24,22.06,209.63,165.21,0.0,0.0,0.0,0.0,0.0,0.0,3.36,14.68,42.24,22.06,209.46,161.36,0.0,0.16,3.84,0.0,0.0,0.0,25.43,224.31,207.46,0.0,0.0,0.0,0.0,0.0,0.0,0.0,0.0,0.0,0.0,0.0,0.0,0.0,0.0,0.0,0.0,0.0,0.0,0.0,5.48,1.23,0.0,0.0,0.0,25.43,229.79,208.69,27.74,76.34,22.91,22.71,624.78,677.16,0.0,0.18,1.2,50.46,701.31,701.28,0.0,0.0,0.0,0.0,0.0,0.0,0.0,0.0,0.0,0.0,0.0,0.0,0.0,0.0,0.0,50.46,701.56,701.28,0.0,0.05,0.0,0.0,0.0,0.0,0.0,0.2,0.0,5,18,12,60,340,328,30,55,50,6/27/2014,7/31/2014,8/29/2014,0,55,24,,,8/28/2014,,,1.0,,,23.0,,,0.0,,,1.0,,,23.0,0.0,0.0,0.65,0.0,0.0,1.1,,,19.67,,,19.63,,,0.0,0,0,0,0,0,0,0,0,0,0,0,1,,,0.0,1164,0.0,0.0,0.0
7001587707,109,0.0,0.0,0.0,6/30/2014,7/31/2014,8/31/2014,105.98,242.78,189.731,20.39,105.96,123.49,43.98,193.86,140.23,15.78,0.0,0.0,27.41,0.0,0.0,0.0,13.83,7.81,21.89,58.34,49.94,0.0,0.43,0.85,0.0,0.0,0.0,21.89,72.61,58.61,3.2,92.13,115.68,11.86,135.08,89.43,0.0,0.0,0.0,0.0,0.0,0.0,15.06,227.21,205.11,0.0,0.0,0.0,0.0,0.0,0.0,0.0,0.0,0.0,36.96,299.83,263.73,0.98,25.64,2.21,15.64,107.48,71.01,0.0,0.0,0.0,16.63,133.13,73.23,5.76,0.76,0.0,0.0,25.04,21.11,0.0,0.0,0.0,0.0,0.0,0.0,5.76,25.81,21.11,22.39,158.94,94.84,0.0,0.0,0.5,0.0,0.0,0.0,0.0,0.0,0.0,4,5,8,200,217,217,100,67,67,6/30/2014,7/27/2014,8/27/2014,50,50,50,,,,,,,,,,,,,,,,,,,0.0,0.0,0.0,0.0,0.0,0.0,,,,,,,,,,0,0,0,0,0,0,0,0,0,0,0,0,,,,480,0.0,0.0,0.0
7001918169,109,0.0,0.0,0.0,6/30/2014,7/31/2014,8/31/2014,242.284,307.844,203.858,57.83,50.61,13.26,217.08,262.99,190.66,0.0,0.0,0.0,0.0,0.0,0.0,57.83,50.61,13.26,150.09,208.36,150.54,0.0,0.0,0.0,0.0,0.0,0.0,207.93,258.98,163.81,0.0,0.0,0.0,66.54,47.51,37.48,0.43,7.11,2.63,0.0,0.0,0.0,66.98,54.63,40.11,0.0,0.0,0.0,0.0,0.0,0.0,0.0,0.0,0.0,274.91,313.61,203.93,0.61,6.71,1.95,53.71,58.34,41.79,0.0,0.0,0.0,54.33,65.06,43.74,0.0,0.0,0.0,2.43,8.26,2.74,3.68,28.49,72.2,0.0,0.0,0.0,6.11,36.76,74.94,60.54,101.83,118.78,0.0,0.0,0.0,0.0,0.0,0.08,0.1,0.0,0.0,8,9,6,340,300,250,90,50,50,6/30/2014,7/28/2014,8/26/2014,50,50,50,,,,,,,,,,,,,,,,,,,0.0,0.0,0.0,0.0,0.0,0.0,,,,,,,,,,0,0,0,0,0,0,0,0,0,0,0,0,,,,245,0.0,0.0,0.0
7000818045,109,0.0,0.0,0.0,6/30/2014,7/31/2014,8/31/2014,184.457,270.905,142.438,66.68,111.43,49.78,94.99,118.38,75.24,0.0,2.25,289.29,0.0,0.0,20.11,66.68,110.03,33.61,52.41,58.81,53.11,2.46,0.0,0.13,0.0,0.0,3.4,121.56,168.84,86.86,0.0,1.4,0.0,26.98,53.89,13.56,12.91,3.25,1.08,0.0,0.0,0.0,39.89,58.54,14.65,0.0,0.0,0.0,0.21,2.41,4.2,0.0,0.0,0.0,161.68,229.81,105.71,208.49,397.48,297.98,144.16,260.13,122.56,132.33,94.71,64.36,484.99,752.33,484.91,0.0,0.0,237.08,62.71,53.84,56.09,0.68,0.0,0.0,0.0,0.0,0.0,63.39,53.84,293.18,548.39,806.18,778.09,0.0,0.0,0.0,0.0,0.0,0.0,0.0,0.0,0.0,12,16,10,210,300,160,30,30,30,6/29/2014,7/30/2014,8/31/2014,10,20,10,,,,,,,,,,,,,,,,,,,0.0,0.0,0.0,0.0,0.0,0.0,,,,,,,,,,0,0,0,0,0,0,0,0,0,0,0,0,,,,976,0.0,0.0,0.0
7001132404,109,0.0,0.0,0.0,6/30/2014,7/31/2014,8/31/2014,701.72,637.39,715.37,159.93,129.21,106.73,695.84,540.53,509.19,0.0,0.0,0.0,0.0,0.0,0.0,159.93,128.39,106.73,638.16,466.03,451.88,57.26,73.81,53.11,0.0,0.0,0.0,855.36,668.24,611.73,0.0,0.81,0.0,0.41,0.58,4.19,0.0,0.0,0.0,0.0,0.0,0.0,0.41,1.39,4.19,0.0,0.0,0.0,0.76,2.94,0.53,0.0,0.0,0.0,856.54,672.59,616.46,85.21,52.41,74.68,525.31,639.29,538.33,117.88,102.14,96.43,728.41,793.86,709.44,0.0,0.0,0.0,0.0,0.0,9.69,3.3,0.0,0.0,0.0,0.0,0.0,3.3,0.0,9.69,731.99,794.59,721.24,0.0,0.0,0.0,0.0,0.0,0.0,0.28,0.73,2.09,9,8,6,860,770,802,120,130,154,6/28/2014,7/30/2014,8/24/2014,120,130,154,,,8/24/2014,,,1.0,,,154.0,,,1.0,,,0.0,,,154.0,0.0,0.0,104.46,0.0,0.0,1.49,,,1.76,,,0.0,,,0.0,0,0,1,0,0,0,0,0,0,0,0,0,,,1.0,2629,1.55,0.0,0.0
7000058586,109,0.0,0.0,0.0,6/30/2014,7/31/2014,8/31/2014,461.432,420.637,262.755,34.58,4.63,0.81,309.98,307.03,4.56,171.59,0.0,155.31,0.0,0.0,2.43,2.16,0.0,0.81,5.75,10.64,0.98,0.0,0.0,0.0,0.0,0.0,0.0,7.91,10.64,1.79,32.41,4.63,0.0,304.23,290.58,1.15,0.0,0.0,0.0,0.0,0.0,0.0,336.64,295.21,1.15,0.0,0.0,0.0,0.0,5.8,1.23,0.0,0.0,0.0,344.56,311.66,4.18,0.0,0.0,0.0,187.71,156.31,18.71,17.79,60.38,1.41,205.51,216.69,20.13,0.45,0.0,0.0,69.39,77.66,7.58,0.0,0.0,0.0,0.0,0.0,0.0,69.84,77.66,7.58,275.36,294.36,27.81,0.0,0.0,0.0,0.0,0.0,0.0,0.0,0.0,0.1,7,6,8,588,556,305,252,120,98,6/27/2014,7/22/2014,8/8/2014,0,120,98,6/27/2014,7/12/2014,,3.0,2.0,,252.0,98.0,,2.0,2.0,,1.0,0.0,,406.0,196.0,,118.34,31.35,0.0,2045.4,1199.23,0.0,250.01,57.3,,212.17,0.0,,0.0,0.0,,0,0,0,2,2,0,1,0,0,0,0,0,1.0,1.0,,232,34.61,377.0,1826.9
7002278088,109,0.0,0.0,0.0,6/30/2014,7/31/2014,8/31/2014,158.276,67.0,37.223,4.33,2.43,0.0,150.28,65.08,30.26,0.0,0.0,0.0,0.0,0.0,0.0,4.33,2.43,0.0,131.36,63.73,30.26,6.18,0.0,0.0,2.15,0.0,0.0,141.88,66.16,30.26,0.0,0.0,0.0,10.09,1.35,0.0,0.0,0.0,0.0,0.0,0.0,0.0,10.09,1.35,0.0,0.0,0.0,0.0,2.63,0.0,0.0,0.0,0.0,0.0,154.61,67.51,30.26,53.98,1.76,0.0,107.96,54.78,126.31,0.0,0.0,0.0,161.94,56.54,126.31,0.0,0.0,0.0,5.68,1.0,0.0,0.0,0.0,0.13,0.0,0.0,0.0,5.68,1.0,0.13,167.63,57.54,126.66,0.0,0.0,0.0,0.0,0.0,0.0,0.0,0.0,0.21,6,3,1,271,0,50,110,0,50,6/20/2014,7/18/2014,8/9/2014,110,0,50,6/17/2014,,,1.0,,,41.0,,,0.0,,,1.0,,,41.0,,,0.0,0.0,0.0,0.0,0.0,0.0,0.0,,,0.0,,,0.0,,,0,0,0,0,0,0,0,0,0,1,0,0,0.0,,,1679,0.0,0.0,0.0
7001413154,109,0.0,0.0,0.0,6/30/2014,7/31/2014,8/31/2014,375.085,300.003,443.358,26.59,47.99,18.51,382.18,288.23,483.16,0.0,0.0,0.0,0.0,0.0,0.0,26.59,47.99,18.51,381.78,287.04,476.54,0.0,0.0,0.13,0.0,0.0,5.13,408.38,335.04,495.19,0.0,0.0,0.0,0.4,1.18,1.06,0.0,0.0,0.0,0.0,0.0,0.0,0.4,1.18,1.06,0.0,0.0,0.28,0.0,0.0,5.13,0.0,0.0,0.0,408.78,336.23,501.68,15.09,10.74,22.11,129.93,144.58,285.16,1.36,5.53,5.96,146.39,160.86,313.24,0.0,0.0,0.0,0.86,0.0,0.38,0.0,1.21,0.0,0.0,0.0,0.0,0.86,1.21,0.38,147.83,164.51,314.66,0.2,0.0,0.0,0.0,0.0,0.1,0.36,2.43,0.93,7,4,5,370,330,648,110,110,130,6/21/2014,7/21/2014,8/31/2014,110,110,130,,,,,,,,,,,,,,,,,,,0.0,0.0,0.0,0.0,0.0,0.0,,,,,,,,,,0,0,0,0,0,0,0,0,0,0,0,0,,,,2968,0.0,0.0,0.0
7001563066,109,0.0,0.0,0.0,6/30/2014,7/31/2014,8/31/2014,389.124,467.019,835.989,119.24,69.79,449.74,552.34,646.08,753.14,0.0,0.0,6.35,0.0,0.0,25.08,22.88,13.66,37.08,319.53,381.56,414.38,0.0,0.0,0.0,0.0,0.0,3.35,342.41,395.23,451.46,96.36,56.13,402.18,226.69,260.74,313.44,6.11,3.76,0.26,0.0,0.0,0.0,329.18,320.64,715.89,0.0,0.0,0.0,0.0,0.0,10.45,0.0,0.0,0.0,671.59,715.88,1177.81,41.44,15.26,9.04,188.48,190.99,204.78,4.63,10.59,10.56,234.56,216.86,224.39,167.53,97.78,160.19,134.56,32.86,24.26,0.0,0.0,0.0,0.0,0.0,0.0,302.09,130.64,184.46,536.66,347.51,408.86,0.0,0.0,0.0,0.0,0.0,0.0,0.0,0.0,0.0,15,20,15,477,417,1017,110,67,252,6/30/2014,7/29/2014,8/28/2014,110,30,130,6/29/2014,7/27/2014,8/10/2014,2.0,4.0,2.0,23.0,23.0,252.0,2.0,4.0,1.0,0.0,0.0,1.0,46.0,92.0,275.0,0.0,0.0,34.27,0.0,0.0,304.41,0.0,0.0,212.17,0.0,0.0,212.17,0.0,0.0,0.0,0,0,0,2,4,1,0,0,1,0,0,0,0.0,0.0,1.0,3099,203.34,0.0,0.0
7001999127,109,0.0,0.0,0.0,6/30/2014,7/31/2014,8/31/2014,1.73,402.589,477.549,8.1,220.96,302.96,22.26,625.61,790.06,0.0,0.0,0.0,0.0,0.0,0.0,0.0,0.66,8.98,4.98,54.59,64.28,2.11,0.5,0.0,0.0,0.0,7.13,7.09,55.76,73.26,8.1,220.29,293.98,15.16,570.51,709.38,0.0,0.0,0.0,0.0,0.0,0.0,23.26,790.81,1003.36,0.0,0.0,0.0,1.08,1.48,20.34,0.0,0.0,0.0,31.44,848.06,1096.98,0.0,1.36,5.28,1.36,26.53,17.28,0.0,0.0,2.51,1.36,27.89,25.08,0.0,0.5,3.66,0.0,0.43,11.16,0.0,0.0,0.0,0.0,0.0,0.0,0.0,0.93,14.83,3.03,28.83,57.36,0.0,0.0,0.06,0.0,0.0,15.81,1.66,0.0,1.56,3,16,11,0,476,548,0,110,144,6/25/2014,7/30/2014,8/29/2014,0,44,42,,,8/8/2014,,,1.0,,,17.0,,,1.0,,,0.0,,,17.0,0.0,0.0,0.13,0.0,0.0,0.0,,,0.0,,,1.6,,,0.0,0,0,0,0,0,1,0,0,0,0,0,0,,,0.0,1159,0.0,0.0,0.0
7002268990,109,0.0,0.0,0.0,6/30/2014,7/31/2014,8/31/2014,59.065,170.818,108.916,4.94,33.06,31.66,40.31,95.21,56.76,0.0,0.0,0.0,0.0,0.0,0.0,4.94,32.24,31.66,40.31,93.79,48.19,0.0,0.0,0.0,0.0,1.41,0.0,45.26,126.04,79.86,0.0,0.81,0.0,0.0,0.0,1.58,0.0,0.0,0.0,0.0,0.0,0.0,0.0,0.81,1.58,0.0,0.0,0.0,0.0,1.41,7.63,0.0,0.0,0.0,45.26,128.28,89.08,10.76,12.14,51.68,19.46,41.66,23.93,0.0,0.0,0.0,30.23,53.81,75.61,0.0,0.0,0.0,0.0,0.0,0.0,0.0,0.0,0.0,0.0,0.0,0.0,0.0,0.0,0.0,30.23,53.81,75.61,0.0,0.0,0.0,0.0,0.0,0.0,0.0,0.0,0.0,5,11,5,70,220,100,30,30,30,6/25/2014,7/31/2014,8/27/2014,30,30,30,,,,,,,,,,,,,,,,,,,0.0,0.0,0.0,0.0,0.0,0.0,,,,,,,,,,0,0,0,0,0,0,0,0,0,0,0,0,,,,495,0.0,0.0,0.0
7002097660,109,0.0,0.0,0.0,6/30/2014,7/31/2014,8/31/2014,0.0,172.401,130.436,0.0,0.0,0.0,0.0,0.0,3.18,0.0,0.0,0.0,0.0,0.0,0.0,0.0,0.0,0.0,0.0,0.0,0.0,0.0,0.0,0.0,0.0,0.0,0.0,0.0,0.0,0.0,0.0,0.0,0.0,0.0,0.0,0.0,0.0,0.0,0.0,0.0,0.0,0.0,0.0,0.0,0.0,0.0,0.0,0.0,0.0,0.0,3.18,0.0,0.0,0.0,0.0,0.0,3.18,11.39,10.39,9.19,176.53,27.81,145.71,8.14,3.26,9.54,196.08,41.48,164.46,0.0,0.0,0.0,0.0,0.0,0.0,0.0,0.11,0.0,0.0,0.0,0.0,0.0,0.11,0.0,197.59,41.59,164.46,0.0,0.0,0.0,1.51,0.0,0.0,0.0,0.0,0.0,2,3,1,0,200,154,0,154,154,6/8/2014,7/16/2014,8/11/2014,0,0,154,,7/9/2014,8/11/2014,,2.0,1.0,,154.0,154.0,,2.0,1.0,,0.0,0.0,,200.0,154.0,0.0,54.68,57.49,0.0,965.37,733.42,,0.02,-1.47,,0.0,0.0,,0.0,0.0,0,1,1,0,1,0,0,0,0,0,0,0,,1.0,1.0,1028,673.07,785.77,812.93
7002248959,109,0.0,0.0,0.0,6/30/2014,7/31/2014,8/31/2014,155.901,151.432,152.452,73.48,61.49,80.14,103.76,129.61,113.73,0.0,0.0,0.0,0.0,0.0,0.0,72.48,61.49,80.14,100.48,118.23,113.13,2.61,1.68,0.59,0.0,0.0,0.0,175.58,181.41,193.88,1.0,0.0,0.0,0.66,9.7,0.0,0.0,0.0,0.0,0.0,0.0,0.0,1.66,9.7,0.0,0.0,0.0,0.0,0.0,0.0,0.71,0.0,0.0,0.0,177.24,191.11,194.59,56.88,41.98,69.08,220.38,234.51,275.99,15.53,18.53,25.28,292.79,295.03,370.36,0.0,0.0,0.0,0.36,0.0,0.0,0.0,0.3,0.0,0.0,0.0,0.0,0.36,0.3,0.0,293.16,295.33,370.36,0.0,0.0,0.0,0.0,0.0,0.0,0.0,0.0,0.0,1,4,2,110,220,260,110,110,130,6/12/2014,7/25/2014,8/29/2014,110,0,130,,,,,,,,,,,,,,,,,,,0.0,0.0,0.0,0.0,0.0,0.0,,,,,,,,,,0,0,0,0,0,0,0,0,0,0,0,0,,,,2543,0.0,0.0,0.0
7000211031,109,0.0,0.0,0.0,6/30/2014,7/31/2014,8/31/2014,4.6,31.401,149.135,1.01,24.73,66.84,0.08,7.66,25.93,0.0,0.0,20.38,0.0,0.0,19.64,0.0,0.0,37.84,0.08,7.66,19.53,0.0,0.0,0.0,0.0,0.0,0.7,0.08,7.66,57.38,1.01,24.73,11.53,0.0,0.0,3.51,0.0,0.0,0.0,0.0,0.0,0.0,1.01,24.73,15.04,0.0,0.0,0.0,0.0,0.0,2.3,0.0,0.0,0.0,1.09,32.39,74.73,0.0,28.43,28.31,3.13,35.19,43.38,0.0,0.0,0.0,3.13,63.63,71.69,0.0,6.23,27.13,0.0,0.0,3.5,0.0,0.0,0.0,0.0,0.0,0.0,0.0,6.23,30.63,3.13,69.86,102.58,0.0,0.0,0.0,0.0,0.0,0.0,0.0,0.0,0.25,1,2,7,0,100,110,0,100,50,6/21/2014,7/29/2014,8/25/2014,0,100,0,,,,,,,,,,,,,,,,,,,0.0,0.0,0.0,0.0,0.0,0.0,,,,,,,,,,0,0,0,0,0,0,0,0,0,0,0,0,,,,376,0.0,0.0,0.0
7001154410,109,0.0,0.0,0.0,6/30/2014,7/31/2014,8/31/2014,39.11,191.309,153.231,0.0,3.94,26.96,0.08,95.21,115.63,0.0,0.0,0.0,0.0,0.0,0.0,0.0,3.94,26.96,0.08,95.21,115.63,0.0,0.0,0.0,0.0,0.0,0.0,0.08,99.16,142.59,0.0,0.0,0.0,0.0,0.0,0.0,0.0,0.0,0.0,0.0,0.0,0.0,0.0,0.0,0.0,0.0,0.0,0.0,0.0,0.0,0.0,0.0,0.0,0.0,0.08,99.16,142.59,8.14,1.08,4.93,103.76,101.59,54.91,0.0,0.36,7.46,111.91,103.04,67.31,0.0,0.0,0.0,0.0,0.0,0.0,0.0,0.0,0.0,0.0,0.0,0.0,0.0,0.0,0.0,111.91,103.23,67.31,0.0,0.0,0.0,0.0,0.0,0.0,0.0,0.18,0.0,3,10,9,10,206,175,10,37,45,6/17/2014,7/30/2014,8/14/2014,0,15,45,,,,,,,,,,,,,,,,,,,0.0,0.0,0.0,0.0,0.0,0.0,,,,,,,,,,0,0,0,0,0,0,0,0,0,0,0,0,,,,1007,0.0,0.0,0.0
7000971884,109,0.0,0.0,0.0,6/30/2014,7/31/2014,8/31/2014,230.787,227.062,123.392,398.61,56.16,25.56,105.41,213.18,135.84,0.0,0.0,0.0,0.0,0.0,0.0,398.61,56.16,25.56,102.78,209.46,135.84,1.53,0.0,0.0,1.1,3.71,0.0,502.93,265.63,161.41,0.0,0.0,0.0,0.0,0.0,0.0,0.0,0.0,0.0,0.0,0.0,0.0,0.0,0.0,0.0,0.0,0.0,0.0,1.1,3.71,0.0,0.0,0.0,0.0,504.03,269.34,161.41,87.26,44.54,7.53,53.78,57.56,28.99,2.95,16.48,2.06,143.99,118.59,38.59,0.0,0.0,0.05,0.0,0.0,0.0,0.0,0.0,0.0,0.0,0.0,0.0,0.0,0.0,0.05,144.58,119.03,38.64,0.0,0.0,0.0,0.0,0.0,0.0,0.58,0.43,0.0,7,3,2,360,220,260,110,110,130,6/26/2014,7/25/2014,8/31/2014,110,0,130,,,,,,,,,,,,,,,,,,,0.0,0.0,0.0,0.0,0.0,0.0,,,,,,,,,,0,0,0,0,0,0,0,0,0,0,0,0,,,,3052,0.0,0.0,0.0
7000748993,109,0.0,0.0,0.0,6/30/2014,7/31/2014,8/31/2014,176.331,209.142,223.865,13.81,55.79,95.11,39.74,46.81,65.29,0.0,0.0,0.0,0.0,0.0,0.0,13.81,55.79,95.11,39.74,44.04,63.21,0.0,1.05,0.0,0.0,0.0,0.0,53.56,100.89,158.33,0.0,0.0,0.0,0.0,0.0,2.08,0.0,1.71,0.0,0.0,0.0,0.0,0.0,1.71,2.08,0.0,0.0,0.0,0.0,0.0,0.0,0.0,0.0,0.0,53.56,102.61,160.41,19.38,122.03,164.96,12.91,27.88,43.69,9.89,35.44,32.54,42.19,185.36,241.21,0.0,0.0,0.0,0.0,0.0,2.06,0.55,0.96,0.0,0.0,0.0,0.0,0.55,0.96,2.06,52.74,187.28,245.46,0.0,0.0,0.0,0.0,0.0,0.0,9.99,0.94,2.18,0,4,2,0,250,339,0,250,339,,7/25/2014,8/4/2014,0,0,0,,,,,,,,,,,,,,,,,,,0.0,0.0,0.0,0.0,0.0,0.0,,,,,,,,,,0,0,0,0,0,0,0,0,0,0,0,0,,,,1785,0.0,4.67,0.0
7001556530,109,0.0,0.0,0.0,6/30/2014,7/31/2014,8/31/2014,208.348,214.236,330.91,45.79,40.39,91.29,19.04,11.59,57.39,0.0,0.0,0.0,0.0,0.0,0.0,45.79,40.39,91.29,19.04,11.38,57.09,0.0,0.21,0.3,0.0,0.0,0.0,64.84,51.99,148.69,0.0,0.0,0.0,0.0,0.0,0.0,0.0,0.0,0.0,0.0,0.0,0.0,0.0,0.0,0.0,0.0,0.0,0.0,0.0,0.0,0.0,0.0,0.0,0.0,64.84,51.99,148.69,18.01,73.14,64.78,26.61,45.59,57.83,4.79,3.89,6.91,49.43,122.64,129.53,0.0,0.0,0.0,0.0,0.0,0.0,0.0,0.0,0.53,0.0,0.0,0.0,0.0,0.0,0.53,50.23,128.18,131.66,0.05,0.0,0.0,0.0,0.0,0.0,0.75,5.53,1.59,7,9,13,244,294,322,154,154,154,6/27/2014,7/28/2014,8/24/2014,10,10,10,6/18/2014,7/16/2014,8/13/2014,1.0,1.0,1.0,154.0,154.0,154.0,1.0,1.0,1.0,0.0,0.0,0.0,154.0,154.0,154.0,294.11,137.75,37.84,83.56,204.68,202.22,0.0,0.0,0.0,0.0,0.0,0.0,0.0,0.0,0.0,1,1,1,0,0,0,0,0,0,0,0,0,1.0,1.0,1.0,3177,0.0,0.0,0.0
7001895376,109,0.0,0.0,0.0,6/30/2014,7/31/2014,8/31/2014,293.652,227.171,302.073,14.03,23.39,19.24,297.76,193.24,275.16,0.0,0.0,0.0,0.0,0.0,0.0,14.03,20.28,19.24,27.19,39.33,30.74,0.46,0.0,0.0,0.0,0.0,0.0,41.69,59.61,49.99,0.0,3.11,0.0,270.09,153.91,244.41,0.0,0.0,0.0,0.0,0.0,0.0,270.09,157.03,244.41,0.0,0.0,0.0,0.0,0.0,0.0,0.0,0.0,0.0,311.79,216.64,294.41,19.14,29.93,14.69,39.94,45.08,38.99,0.0,0.0,16.19,59.09,75.01,69.89,0.0,0.0,0.0,7.13,5.21,12.44,0.0,0.0,0.0,0.0,0.0,0.0,7.13,5.21,12.44,66.23,80.23,82.34,0.0,0.0,0.0,0.0,0.0,0.0,0.0,0.0,0.0,8,8,6,320,300,315,90,50,65,6/28/2014,7/31/2014,8/21/2014,50,50,65,,,,,,,,,,,,,,,,,,,0.0,0.0,0.0,0.0,0.0,0.0,,,,,,,,,,0,0,0,0,0,0,0,0,0,0,0,0,,,,2905,0.0,0.0,0.0
7001379606,109,0.0,0.0,0.0,6/30/2014,7/31/2014,8/31/2014,202.448,60.822,154.015,3.48,0.0,0.36,13.23,13.18,95.51,0.0,0.0,0.0,0.0,0.0,0.0,3.48,0.0,0.36,13.23,9.09,94.99,0.0,4.08,0.51,0.0,0.0,0.0,16.71,13.18,95.88,0.0,0.0,0.0,0.0,0.0,0.0,0.0,0.0,0.0,0.0,0.0,0.0,0.0,0.0,0.0,0.0,0.0,0.0,0.0,0.0,0.0,0.0,0.0,0.0,16.71,13.18,95.88,1.69,0.0,3.26,114.84,184.41,96.16,0.6,1.13,2.99,117.14,185.54,102.43,0.0,0.0,0.0,0.0,0.0,0.0,0.0,6.9,5.91,0.0,0.0,0.0,0.0,6.9,5.91,117.23,192.44,108.58,0.0,0.0,0.0,0.0,0.0,0.0,0.08,0.0,0.23,8,5,6,225,70,200,110,25,150,6/14/2014,7/28/2014,8/29/2014,110,25,50,6/13/2014,7/28/2014,8/2/2014,3.0,3.0,1.0,25.0,98.0,98.0,3.0,3.0,1.0,0.0,0.0,0.0,75.0,148.0,98.0,604.98,689.91,205.78,0.0,11.77,83.11,0.0,0.0,0.0,113.42,1.62,52.5,0.0,0.0,0.0,0,0,0,3,3,1,0,0,0,0,0,0,1.0,1.0,1.0,3651,144.93,26.95,0.0
7002187340,109,0.0,0.0,0.0,6/30/2014,7/31/2014,8/31/2014,0.0,0.0,302.778,0.0,0.0,12.84,0.0,0.0,364.41,2.99,4.98,0.0,0.0,0.0,1.01,0.0,0.0,1.63,0.0,0.0,62.63,0.0,0.0,0.0,0.0,0.0,0.0,0.0,0.0,64.26,0.0,0.0,11.21,0.0,0.0,300.76,0.0,0.0,0.0,0.0,0.0,0.0,0.0,0.0,311.98,0.0,0.0,0.0,0.0,0.0,0.0,0.0,0.0,0.0,0.0,0.0,376.24,0.0,0.0,1.78,0.0,0.0,47.11,0.0,0.0,0.0,0.0,0.0,48.89,0.0,0.0,0.0,0.0,0.0,5.79,0.0,0.0,0.0,0.0,0.0,0.0,0.0,0.0,5.79,0.0,0.0,54.69,0.0,0.0,0.0,0.0,0.0,0.0,0.0,0.0,0.0,3,4,16,0,0,357,0,0,67,6/24/2014,7/30/2014,8/30/2014,0,0,20,,,,,,,,,,,,,,,,,,,0.0,0.0,0.0,0.0,0.0,0.0,,,,,,,,,,0,0,0,0,0,0,0,0,0,0,0,0,,,,315,0.0,0.0,0.0
7001319342,109,0.0,0.0,0.0,6/30/2014,7/31/2014,8/31/2014,245.084,312.613,419.284,3.74,7.46,3.28,205.08,246.84,410.21,0.0,0.0,0.0,0.0,0.0,0.0,3.74,7.46,3.28,204.63,231.08,408.63,0.0,3.58,1.08,0.0,0.0,0.0,208.38,242.13,412.99,0.0,0.0,0.0,0.44,12.18,0.0,0.0,0.0,0.0,0.0,0.0,0.0,0.44,12.18,0.0,0.0,0.0,0.0,0.0,0.0,0.5,0.0,0.0,0.0,208.83,254.31,413.49,18.43,11.84,13.89,82.48,188.99,156.84,1.83,0.58,12.66,102.74,201.43,183.41,0.0,2.24,0.0,1.35,8.14,6.41,0.0,0.0,0.0,0.0,0.0,0.0,1.35,10.39,6.41,104.41,213.71,191.94,0.26,0.0,0.0,0.0,0.0,0.0,0.05,1.88,2.11,6,10,5,270,290,570,120,50,130,6/23/2014,7/29/2014,8/25/2014,120,30,130,,,,,,,,,,,,,,,,,,,0.0,0.0,0.0,0.0,0.0,0.0,,,,,,,,,,0,0,0,0,0,0,0,0,0,0,0,0,,,,467,0.0,0.0,0.0
7002310057,109,0.0,0.0,0.0,6/30/2014,7/31/2014,8/31/2014,462.206,534.114,216.12,34.46,85.51,33.64,808.68,863.89,305.71,0.0,0.0,0.0,0.0,0.0,0.0,5.63,32.89,20.31,227.68,259.21,72.64,1.38,0.0,0.0,0.0,0.0,0.0,234.69,292.11,92.96,28.83,52.61,13.33,579.61,604.68,233.06,0.0,0.0,0.0,0.0,0.0,0.0,608.44,657.29,246.39,0.0,0.0,0.0,0.0,0.0,0.0,0.0,0.0,0.0,843.14,949.41,339.36,7.49,19.99,29.03,232.11,220.79,237.09,5.81,3.65,1.96,245.43,244.44,268.09,1.66,0.51,0.0,3.11,3.58,2.73,0.0,0.0,0.0,0.0,0.0,0.0,4.78,4.09,2.73,250.21,248.54,271.04,0.0,0.0,0.0,0.0,0.0,0.0,0.0,0.0,0.21,8,7,4,595,575,347,128,128,150,6/26/2014,7/27/2014,8/29/2014,128,50,130,,,8/11/2014,,,1.0,,,23.0,,,1.0,,,0.0,,,23.0,0.0,0.0,0.01,0.0,0.0,0.0,,,0.0,,,0.2,,,0.0,0,0,0,0,0,1,0,0,0,0,0,0,,,0.0,826,0.0,0.0,0.0
7000451396,109,0.0,0.0,0.0,6/30/2014,7/31/2014,8/31/2014,653.75,447.513,557.618,1031.98,1039.44,1169.44,204.58,81.18,236.91,0.0,0.0,0.0,0.0,0.0,0.0,1031.98,1039.44,1169.44,158.19,77.81,194.23,8.46,1.4,19.33,28.98,0.0,0.08,1198.64,1118.66,1383.01,0.0,0.0,0.0,8.93,1.96,23.26,0.0,0.0,0.0,0.0,0.0,0.0,8.93,1.96,23.26,0.0,0.0,0.0,28.98,0.0,0.08,0.0,0.0,0.0,1236.56,1120.63,1406.36,34.59,12.59,84.43,154.91,104.61,135.94,35.53,55.31,22.96,225.04,172.53,243.34,5.04,0.0,0.0,6.73,0.94,2.26,0.34,9.26,37.46,0.0,0.0,0.0,12.13,10.21,39.73,238.24,183.08,284.73,0.18,0.0,0.0,0.88,0.0,0.0,0.0,0.33,1.64,8,10,7,522,496,701,252,150,229,6/27/2014,7/24/2014,8/28/2014,0,0,229,6/27/2014,7/20/2014,8/15/2014,2.0,2.0,1.0,252.0,179.0,252.0,0.0,0.0,0.0,2.0,2.0,1.0,504.0,358.0,252.0,18.44,3.83,84.27,2159.99,1876.9,1338.12,460.15,320.52,229.49,424.34,301.34,221.97,0.0,0.0,0.0,0,0,0,0,0,0,2,2,1,0,0,0,1.0,1.0,1.0,410,975.67,174.84,841.44
7000168941,109,0.0,0.0,0.0,6/30/2014,7/31/2014,8/31/2014,604.36,526.947,485.624,87.79,122.66,36.43,947.13,745.51,551.29,54.46,39.54,7.23,74.91,88.18,22.89,67.79,106.48,31.09,64.16,153.53,176.58,5.71,5.71,0.0,0.0,0.0,0.0,137.68,265.73,207.68,19.69,11.39,5.33,791.18,502.86,351.81,11.44,0.0,0.0,0.0,0.0,0.0,822.33,514.26,357.14,0.0,0.0,0.0,0.8,3.91,1.63,1.26,0.0,0.0,962.08,783.91,566.46,132.88,65.58,5.31,76.74,120.24,198.99,0.83,0.0,0.28,210.46,185.83,204.59,1.96,9.61,2.23,100.44,52.13,8.51,0.0,0.0,0.0,0.0,0.0,0.0,102.41,61.74,10.74,312.88,247.58,215.34,0.0,0.0,0.0,0.0,0.0,0.0,0.0,0.0,0.0,8,8,7,659,745,590,120,128,130,6/24/2014,7/26/2014,8/28/2014,0,128,130,,,,,,,,,,,,,,,,,,,0.0,0.0,0.0,0.0,0.0,0.0,,,,,,,,,,0,0,0,0,0,0,0,0,0,0,0,0,,,,657,0.0,0.0,0.0
7002029770,109,0.0,0.0,0.0,6/30/2014,7/31/2014,,495.507,116.74,0.0,458.18,139.53,,58.33,9.43,,0.0,0.0,,0.0,0.0,,12.96,10.18,,24.29,6.28,,0.0,0.0,,0.0,0.0,,37.26,16.46,,445.21,129.34,,20.18,1.3,,0.0,0.0,,0.0,0.0,,465.39,130.64,,0.0,0.0,,14.74,6.09,,0.9,0.0,,518.31,153.21,0.0,21.44,11.89,,17.16,6.18,,2.85,0.0,,41.46,18.08,,126.54,38.03,,4.6,3.1,,0.0,0.0,,0.0,0.0,,131.14,41.13,,175.16,59.21,0.0,0.0,0.0,,0.91,0.0,,1.63,0.0,,34,9,0,566,130,0,50,30,0,6/30/2014,7/10/2014,,10,20,0,6/27/2014,,,8.0,,,25.0,,,8.0,,,0.0,,,200.0,,,311.61,0.0,0.0,0.0,0.0,0.0,0.0,,,15.6,,,0.0,,,0,0,0,8,0,0,0,0,0,0,0,0,1.0,,,2014,0.0,0.0,0.0
7000060753,109,0.0,0.0,0.0,6/30/2014,7/31/2014,8/31/2014,282.398,131.215,124.586,296.26,116.76,48.39,141.83,109.58,102.81,0.0,0.0,0.0,0.0,0.0,0.0,1.41,0.61,0.0,17.96,2.68,15.34,0.0,0.0,0.0,0.0,0.0,0.0,19.38,3.29,15.34,294.84,116.14,48.39,123.86,106.89,87.46,0.0,0.0,0.0,0.0,0.0,0.0,418.71,223.04,135.86,0.0,0.0,0.0,0.0,0.0,0.0,0.0,0.0,0.0,438.09,226.34,151.21,6.43,1.6,0.0,67.81,9.86,37.23,0.0,0.0,0.0,74.24,11.46,37.23,174.66,37.96,0.0,50.84,27.16,0.13,0.0,0.0,0.0,0.0,0.0,0.0,225.51,65.13,0.13,300.01,76.59,37.46,0.25,0.0,0.0,0.0,0.0,0.0,0.0,0.0,0.09,12,5,7,326,150,156,50,50,36,6/29/2014,7/18/2014,8/31/2014,10,20,20,,,,,,,,,,,,,,,,,,,0.0,0.0,0.0,0.0,0.0,0.0,,,,,,,,,,0,0,0,0,0,0,0,0,0,0,0,0,,,,211,0.0,0.0,0.0
7000568485,109,0.0,0.0,0.0,6/30/2014,7/31/2014,8/31/2014,1192.9,1092.545,1104.458,542.56,1259.64,853.06,1403.51,352.36,159.53,0.0,0.0,0.0,0.0,0.0,0.0,542.56,1259.64,853.06,1383.53,332.99,159.19,7.96,0.0,0.3,0.0,0.0,0.03,1934.06,1592.64,1012.56,0.0,0.0,0.0,12.01,1.95,0.0,0.0,0.0,0.0,0.0,0.0,0.0,12.01,1.95,0.0,0.0,0.0,0.0,0.0,17.41,0.03,0.0,0.0,0.0,1946.08,1612.01,1012.59,66.79,60.29,82.03,549.58,149.41,188.28,37.56,7.34,8.29,653.94,217.06,278.61,0.0,0.0,0.0,0.0,1.33,0.71,0.0,0.0,0.0,0.0,0.0,0.0,0.0,1.33,0.71,653.94,219.33,279.94,0.0,0.0,0.0,0.0,0.0,0.0,0.0,0.93,0.61,37,46,49,1313,1253,1291,110,50,145,6/30/2014,7/31/2014,8/30/2014,30,30,50,,,8/17/2014,,,12.0,,,145.0,,,10.0,,,2.0,,,493.0,0.0,0.0,14.6,0.0,0.0,1611.1,,,166.91,,,153.62,,,0.0,0,0,0,0,0,10,0,0,1,0,0,1,,,1.0,187,88.05,0.0,0.0
7001865324,109,0.0,0.0,0.0,6/30/2014,7/31/2014,8/31/2014,171.442,85.231,98.128,8.84,5.91,14.16,135.78,33.46,38.83,0.0,0.0,0.0,0.0,0.0,0.0,8.84,5.91,14.16,135.78,33.46,38.83,0.0,0.0,0.0,0.0,0.0,0.0,144.63,39.38,52.99,0.0,0.0,0.0,0.0,0.0,0.0,0.0,0.0,0.0,0.0,0.0,0.0,0.0,0.0,0.0,0.0,0.0,0.0,0.0,0.0,0.0,0.0,0.0,0.0,144.63,39.38,52.99,8.53,4.03,5.01,82.46,68.59,62.24,0.74,0.0,0.0,91.74,72.63,67.26,0.0,0.0,0.0,0.0,0.0,0.0,0.0,0.0,0.0,0.0,0.0,0.0,0.0,0.0,0.0,91.74,72.63,67.26,0.0,0.0,0.0,0.0,0.0,0.0,0.0,0.0,0.0,8,5,4,200,90,130,50,30,50,6/28/2014,7/23/2014,8/17/2014,30,30,50,,,,,,,,,,,,,,,,,,,0.0,0.0,0.0,0.0,0.0,0.0,,,,,,,,,,0,0,0,0,0,0,0,0,0,0,0,0,,,,1355,0.0,0.0,0.0
7001585743,109,0.0,0.0,0.0,6/30/2014,7/31/2014,8/31/2014,-15.989,116.668,225.816,0.0,84.68,221.24,0.73,32.11,41.01,10.03,0.0,0.0,0.73,38.93,0.0,0.0,0.05,2.91,0.0,12.86,31.09,0.0,0.0,0.0,0.0,0.0,0.0,0.0,12.91,34.01,0.0,62.84,218.33,0.0,2.1,9.91,0.0,0.0,0.0,0.0,0.0,0.0,0.0,64.94,228.24,0.0,0.0,0.0,0.0,1.05,5.19,0.0,0.0,0.0,0.0,78.91,267.46,0.0,6.36,4.18,0.0,26.16,60.53,0.0,0.0,0.0,0.0,32.53,64.71,0.0,0.0,0.38,0.0,0.0,2.59,0.0,0.0,0.0,0.0,0.0,0.0,0.0,0.0,2.98,0.0,32.53,68.24,0.0,0.0,0.55,0.0,0.0,0.0,0.0,0.0,0.0,7,5,9,110,10,260,110,10,130,6/27/2014,7/31/2014,8/28/2014,0,10,20,,,,,,,,,,,,,,,,,,,0.0,0.0,0.0,0.0,0.0,0.0,,,,,,,,,,0,0,0,0,0,0,0,0,0,0,0,0,,,,585,0.0,0.0,0.0
7000450144,109,0.0,0.0,0.0,6/30/2014,7/31/2014,8/31/2014,872.346,1125.465,866.822,466.81,511.08,105.39,304.46,444.84,407.31,0.0,4.45,0.0,0.0,0.15,9.13,466.81,510.93,105.39,287.86,437.71,371.63,0.0,0.0,0.0,0.0,6.7,0.0,754.68,948.64,477.03,0.0,0.0,0.0,16.59,0.0,26.54,0.0,0.0,0.0,0.0,0.0,0.0,16.59,0.0,26.54,0.0,0.0,0.0,0.43,7.13,0.0,0.0,0.0,0.0,771.71,955.78,503.58,443.68,377.31,244.93,143.46,156.28,176.64,1.93,0.36,1.73,589.08,533.96,423.31,0.0,0.0,0.0,29.98,12.74,6.51,0.0,0.0,0.0,0.0,0.0,0.0,29.98,12.74,6.51,619.06,546.71,429.83,0.0,0.0,0.0,0.0,0.0,0.0,0.0,0.0,0.0,11,12,9,1062,1384,1284,252,252,252,6/29/2014,7/26/2014,8/29/2014,150,152,150,6/26/2014,7/26/2014,8/25/2014,2.0,3.0,2.0,252.0,252.0,252.0,0.0,1.0,0.0,2.0,2.0,2.0,504.0,556.0,504.0,153.93,473.2,350.21,1551.17,1019.38,1280.34,441.83,287.98,520.96,438.77,281.74,444.07,0.0,0.0,0.0,0,0,0,0,1,0,2,1,2,0,1,0,1.0,1.0,1.0,403,1049.15,969.17,752.31
7002246438,109,0.0,0.0,0.0,6/30/2014,7/31/2014,8/31/2014,94.661,79.242,70.433,27.31,23.06,13.86,60.48,49.68,46.38,0.0,0.0,0.0,0.0,0.0,0.0,27.31,23.06,13.86,59.96,49.11,41.18,0.0,0.0,0.0,0.0,0.0,0.0,87.28,72.18,55.04,0.0,0.0,0.0,0.51,0.0,5.2,0.0,0.0,0.0,0.0,0.0,0.0,0.51,0.0,5.2,0.0,0.0,0.0,0.21,0.58,0.0,0.11,0.0,0.0,88.13,72.76,60.24,34.98,61.18,41.04,142.13,153.84,71.34,42.86,10.98,9.13,219.98,226.01,121.53,0.0,0.0,0.0,234.13,172.53,360.59,0.0,0.0,0.0,0.0,0.0,0.0,234.13,172.53,360.59,454.21,398.83,483.71,0.1,0.28,0.14,0.0,0.0,0.0,0.0,0.0,1.43,7,6,7,100,90,130,30,30,50,6/21/2014,7/19/2014,8/28/2014,30,30,50,,,,,,,,,,,,,,,,,,,0.0,0.0,0.0,0.0,0.0,0.0,,,,,,,,,,0,0,0,0,0,0,0,0,0,0,0,0,,,,2528,0.0,0.0,0.0
7001639076,109,0.0,0.0,0.0,6/30/2014,7/31/2014,8/31/2014,359.699,283.017,142.091,110.26,210.69,49.83,525.39,315.94,109.14,3.06,0.0,12.83,0.0,0.0,28.26,2.61,6.43,0.0,51.09,24.76,14.39,0.0,0.0,0.0,3.86,0.0,0.0,53.71,31.19,14.39,107.64,204.26,38.28,469.53,291.18,78.03,0.0,0.0,0.0,0.0,0.0,0.0,577.18,495.44,116.31,0.89,0.0,0.0,3.86,0.0,0.0,0.0,0.0,0.0,635.66,526.64,130.71,28.64,53.13,1.28,11.84,1.69,5.84,0.84,0.45,0.0,41.34,55.28,7.13,3.63,7.09,0.15,40.74,22.61,0.0,0.0,0.0,0.0,0.0,0.0,0.0,44.38,29.71,0.15,86.18,85.81,7.28,0.0,0.0,0.0,0.0,0.0,0.0,0.45,0.81,0.0,13,11,4,519,376,30,110,130,30,6/30/2014,7/31/2014,8/26/2014,110,0,0,,,,,,,,,,,,,,,,,,,0.0,0.0,0.0,0.0,0.0,0.0,,,,,,,,,,0,0,0,0,0,0,0,0,0,0,0,0,,,,798,0.0,0.0,0.0
7002099272,109,0.0,0.0,0.0,6/30/2014,7/31/2014,8/31/2014,126.13,132.072,122.832,32.46,17.03,56.76,107.33,89.84,72.89,0.0,0.0,0.0,0.0,0.0,0.0,32.46,17.03,56.76,94.83,86.48,69.09,2.19,1.28,0.25,0.0,0.0,2.4,129.49,104.79,126.11,0.0,0.0,0.0,0.0,0.0,0.0,0.91,2.08,0.0,0.0,0.0,0.0,0.91,2.08,0.0,0.0,0.0,0.0,9.38,0.75,3.55,0.0,0.0,0.0,139.79,107.63,129.66,122.71,44.48,30.94,301.43,114.71,104.01,15.94,4.61,0.0,440.09,163.81,134.96,0.0,0.0,0.0,0.0,0.0,0.0,5.34,0.0,0.0,0.0,0.0,0.0,5.34,0.0,0.0,445.44,163.81,134.96,0.0,0.0,0.0,0.0,0.0,0.0,0.0,0.0,0.0,8,6,4,153,150,135,33,50,50,6/26/2014,7/31/2014,8/26/2014,30,0,30,6/14/2014,,8/10/2014,1.0,,1.0,145.0,,25.0,0.0,,1.0,1.0,,0.0,145.0,,25.0,17.36,0.0,0.08,801.84,0.0,28.22,122.07,,0.09,122.07,,0.06,0.0,,0.0,0,0,0,0,0,1,1,0,0,0,0,0,1.0,,1.0,1431,9.91,122.16,659.15
7001641399,109,0.0,0.0,0.0,6/30/2014,7/31/2014,8/31/2014,446.81,369.714,335.126,1076.31,264.18,687.33,205.28,327.79,299.94,0.0,0.0,0.0,0.0,0.0,0.0,1076.31,264.18,687.33,188.06,313.89,287.93,0.0,0.0,0.1,0.0,0.0,0.0,1264.38,578.08,975.36,0.0,0.0,0.0,17.21,13.89,11.91,0.0,0.0,0.0,0.0,0.0,0.0,17.21,13.89,11.91,0.0,0.0,0.0,0.0,0.53,0.0,0.0,0.0,0.0,1281.59,592.51,987.28,1.2,2.11,64.16,110.49,108.59,128.43,10.15,1.95,0.93,121.84,112.66,193.53,0.0,0.0,0.0,15.44,0.2,0.53,0.0,0.0,0.0,0.0,0.0,0.0,15.44,0.2,0.53,137.29,112.86,194.06,0.0,0.0,0.0,0.0,0.0,0.0,0.0,0.0,0.0,17,11,17,530,420,388,102,102,50,6/30/2014,7/29/2014,8/31/2014,50,102,0,6/27/2014,7/29/2014,,1.0,1.0,,33.0,33.0,,1.0,1.0,,0.0,0.0,,33.0,33.0,,0.01,0.05,0.0,0.0,0.0,0.0,0.0,0.0,,0.2,0.7,,0.0,0.0,,0,0,0,1,1,0,0,0,0,0,0,0,0.0,0.0,,638,0.0,0.0,0.0
7002151200,109,0.0,0.0,0.0,6/30/2014,7/31/2014,8/31/2014,249.386,214.527,72.023,70.93,39.14,16.69,229.59,158.96,32.13,0.0,0.0,0.0,0.0,0.0,0.0,48.81,29.03,15.56,212.46,146.51,27.58,0.0,0.06,0.46,2.46,5.18,4.08,261.28,175.61,43.61,22.11,10.11,1.13,13.03,7.19,0.0,0.0,0.0,0.0,0.0,0.0,0.0,35.14,17.31,1.13,0.0,0.0,0.0,4.1,5.18,5.51,0.68,0.0,0.0,301.21,198.11,50.26,37.99,24.46,33.61,127.61,78.24,109.16,0.0,24.73,6.68,165.61,127.44,149.46,1.39,0.01,2.31,17.43,1.29,0.33,0.0,0.0,0.0,0.0,0.0,0.0,18.83,1.31,2.64,185.94,128.76,158.29,0.11,0.0,0.0,0.0,0.0,0.0,1.38,0.0,6.18,11,4,7,369,210,80,110,120,20,6/27/2014,7/29/2014,8/28/2014,10,20,10,,,,,,,,,,,,,,,,,,,0.0,0.0,0.0,0.0,0.0,0.0,,,,,,,,,,0,0,0,0,0,0,0,0,0,0,0,0,,,,2381,0.0,0.0,0.0
7001244828,109,0.0,0.0,0.0,6/30/2014,7/31/2014,8/31/2014,239.349,342.27,412.012,27.44,150.31,97.78,181.66,148.83,260.24,0.0,0.0,0.0,0.0,0.0,0.0,2.13,1.65,8.31,66.36,65.84,174.08,40.18,48.08,80.81,0.0,0.0,0.0,108.68,115.58,263.21,25.31,148.66,89.46,48.18,32.16,3.46,26.93,0.0,1.88,0.0,0.0,0.0,100.43,180.83,94.81,0.0,0.0,0.0,0.0,2.73,0.0,0.0,0.0,0.0,209.11,299.14,358.03,13.23,13.91,19.44,95.61,97.63,159.56,49.58,64.23,71.24,158.43,175.78,250.26,26.43,42.58,19.76,33.74,23.68,20.41,12.86,0.0,7.28,0.0,0.0,0.0,73.04,66.26,47.46,234.13,242.04,299.64,0.0,0.0,0.0,0.0,0.0,0.0,2.65,0.0,1.91,5,7,6,320,340,590,120,120,130,6/28/2014,7/27/2014,8/31/2014,120,120,130,,,,,,,,,,,,,,,,,,,0.0,0.0,0.0,0.0,0.0,0.0,,,,,,,,,,0,0,0,0,0,0,0,0,0,0,0,0,,,,2678,0.0,0.0,0.0
7001569879,109,0.0,0.0,0.0,6/30/2014,7/31/2014,8/31/2014,106.811,144.261,122.535,70.68,86.16,87.83,59.61,76.13,70.78,3.03,0.0,24.36,10.33,0.0,19.18,43.86,29.34,10.41,52.28,50.13,27.94,0.0,0.0,0.0,0.0,0.0,0.0,96.14,79.48,38.36,16.48,56.81,58.23,7.33,25.99,42.83,0.0,0.0,0.0,0.0,0.0,0.0,23.81,82.81,101.06,0.0,0.0,0.0,0.1,0.0,0.0,0.0,0.0,0.0,120.06,162.29,139.43,15.23,29.01,29.71,155.59,111.03,105.91,0.0,0.0,0.0,170.83,140.04,135.63,0.01,0.34,1.81,6.93,8.29,9.68,0.0,0.0,0.0,0.0,0.0,0.0,6.94,8.64,11.49,179.06,154.94,147.96,0.83,0.6,0.0,0.0,5.65,0.0,0.45,0.0,0.83,3,3,2,110,110,254,110,110,144,6/15/2014,7/16/2014,8/29/2014,110,110,144,,,,,,,,,,,,,,,,,,,0.0,0.0,0.0,0.0,0.0,0.0,,,,,,,,,,0,0,0,0,0,0,0,0,0,0,0,0,,,,3418,0.0,0.0,0.0
7001218369,109,0.0,0.0,0.0,6/30/2014,7/31/2014,8/31/2014,125.201,391.106,106.206,60.23,44.56,10.86,28.23,16.81,19.34,37.23,35.26,22.43,3.88,1.83,8.79,60.23,44.56,6.58,16.69,10.6,7.06,0.35,0.0,0.0,0.0,0.0,0.0,77.28,55.16,13.64,0.0,0.0,0.98,0.0,4.38,6.78,7.29,0.0,0.0,0.0,0.0,0.0,7.29,4.38,7.76,0.0,0.0,0.0,0.0,0.0,0.0,0.0,0.0,0.0,84.58,59.54,21.41,19.08,15.56,1.91,8.18,12.88,14.06,1.31,0.33,7.11,28.58,28.78,23.09,0.0,0.0,0.0,0.75,2.08,1.7,0.43,0.0,0.0,0.0,0.0,0.0,1.18,2.08,1.7,29.76,30.86,30.58,0.0,0.0,0.0,0.0,0.0,5.78,0.0,0.0,0.0,4,4,1,200,525,0,200,325,0,6/27/2014,7/31/2014,8/2/2014,0,200,0,,7/5/2014,,,2.0,,,152.0,,,1.0,,,1.0,,,304.0,,0.0,128.86,0.0,0.0,251.39,0.0,,63.96,,,69.44,,,0.0,,0,0,0,0,1,0,0,0,0,0,1,0,,1.0,,2958,60.24,205.52,19.46
7000291498,109,0.0,0.0,0.0,6/30/2014,7/31/2014,8/31/2014,168.367,158.568,210.803,89.69,154.84,152.93,106.48,28.39,78.96,0.0,0.0,0.0,0.0,0.0,0.0,15.86,18.29,10.71,11.08,13.53,21.94,0.0,0.0,0.0,1.26,0.0,7.79,26.94,31.83,32.66,73.83,136.54,142.21,90.18,12.11,29.71,0.0,0.0,0.0,0.0,0.0,0.0,164.01,148.66,171.93,0.0,0.0,0.0,5.21,2.75,27.29,0.0,0.0,0.0,196.18,183.24,231.89,57.66,97.29,73.26,62.39,74.54,105.16,0.0,0.0,0.0,120.06,171.84,178.43,0.0,4.96,3.16,1.53,17.71,7.14,0.0,0.0,0.0,0.0,0.0,0.0,1.53,22.68,10.31,121.59,194.53,188.94,0.0,0.0,0.0,0.0,0.0,0.0,0.0,0.0,0.2,4,4,5,180,195,272,71,65,77,6/25/2014,7/27/2014,8/27/2014,65,65,77,,,,,,,,,,,,,,,,,,,0.0,0.0,0.0,0.0,0.0,0.0,,,,,,,,,,0,0,0,0,0,0,0,0,0,0,0,0,,,,1204,0.0,0.0,0.0
7001701958,109,0.0,0.0,0.0,6/30/2014,7/31/2014,8/31/2014,818.586,542.931,475.382,272.63,627.96,188.83,1497.81,664.84,659.39,0.0,0.0,0.0,0.0,0.0,0.0,272.63,627.96,188.83,1496.43,579.33,655.24,0.0,0.83,1.94,0.0,0.0,0.0,1769.06,1208.13,846.03,0.0,0.0,0.0,0.28,84.68,0.0,0.0,0.0,0.4,0.0,0.0,0.0,0.28,84.68,0.4,1.1,0.0,1.8,0.0,0.68,0.0,0.6,0.0,0.0,1771.04,1293.49,848.23,1.34,0.24,0.26,19.48,7.04,18.06,0.61,6.06,1.31,21.44,13.36,19.64,0.0,0.0,0.0,3.0,1.23,0.0,0.0,1.41,1.3,0.0,0.0,0.0,3.0,2.64,1.3,109.74,121.36,40.83,0.0,0.0,0.0,59.03,105.34,19.88,26.26,0.0,0.0,9,10,5,913,931,293,110,128,130,6/27/2014,7/31/2014,8/28/2014,110,128,130,,,,,,,,,,,,,,,,,,,0.0,0.0,0.0,0.0,0.0,0.0,,,,,,,,,,0,0,0,0,0,0,0,0,0,0,0,0,,,,3651,0.0,0.0,0.0
7001277393,109,0.0,0.0,0.0,6/30/2014,7/31/2014,8/31/2014,104.97,43.17,44.4,189.78,71.99,5.28,62.89,20.29,40.36,0.0,0.0,0.0,0.0,0.0,0.0,189.78,71.99,5.28,57.99,16.84,24.13,0.31,0.0,0.0,0.05,0.0,0.0,248.09,88.84,29.41,0.0,0.0,0.0,3.18,2.23,14.98,1.34,1.21,1.24,0.0,0.0,0.0,4.53,3.44,16.23,0.0,0.0,0.0,0.05,0.0,0.0,0.0,0.0,0.0,252.68,92.29,45.64,30.33,12.73,8.03,68.14,55.14,38.74,84.29,41.88,4.44,182.78,109.76,51.23,0.0,0.0,0.43,1.98,0.66,2.33,0.0,3.93,0.0,0.0,0.0,0.0,1.98,4.59,2.76,184.76,114.36,53.99,0.0,0.0,0.0,0.0,0.0,0.0,0.0,0.0,0.0,3,2,0,131,0,0,110,0,0,6/12/2014,7/10/2014,,110,0,0,,,,,,,,,,,,,,,,,,,0.0,0.0,0.0,0.0,0.0,0.0,,,,,,,,,,0,0,0,0,0,0,0,0,0,0,0,0,,,,3138,0.0,0.0,0.0
7000415706,109,0.0,0.0,0.0,6/30/2014,7/31/2014,8/31/2014,115.689,116.805,107.575,23.98,52.74,9.63,62.66,72.43,60.93,2.86,9.26,2.73,17.15,27.83,4.33,4.34,24.11,6.24,21.96,33.78,24.26,0.65,1.44,6.73,0.0,0.0,0.0,26.96,59.34,37.24,9.45,7.73,3.15,33.08,30.26,25.83,0.0,0.0,0.0,0.0,0.0,0.0,42.53,37.99,28.98,0.0,0.0,0.0,0.0,0.0,0.0,0.0,0.0,0.0,69.49,97.34,66.23,5.56,39.13,20.93,7.94,43.13,105.14,0.0,1.16,2.04,13.51,83.43,128.13,9.44,0.0,0.0,2.26,11.49,4.01,0.0,0.0,0.0,0.0,0.0,0.0,11.71,11.49,4.01,25.76,94.93,132.63,0.53,0.0,0.46,0.0,0.0,0.0,0.0,0.0,0.01,5,6,10,162,90,126,50,30,36,6/29/2014,7/31/2014,8/30/2014,50,10,10,,,,,,,,,,,,,,,,,,,0.0,0.0,0.0,0.0,0.0,0.0,,,,,,,,,,0,0,0,0,0,0,0,0,0,0,0,0,,,,426,0.0,0.0,0.0
7001485863,109,0.0,0.0,0.0,6/30/2014,7/31/2014,8/31/2014,141.241,396.135,1.04,195.94,692.91,0.46,35.53,40.81,0.0,0.0,0.0,7.51,0.0,30.48,0.46,2.46,21.86,0.0,0.86,13.29,0.0,0.0,0.0,0.0,0.0,0.0,0.0,3.33,35.16,0.0,193.48,649.93,0.0,34.54,18.14,0.0,0.0,0.0,0.0,0.0,0.0,0.0,228.03,668.08,0.0,0.0,0.0,0.0,0.11,0.0,0.0,0.0,0.0,0.0,231.48,703.24,0.0,6.91,19.24,0.0,0.0,15.96,0.0,0.0,0.0,0.0,6.91,35.21,0.0,0.0,0.0,0.0,0.0,1.75,0.0,0.0,0.0,0.0,0.0,0.0,0.0,0.0,1.75,0.0,7.66,36.96,0.0,0.0,0.0,0.0,0.0,0.0,0.0,0.75,0.0,0.0,6,16,3,166,500,0,36,110,0,6/30/2014,7/27/2014,8/29/2014,30,0,0,,,,,,,,,,,,,,,,,,,0.0,0.0,0.0,0.0,0.0,0.0,,,,,,,,,,0,0,0,0,0,0,0,0,0,0,0,0,,,,256,0.0,0.0,0.0
7000227688,109,0.0,0.0,0.0,6/30/2014,7/31/2014,8/31/2014,230.512,237.648,163.541,12.36,2.61,24.73,113.69,121.33,176.09,0.0,0.0,0.0,0.0,0.0,0.0,0.0,1.78,0.11,69.98,101.08,137.13,0.0,0.0,0.0,0.01,0.0,0.0,69.98,102.86,137.24,12.36,0.83,24.61,41.46,10.46,28.06,0.0,0.0,0.0,0.0,0.0,0.0,53.83,11.29,52.68,0.0,0.0,0.0,3.86,32.31,28.08,6.14,0.0,0.0,133.83,146.48,218.01,1.99,4.93,0.0,116.71,65.86,64.09,0.0,0.26,0.73,118.71,71.06,64.83,0.41,0.46,0.0,52.51,1.26,0.68,0.0,0.0,0.4,0.0,0.0,0.0,52.93,1.73,1.08,171.64,72.79,66.53,0.0,0.0,0.61,0.0,0.0,0.0,0.0,0.0,0.0,14,10,9,243,279,190,33,50,50,6/30/2014,7/28/2014,8/28/2014,30,33,30,,,,,,,,,,,,,,,,,,,0.0,0.0,0.0,0.0,0.0,0.0,,,,,,,,,,0,0,0,0,0,0,0,0,0,0,0,0,,,,565,0.0,0.0,0.0
7000718395,109,0.0,0.0,0.0,6/30/2014,7/31/2014,8/31/2014,198.775,343.857,213.982,252.58,413.88,132.04,16.28,113.61,17.24,37.06,0.0,0.0,93.08,0.0,0.0,24.86,41.61,10.18,13.46,58.98,17.24,0.0,0.0,0.0,0.0,0.78,0.0,38.33,100.59,27.43,136.34,372.26,121.86,1.1,14.36,0.0,0.0,0.0,0.0,0.0,0.0,0.0,137.44,386.63,121.86,0.0,0.0,0.0,3.33,125.19,42.94,0.0,0.0,0.0,179.11,612.43,192.24,17.14,19.99,28.68,49.46,63.14,77.73,0.0,0.0,0.0,66.61,83.14,106.41,9.63,25.48,10.89,0.25,3.89,1.26,0.0,0.0,0.0,0.0,0.0,0.0,9.88,29.38,12.16,76.49,112.53,118.58,0.0,0.0,0.0,0.0,0.0,0.0,0.0,0.0,0.0,4,11,3,218,456,260,65,65,130,6/25/2014,7/31/2014,8/28/2014,65,65,130,,,,,,,,,,,,,,,,,,,0.0,0.0,0.0,0.0,0.0,0.0,,,,,,,,,,0,0,0,0,0,0,0,0,0,0,0,0,,,,448,0.0,0.0,0.0
7000804388,109,0.0,0.0,0.0,6/30/2014,7/31/2014,8/31/2014,0.0,603.616,1116.432,0.0,1377.61,2571.08,0.0,154.83,73.89,8.73,0.0,0.0,0.0,0.0,0.0,0.0,0.0,0.0,0.0,6.14,1.81,0.0,0.0,0.0,0.0,14.89,20.41,0.0,6.14,1.81,0.0,1377.61,2571.08,0.0,133.78,15.26,0.0,0.0,0.0,0.0,0.0,0.0,0.0,1511.39,2586.34,0.0,0.0,0.0,0.0,14.89,56.81,0.0,0.0,0.0,0.0,1532.44,2644.98,0.0,3.48,0.9,0.0,9.09,6.28,0.0,0.0,0.0,0.0,12.58,7.18,0.0,10.86,15.41,0.0,6.08,0.0,0.0,0.0,0.0,0.0,0.0,0.0,0.0,16.94,15.41,0.0,29.53,22.59,0.0,0.0,0.0,0.0,0.0,0.0,0.0,0.0,0.0,3,15,21,0,716,1297,0,130,130,6/29/2014,7/29/2014,8/29/2014,0,130,130,,,8/16/2014,,,1.0,,,23.0,,,0.0,,,1.0,,,23.0,0.0,0.0,87.32,0.0,0.0,0.0,,,19.63,,,66.03,,,0.0,0,0,0,0,0,0,0,0,0,0,0,1,,,1.0,980,0.0,0.0,0.0
7002170228,109,0.0,0.0,0.0,6/30/2014,7/31/2014,8/31/2014,179.305,475.54,514.357,23.13,188.44,219.94,156.49,230.71,330.24,0.0,39.71,76.31,0.0,134.83,234.64,23.13,60.66,104.23,123.48,96.24,121.83,0.0,4.86,0.0,0.0,0.0,4.86,146.61,161.78,226.06,0.0,68.46,40.23,33.01,54.08,43.24,0.0,0.0,0.0,0.0,0.0,0.0,33.01,122.54,83.48,0.0,0.0,0.0,0.0,0.0,5.99,0.0,0.0,0.0,179.63,284.33,315.54,28.59,30.96,66.88,126.26,77.74,44.01,0.0,0.0,3.01,154.86,108.71,113.91,2.16,20.98,37.89,17.84,16.51,31.48,0.0,0.0,0.0,0.0,0.0,0.0,20.01,37.49,69.38,174.88,146.21,183.29,0.0,0.0,0.0,0.0,0.0,0.0,0.0,0.0,0.0,4,14,10,190,556,610,60,100,100,6/18/2014,7/30/2014,8/29/2014,50,50,30,,,,,,,,,,,,,,,,,,,0.0,0.0,0.0,0.0,0.0,0.0,,,,,,,,,,0,0,0,0,0,0,0,0,0,0,0,0,,,,1134,0.0,0.0,0.0
7001486217,109,0.0,0.0,0.0,6/30/2014,7/31/2014,8/31/2014,22.561,127.13,102.236,0.0,8.51,1.16,39.66,62.11,56.88,0.0,21.33,28.24,0.0,39.51,35.78,0.0,2.35,0.13,33.41,11.69,13.94,1.26,0.31,4.68,0.0,0.0,0.0,34.68,14.36,18.76,0.0,0.0,0.0,4.98,17.16,3.5,0.0,0.0,0.0,0.0,0.0,0.0,4.98,17.16,3.5,0.0,0.0,0.0,0.0,0.05,0.0,0.0,0.0,0.0,39.66,31.58,22.26,0.0,0.0,0.26,6.99,14.79,19.01,3.35,0.0,2.53,10.34,14.79,21.81,0.0,0.0,0.0,5.44,4.26,0.0,0.0,0.0,0.0,0.0,0.0,0.0,5.44,4.26,0.0,15.86,19.59,22.09,0.0,0.0,0.0,0.0,0.0,0.0,0.06,0.53,0.28,3,2,2,110,0,130,110,0,130,6/30/2014,7/31/2014,8/8/2014,110,0,130,,,,,,,,,,,,,,,,,,,0.0,0.0,0.0,0.0,0.0,0.0,,,,,,,,,,0,0,0,0,0,0,0,0,0,0,0,0,,,,801,0.0,0.0,0.0
7002353254,109,0.0,0.0,0.0,6/30/2014,7/31/2014,,402.908,307.54,0.0,319.59,218.59,,80.29,31.81,,0.0,0.0,,0.0,0.0,,29.38,16.99,,34.96,14.34,,0.25,1.09,,3.13,6.15,,64.59,32.44,,290.21,201.59,,21.69,7.0,,0.0,0.0,,0.0,0.0,,311.91,208.59,,0.0,0.0,,23.38,9.36,,0.0,0.0,,399.89,250.41,0.0,63.59,57.88,,82.58,54.89,,25.74,4.31,,171.93,117.09,,7.31,2.89,,25.16,16.48,,0.0,0.0,,0.0,0.0,,32.48,19.38,,205.56,136.48,0.0,0.0,0.0,,0.0,0.0,,1.15,0.0,,10,9,0,494,335,0,154,50,0,6/28/2014,7/21/2014,,50,30,0,6/25/2014,7/21/2014,,1.0,1.0,,154.0,25.0,,1.0,1.0,,0.0,0.0,,154.0,25.0,,76.17,611.35,0.0,0.0,0.0,0.0,0.0,0.0,,4.4,0.0,,0.0,0.0,,1,0,0,0,1,0,0,0,0,0,0,0,1.0,1.0,,2214,0.0,0.0,0.0
7001150958,109,0.0,0.0,0.0,6/30/2014,7/31/2014,8/31/2014,264.371,136.789,177.377,0.0,0.46,31.09,2.89,2.94,6.78,0.0,0.0,0.0,0.0,0.0,0.0,0.0,0.46,1.01,2.89,2.94,4.93,0.0,0.0,0.0,0.0,0.0,0.0,2.89,3.41,5.94,0.0,0.0,30.08,0.0,0.0,1.85,0.0,0.0,0.0,0.0,0.0,0.0,0.0,0.0,31.93,0.0,0.0,0.0,0.0,0.0,0.0,0.0,0.0,0.0,2.89,3.41,37.88,8.69,11.24,31.04,76.09,90.69,80.63,9.56,14.96,9.38,94.36,116.91,121.06,0.0,0.0,4.68,0.0,0.26,7.65,0.0,0.0,0.0,0.0,0.0,0.0,0.0,0.26,12.33,94.53,117.24,133.39,0.16,0.0,0.0,0.0,0.0,0.0,0.0,0.06,0.0,4,3,3,308,164,249,154,154,179,6/29/2014,7/27/2014,8/24/2014,154,154,179,6/29/2014,7/27/2014,8/24/2014,2.0,1.0,1.0,154.0,154.0,179.0,2.0,1.0,0.0,0.0,0.0,1.0,308.0,154.0,179.0,139.98,210.81,111.72,662.48,616.66,694.36,0.01,0.01,150.68,0.08,0.0,150.87,0.0,0.0,0.0,2,1,0,0,0,0,0,0,1,0,0,0,1.0,1.0,1.0,355,582.77,823.68,686.84
7001961898,109,0.0,0.0,0.0,6/30/2014,7/31/2014,8/31/2014,288.814,374.015,380.047,375.43,140.86,203.88,56.38,515.76,422.26,0.0,0.0,0.0,0.0,0.0,0.0,0.0,4.66,12.36,4.01,5.18,5.94,0.0,0.0,0.0,0.0,0.03,0.8,4.01,9.84,18.31,375.43,136.19,191.51,52.36,510.54,415.51,0.0,0.0,0.0,0.0,0.0,0.0,427.79,646.74,607.03,0.0,0.0,0.0,0.0,1.93,2.05,0.0,0.0,0.0,431.81,658.53,627.39,0.0,1.76,6.48,1.46,7.94,7.89,0.0,0.0,0.0,1.46,9.71,14.38,44.01,7.23,75.18,2.28,23.53,5.63,0.0,0.0,0.0,0.0,0.0,0.0,46.29,30.76,80.81,47.76,40.48,95.19,0.0,0.0,0.0,0.0,0.0,0.0,0.0,0.0,0.0,20,25,21,336,417,466,50,30,50,6/29/2014,7/29/2014,8/30/2014,20,20,50,,,,,,,,,,,,,,,,,,,0.0,0.0,0.0,0.0,0.0,0.0,,,,,,,,,,0,0,0,0,0,0,0,0,0,0,0,0,,,,180,0.0,0.0,0.0
7001386053,109,0.0,0.0,0.0,6/30/2014,7/31/2014,8/31/2014,194.601,181.516,253.03,17.73,0.93,21.64,171.34,146.73,206.38,0.0,0.0,0.0,0.0,0.0,0.0,17.73,0.93,21.64,37.88,55.98,88.26,0.0,0.54,0.0,0.0,0.0,0.0,55.61,57.46,109.91,0.0,0.0,0.0,122.93,83.89,114.64,10.53,6.29,3.46,0.0,0.0,0.0,133.46,90.19,118.11,0.0,0.06,0.0,0.0,0.0,0.0,0.0,0.0,0.0,189.08,147.73,228.03,14.64,44.86,7.14,83.98,54.91,136.13,39.08,64.94,86.94,137.71,164.73,230.23,0.0,0.0,0.0,254.76,438.99,772.99,6.39,6.53,4.68,0.0,0.0,0.0,261.16,445.53,777.68,413.18,700.38,1076.94,0.0,0.0,0.0,14.29,87.16,57.64,0.0,2.95,11.38,5,6,5,211,171,259,120,59,59,6/30/2014,7/29/2014,8/26/2014,41,59,59,,,,,,,,,,,,,,,,,,,0.0,0.0,0.0,0.0,0.0,0.0,,,,,,,,,,0,0,0,0,0,0,0,0,0,0,0,0,,,,3520,0.0,0.0,0.0
7000076441,109,0.0,0.0,0.0,6/30/2014,7/31/2014,8/31/2014,0.0,69.804,146.68,,53.11,37.61,,15.09,113.69,,0.0,0.0,,0.0,0.0,,53.11,37.61,,15.09,113.69,,0.0,0.0,,0.0,0.0,,68.21,151.31,,0.0,0.0,,0.0,0.0,,0.0,0.0,,0.0,0.0,,0.0,0.0,,0.0,0.0,,0.0,0.0,,0.0,0.0,0.0,68.21,151.31,,1.3,4.03,,7.28,64.54,,0.0,0.0,,8.58,68.58,,0.0,0.0,,0.0,0.0,,0.0,0.0,,0.0,0.0,,0.0,0.0,0.0,8.58,68.58,,0.0,0.0,,0.0,0.0,,0.0,0.0,0,4,5,0,90,160,0,30,50,,7/28/2014,8/29/2014,0,30,0,,,,,,,,,,,,,,,,,,,0.0,0.0,0.0,0.0,0.0,0.0,,,,,,,,,,0,0,0,0,0,0,0,0,0,0,0,0,,,,185,0.0,0.0,0.0
7001975937,109,0.0,0.0,0.0,6/30/2014,7/31/2014,8/31/2014,1370.495,1315.323,1044.155,270.84,470.99,345.96,702.46,566.26,646.63,35.93,0.0,61.01,64.66,0.0,113.01,89.64,30.51,35.23,505.41,464.88,323.16,62.06,45.64,49.03,0.0,0.0,0.0,657.13,541.04,407.43,175.24,439.61,300.79,65.04,44.48,171.34,11.21,11.89,0.0,0.0,0.0,0.0,251.51,495.99,472.14,0.0,0.21,0.0,0.0,0.0,0.0,0.0,0.0,0.0,908.64,1037.26,879.58,36.94,24.44,18.63,255.09,151.81,161.38,31.51,47.24,14.58,323.56,223.51,194.59,80.81,58.69,62.16,49.34,8.73,18.68,2.76,0.0,0.0,0.0,0.0,0.0,132.93,67.43,80.84,459.01,290.94,275.44,0.0,0.0,0.0,2.51,0.0,0.0,0.0,0.0,0.0,10,7,8,1343,1567,1343,250,250,250,6/23/2014,7/30/2014,8/26/2014,26,250,250,,,,,,,,,,,,,,,,,,,0.0,0.0,0.0,0.0,0.0,0.0,,,,,,,,,,0,0,0,0,0,0,0,0,0,0,0,0,,,,826,62.16,108.42,248.63
7000927373,109,0.0,0.0,0.0,6/30/2014,7/31/2014,8/31/2014,149.0,386.83,125.627,,8.61,4.36,,38.69,28.93,,70.79,40.01,,47.31,33.29,,0.0,0.0,,0.0,0.0,,0.0,0.0,,9.89,0.0,,0.0,0.0,,0.0,0.0,,0.0,0.0,,0.0,0.0,,0.0,0.0,,0.0,0.0,,0.0,0.0,,0.0,0.0,,0.0,0.0,0.0,0.0,0.0,,0.0,0.0,,0.0,0.0,,0.0,0.0,,0.0,0.0,,0.0,0.0,,0.0,0.0,,0.0,0.0,,0.0,0.0,,0.0,0.0,0.0,0.0,0.0,,0.0,0.0,,0.0,0.0,,0.0,0.0,0,1,4,0,0,186,0,0,100,,7/30/2014,8/24/2014,0,0,0,,,,,,,,,,,,,,,,,,,0.0,0.0,0.0,0.0,0.0,0.0,,,,,,,,,,0,0,0,0,0,0,0,0,0,0,0,0,,,,896,0.0,24.3,0.0
7000905905,109,0.0,0.0,0.0,6/30/2014,7/31/2014,8/31/2014,320.325,59.369,113.736,96.14,7.54,10.93,282.54,53.93,72.34,8.79,124.69,123.28,27.63,61.48,86.44,93.86,0.0,0.0,90.24,0.0,0.0,0.0,0.0,0.0,0.0,0.0,0.0,184.11,0.0,0.0,0.0,0.0,0.0,166.94,0.0,0.0,0.0,0.0,0.0,0.0,0.0,0.0,166.94,0.0,0.0,0.0,0.0,0.0,0.0,0.0,0.0,0.0,0.0,0.0,351.06,0.0,0.0,12.81,0.0,0.0,282.49,0.0,0.0,0.2,0.0,0.0,295.51,0.0,0.0,0.0,0.0,0.0,45.99,0.0,0.0,0.0,0.0,0.0,0.0,0.0,0.0,45.99,0.0,0.0,343.18,0.0,0.0,0.11,0.0,0.0,0.0,0.0,0.0,1.55,0.0,0.0,6,3,5,356,76,126,90,50,50,6/21/2014,7/23/2014,8/28/2014,0,50,0,,,,,,,,,,,,,,,,,,,0.0,0.0,0.0,0.0,0.0,0.0,,,,,,,,,,0,0,0,0,0,0,0,0,0,0,0,0,,,,309,0.0,0.0,0.0
7001778572,109,0.0,0.0,0.0,6/30/2014,7/31/2014,8/31/2014,234.135,269.542,218.089,56.64,37.41,44.79,233.14,272.54,185.68,0.0,0.0,0.0,0.0,0.0,0.0,55.11,37.21,44.79,231.59,270.93,185.21,1.55,1.61,0.46,0.0,0.0,0.0,288.26,309.76,230.48,1.53,0.2,0.0,0.0,0.0,0.0,0.0,0.0,0.0,0.0,0.0,0.0,1.53,0.2,0.0,0.0,0.0,0.0,0.0,0.0,0.0,0.0,0.0,0.0,289.79,309.96,230.48,32.93,70.98,51.88,205.28,122.73,187.16,26.21,217.61,96.01,264.43,411.33,335.06,0.0,0.0,0.0,0.0,0.0,0.38,0.0,0.0,0.0,0.0,0.0,0.0,0.0,0.0,0.38,264.43,411.33,335.44,0.0,0.0,0.0,0.0,0.0,0.0,0.0,0.0,0.0,5,4,2,348,220,240,128,110,130,6/30/2014,7/19/2014,8/17/2014,110,110,130,,,,,,,,,,,,,,,,,,,0.0,0.0,0.0,0.0,0.0,0.0,,,,,,,,,,0,0,0,0,0,0,0,0,0,0,0,0,,,,2382,0.0,0.0,0.0
7001432897,109,0.0,0.0,0.0,6/30/2014,7/31/2014,8/31/2014,212.37,100.094,92.662,21.33,9.83,10.48,187.56,121.06,161.36,0.0,0.0,0.0,0.0,0.0,0.0,7.81,3.91,10.48,173.03,115.49,151.04,7.18,5.56,3.81,0.0,0.0,0.0,188.03,124.98,165.34,13.51,5.91,0.0,7.35,0.0,0.0,0.0,0.0,6.5,0.0,0.0,0.0,20.86,5.91,6.5,0.0,0.0,0.0,0.0,0.0,0.0,0.0,0.0,0.0,208.89,130.89,171.84,2.71,1.0,6.01,31.34,55.54,26.48,12.13,13.74,10.11,46.19,70.29,42.61,36.19,0.45,6.91,0.0,0.0,0.0,0.0,0.0,0.0,0.0,0.0,0.0,36.19,0.45,6.91,82.39,70.74,49.53,0.0,0.0,0.0,0.0,0.0,0.0,0.0,0.0,0.0,3,3,3,0,250,398,0,250,398,6/14/2014,7/29/2014,8/28/2014,0,0,0,,,,,,,,,,,,,,,,,,,0.0,0.0,0.0,0.0,0.0,0.0,,,,,,,,,,0,0,0,0,0,0,0,0,0,0,0,0,,,,3506,0.0,0.0,0.0
7001706290,109,0.0,0.0,0.0,6/30/2014,7/31/2014,8/31/2014,562.055,127.507,237.946,63.81,5.93,19.74,447.33,95.81,118.79,0.0,0.0,0.0,0.0,0.0,0.0,63.81,5.93,19.74,343.43,92.21,103.04,9.74,3.51,15.58,0.0,0.0,0.0,416.99,101.66,138.38,0.0,0.0,0.0,14.2,0.0,0.0,79.91,0.0,0.0,0.0,0.0,0.0,94.11,0.0,0.0,0.0,0.0,0.16,0.03,0.08,0.0,0.0,0.0,0.0,511.14,101.74,138.54,54.31,20.88,88.84,247.39,233.94,163.26,31.71,8.86,26.49,333.43,263.69,278.61,0.0,0.0,0.0,1.89,0.08,0.55,3.11,0.0,0.0,0.0,0.0,0.0,5.01,0.08,0.55,347.86,264.38,279.38,0.0,0.0,0.0,0.0,0.0,0.0,9.41,0.59,0.21,7,4,7,550,150,270,110,110,50,6/26/2014,7/29/2014,8/26/2014,30,20,50,,,,,,,,,,,,,,,,,,,0.0,0.0,0.0,0.0,0.0,0.0,,,,,,,,,,0,0,0,0,0,0,0,0,0,0,0,0,,,,2964,0.0,0.0,0.0
7000720036,109,0.0,0.0,0.0,6/30/2014,7/31/2014,8/31/2014,523.605,645.3,224.284,605.73,1031.36,190.33,56.34,45.14,30.43,6.31,0.35,11.56,650.51,16.99,220.78,0.0,17.81,0.0,1.58,41.69,0.0,0.0,0.0,0.0,0.0,0.0,0.0,1.58,59.51,0.0,9.98,998.36,0.0,0.0,1.58,0.0,0.0,0.0,0.0,0.0,0.0,0.0,9.98,999.94,0.0,0.0,0.0,0.0,0.0,0.05,0.0,0.0,0.0,0.0,11.56,1059.51,0.0,0.0,17.04,0.0,2.2,44.09,0.0,0.0,0.0,0.0,2.2,61.14,0.0,0.98,7.36,0.0,0.0,2.73,0.0,0.0,0.0,0.0,0.0,0.0,0.0,0.98,10.09,0.0,3.18,71.24,0.0,0.0,0.0,0.0,0.0,0.0,0.0,0.0,0.0,0.0,19,30,6,600,800,220,50,50,50,6/28/2014,7/31/2014,8/23/2014,0,30,50,,,,,,,,,,,,,,,,,,,0.0,0.0,0.0,0.0,0.0,0.0,,,,,,,,,,0,0,0,0,0,0,0,0,0,0,0,0,,,,1026,0.0,0.0,0.0
7002213726,109,0.0,0.0,0.0,6/30/2014,7/31/2014,8/31/2014,150.909,185.661,232.51,89.28,71.39,114.01,82.59,215.93,286.03,0.0,0.0,0.0,0.0,0.0,0.0,11.84,8.74,6.29,31.08,106.06,100.96,0.33,0.0,0.0,0.51,2.1,0.0,43.26,114.81,107.26,77.43,62.64,107.71,50.66,107.76,185.06,0.0,0.0,0.0,0.0,0.0,0.0,128.09,170.41,292.78,0.0,0.0,0.0,0.51,2.1,0.0,1.5,0.0,0.0,173.38,287.33,400.04,16.79,13.73,10.11,119.08,150.28,55.61,3.51,26.29,5.44,139.39,190.31,71.18,0.03,0.0,0.0,70.94,33.53,9.99,0.0,0.0,0.0,0.0,0.0,0.0,70.98,33.53,9.99,210.79,223.84,81.93,0.0,0.0,0.75,0.0,0.0,0.0,0.41,0.0,0.0,5,4,5,276,110,276,110,110,130,6/30/2014,7/16/2014,8/29/2014,20,110,0,,,,,,,,,,,,,,,,,,,0.0,0.0,0.0,0.0,0.0,0.0,,,,,,,,,,0,0,0,0,0,0,0,0,0,0,0,0,,,,494,0.0,0.0,0.0
7001733622,109,0.0,0.0,0.0,6/30/2014,7/31/2014,8/31/2014,388.509,148.74,94.597,113.81,199.14,177.84,230.99,278.39,203.56,0.0,0.0,0.0,0.0,0.0,0.0,113.81,199.14,177.84,229.46,278.14,203.56,1.53,0.25,0.0,0.0,0.0,0.0,344.81,477.54,381.41,0.0,0.0,0.0,0.0,0.0,0.0,0.0,0.0,0.0,0.0,0.0,0.0,0.0,0.0,0.0,0.0,0.0,0.0,0.0,0.0,0.0,0.0,0.0,0.0,344.81,477.54,381.41,36.23,31.43,46.93,88.81,94.49,77.71,9.88,5.11,0.68,134.93,131.04,125.33,0.0,0.0,0.0,0.0,0.0,0.13,0.0,0.0,0.0,0.0,0.0,0.0,0.0,0.0,0.13,134.93,131.04,125.46,0.0,0.0,0.0,0.0,0.0,0.0,0.0,0.0,0.0,4,2,2,453,140,154,325,70,77,6/28/2014,7/11/2014,8/23/2014,325,70,77,,,,,,,,,,,,,,,,,,,0.0,0.0,0.0,0.0,0.0,0.0,,,,,,,,,,0,0,0,0,0,0,0,0,0,0,0,0,,,,2982,0.0,0.0,0.0
7000337339,109,0.0,0.0,0.0,6/30/2014,7/31/2014,8/31/2014,1.928,89.713,121.348,50.63,59.01,54.44,7.13,11.79,5.08,0.0,0.0,0.0,0.0,0.0,0.0,10.79,37.51,15.39,4.64,1.13,1.53,0.16,0.0,0.0,0.0,0.0,0.0,15.61,38.64,16.93,39.83,21.49,39.04,0.0,10.26,3.54,0.0,0.0,0.0,0.0,0.0,0.0,39.83,31.76,42.59,0.0,0.0,0.0,5.66,3.21,0.25,1.33,0.0,0.0,62.44,73.63,59.78,51.11,32.13,52.58,35.38,2.03,5.49,0.0,0.26,0.0,86.49,34.43,58.08,0.0,4.73,13.43,31.81,10.94,5.08,0.0,0.0,0.0,0.0,0.0,0.0,31.81,15.68,18.51,118.31,50.18,76.59,0.0,0.06,0.0,0.0,0.0,0.0,0.0,0.0,0.0,3,3,3,0,98,154,0,98,154,6/23/2014,7/17/2014,8/14/2014,0,98,0,6/23/2014,7/17/2014,8/6/2014,1.0,2.0,1.0,8.0,98.0,154.0,1.0,2.0,1.0,0.0,0.0,0.0,8.0,106.0,154.0,45.78,475.37,670.23,0.0,0.0,0.0,0.0,0.0,0.0,35.78,123.66,14.41,1.0,1.0,0.0,0,0,1,1,2,0,0,0,0,0,0,0,1.0,1.0,1.0,495,0.0,0.0,0.0
7000191974,109,0.0,0.0,0.0,6/30/2014,7/31/2014,8/31/2014,167.112,196.5,244.836,8.16,7.34,30.23,121.41,92.91,167.08,0.0,0.0,0.0,0.0,0.0,0.0,7.99,7.34,30.23,89.79,45.14,121.84,0.91,1.51,1.24,0.0,0.0,0.0,98.71,54.01,153.33,0.16,0.0,0.0,30.66,46.24,43.16,0.0,0.0,0.0,0.0,0.0,0.0,30.83,46.24,43.16,0.0,0.0,0.38,0.63,1.85,0.43,0.0,0.0,0.0,130.18,102.11,197.31,2.78,5.78,10.89,82.03,84.68,56.31,0.83,0.0,0.0,85.64,90.46,67.21,0.0,0.0,0.0,6.53,573.53,50.23,0.0,0.0,0.0,0.0,0.0,0.0,6.53,573.53,50.23,855.51,1256.29,788.81,0.15,0.0,0.0,763.11,589.79,671.28,0.06,2.5,0.08,5,4,7,214,164,247,50,41,41,6/30/2014,7/30/2014,8/27/2014,41,41,41,,,,,,,,,,,,,,,,,,,0.0,0.0,0.0,0.0,0.0,0.0,,,,,,,,,,0,0,0,0,0,0,0,0,0,0,0,0,,,,283,0.0,0.0,0.0
7000931729,109,0.0,0.0,0.0,6/30/2014,7/31/2014,8/31/2014,308.553,74.918,67.681,10.83,0.88,0.0,594.94,37.14,41.29,0.0,5.34,7.03,0.0,29.16,41.29,0.0,0.0,0.0,0.54,0.0,0.0,0.33,0.0,0.0,0.0,0.0,0.0,0.88,0.0,0.0,10.83,0.0,0.0,594.06,7.43,0.0,0.0,0.0,0.0,0.0,0.0,0.0,604.89,7.43,0.0,0.0,0.0,0.0,0.0,1.43,0.0,0.0,0.0,0.0,605.78,8.86,0.0,1.28,0.0,0.0,4.63,0.0,0.0,0.0,0.0,0.0,5.91,0.0,0.0,0.0,0.0,0.0,0.06,0.0,0.0,0.0,0.0,0.0,0.0,0.0,0.0,0.06,0.0,0.0,6.44,0.0,0.0,0.0,0.0,0.0,0.0,0.0,0.0,0.46,0.0,0.0,6,3,4,356,50,80,110,50,50,6/29/2014,7/25/2014,8/26/2014,50,0,0,,,,,,,,,,,,,,,,,,,0.0,0.0,0.0,0.0,0.0,0.0,,,,,,,,,,0,0,0,0,0,0,0,0,0,0,0,0,,,,342,0.0,0.0,0.0
7000851121,109,0.0,0.0,0.0,6/30/2014,7/31/2014,8/31/2014,81.568,43.471,52.432,19.66,5.91,9.09,55.96,12.83,23.78,0.0,0.0,0.0,0.0,0.0,0.0,19.66,5.91,9.09,38.46,11.89,21.18,0.0,0.46,0.0,0.0,0.0,0.0,58.13,18.28,30.28,0.0,0.0,0.0,0.0,0.0,0.2,0.0,0.46,0.0,0.0,0.0,0.0,0.0,0.46,0.2,0.0,0.0,0.0,18.23,0.0,5.03,0.73,0.0,0.0,77.09,18.74,35.51,20.08,61.49,43.91,107.09,70.69,75.61,0.0,0.0,0.0,127.18,132.19,119.53,0.0,0.0,0.48,0.0,0.0,0.0,0.0,0.0,0.0,0.0,0.0,0.0,0.0,0.0,0.48,127.18,132.19,120.01,0.0,0.0,0.0,0.0,0.0,0.0,0.0,0.0,0.0,8,3,6,94,50,60,20,30,20,6/23/2014,7/21/2014,8/28/2014,20,20,20,6/20/2014,,,1.0,,,14.0,,,1.0,,,0.0,,,14.0,,,15.66,0.0,0.0,0.0,0.0,0.0,0.0,,,15.3,,,0.0,,,0,0,0,1,0,0,0,0,0,0,0,0,1.0,,,544,0.0,0.0,0.0
7002297517,109,0.0,0.0,0.0,6/30/2014,7/31/2014,8/31/2014,331.289,504.515,107.6,129.79,156.06,2.11,79.81,293.59,14.21,0.0,0.0,0.0,0.0,0.0,0.0,7.89,0.8,0.0,20.79,4.94,2.26,0.0,0.0,0.0,0.0,0.0,0.0,28.69,5.74,2.26,121.89,155.26,2.11,59.01,288.64,11.95,0.0,0.0,0.0,0.0,0.0,0.0,180.91,443.91,14.06,0.0,0.0,0.0,0.0,0.0,0.0,0.0,0.0,0.0,209.61,449.66,16.33,49.29,3.44,0.11,3.84,39.96,9.63,0.0,0.0,0.0,53.14,43.41,9.74,61.81,11.73,10.03,75.44,20.91,17.93,0.0,0.0,0.0,0.0,0.0,0.0,137.26,32.64,27.96,191.36,76.06,37.71,0.66,0.0,0.0,0.0,0.0,0.0,0.28,0.0,0.0,4,6,3,380,550,128,110,110,128,6/24/2014,7/25/2014,8/26/2014,110,0,0,,,,,,,,,,,,,,,,,,,0.0,0.0,0.0,0.0,0.0,0.0,,,,,,,,,,0,0,0,0,0,0,0,0,0,0,0,0,,,,1014,0.0,0.0,0.0
7000271192,109,0.0,0.0,0.0,6/30/2014,7/31/2014,8/31/2014,155.509,199.371,48.93,0.0,0.26,0.0,19.31,41.58,0.95,0.0,0.0,0.0,0.0,0.0,0.0,0.0,0.26,0.0,0.89,25.76,0.95,0.0,0.0,0.0,0.0,13.18,0.0,0.89,26.03,0.95,0.0,0.0,0.0,0.0,0.0,0.0,0.0,0.0,0.0,0.0,0.0,0.0,0.0,0.0,0.0,0.0,0.0,0.0,18.41,16.06,0.0,0.0,0.0,0.0,19.31,42.09,0.95,0.0,0.23,2.48,32.78,52.04,18.98,1.76,3.53,3.98,34.54,55.81,25.44,0.0,0.0,0.0,0.0,0.0,0.0,0.0,0.0,0.0,0.0,0.0,0.0,0.0,0.0,0.0,34.54,56.59,25.44,0.0,0.0,0.0,0.0,0.0,0.0,0.0,0.78,0.0,7,9,2,183,238,55,98,98,30,6/24/2014,7/28/2014,8/24/2014,30,98,25,6/24/2014,7/28/2014,8/24/2014,2.0,3.0,1.0,98.0,98.0,25.0,2.0,3.0,1.0,0.0,0.0,0.0,123.0,148.0,25.0,350.82,143.7,269.97,0.0,0.0,0.0,0.0,0.0,0.0,0.2,0.0,0.01,0.0,0.0,0.0,0,0,0,2,3,1,0,0,0,0,0,0,1.0,1.0,1.0,949,0.0,0.0,0.0
7001699896,109,0.0,0.0,0.0,6/30/2014,7/31/2014,8/31/2014,1243.65,1516.265,1178.916,1328.06,1530.59,1001.11,812.39,1230.89,641.46,93.13,0.0,0.0,307.78,0.0,0.0,434.68,569.86,424.49,197.54,554.38,336.41,0.28,8.58,7.18,18.98,0.0,4.25,632.51,1132.83,768.09,675.43,960.73,576.61,505.74,667.93,286.31,0.0,0.0,0.0,0.0,0.0,0.0,1181.18,1628.66,862.93,0.0,0.0,0.0,18.98,0.0,11.54,0.0,0.0,0.0,1832.68,2761.49,1642.58,33.84,52.74,28.43,146.69,347.71,273.19,16.76,17.76,14.88,197.31,418.23,316.51,6.48,1.34,5.14,23.38,27.41,52.06,0.0,0.0,0.0,0.0,0.0,0.0,29.86,28.76,57.21,227.18,448.69,374.08,0.0,0.0,0.0,0.0,1.7,0.35,0.0,0.0,0.0,12,8,9,1486,1743,1524,229,339,398,6/30/2014,7/27/2014,8/31/2014,229,339,91,6/29/2014,7/6/2014,8/31/2014,2.0,1.0,4.0,46.0,154.0,145.0,2.0,1.0,2.0,0.0,0.0,2.0,71.0,154.0,359.0,0.33,133.38,51.38,0.0,0.0,856.84,0.0,0.0,77.69,1.12,0.0,77.68,0.0,0.0,0.0,0,1,0,2,0,2,0,0,1,0,0,1,1.0,1.0,1.0,2719,844.96,0.0,0.0
7001093444,109,0.0,0.0,0.0,6/30/2014,7/31/2014,8/31/2014,418.563,214.374,78.275,42.69,21.41,14.28,662.99,426.58,212.11,0.0,0.0,0.0,0.0,0.0,1.61,6.46,11.19,6.31,49.11,26.73,65.48,0.0,0.0,0.0,9.63,6.23,0.3,55.58,37.93,71.79,36.23,10.21,7.96,597.21,390.18,143.78,0.0,0.0,0.0,0.0,0.0,0.0,633.44,400.39,151.74,0.0,0.0,0.0,17.49,28.81,2.64,2.6,0.0,0.0,709.13,467.14,226.19,34.81,18.74,9.51,145.78,100.73,92.29,0.0,0.0,0.0,180.59,119.48,101.81,0.35,2.46,0.0,31.09,23.94,12.13,0.0,0.0,0.0,0.0,0.0,0.0,31.44,26.41,12.13,236.08,149.86,113.94,0.0,0.0,0.0,23.01,0.0,0.0,1.01,3.96,0.0,11,9,6,522,240,93,110,30,50,6/29/2014,7/29/2014,8/20/2014,30,30,20,6/29/2014,,,1.0,,,177.0,,,0.0,,,1.0,,,177.0,,,0.0,0.0,0.0,0.0,0.0,0.0,0.0,,,0.0,,,0.0,,,0,0,0,0,0,0,1,0,0,0,0,0,0.0,,,820,0.0,0.0,0.0
7001666587,109,0.0,0.0,0.0,6/30/2014,7/31/2014,8/31/2014,207.091,315.712,171.946,253.53,495.96,280.26,67.31,95.64,41.43,0.0,0.0,0.0,0.0,0.0,0.0,167.09,441.53,257.78,65.61,83.74,40.71,0.96,2.38,0.0,0.0,0.0,0.0,233.68,527.66,298.49,86.43,54.43,22.48,0.0,9.51,0.0,0.0,0.0,0.0,0.0,0.0,0.0,86.43,63.94,22.48,2.91,0.0,0.71,0.0,0.0,0.0,0.0,0.0,0.0,323.03,591.61,321.69,76.76,153.56,54.89,289.83,525.66,478.26,4.31,0.0,5.35,370.91,679.23,538.51,15.78,45.19,43.46,0.0,0.65,0.66,0.0,0.0,0.0,0.0,0.0,0.0,15.78,45.84,44.13,388.78,752.58,845.46,0.0,0.0,0.0,2.08,20.41,231.21,0.0,7.08,31.59,2,5,3,110,384,325,110,128,149,6/18/2014,7/22/2014,8/29/2014,0,128,149,,,,,,,,,,,,,,,,,,,0.0,0.0,0.0,0.0,0.0,0.0,,,,,,,,,,0,0,0,0,0,0,0,0,0,0,0,0,,,,2957,0.0,0.0,0.0
7001464826,109,0.0,0.0,0.0,6/30/2014,7/31/2014,8/31/2014,1380.995,417.18,929.648,113.44,52.14,84.79,330.38,347.34,537.31,18.48,0.0,2.06,19.7,0.0,16.66,104.73,38.71,78.43,253.74,248.58,408.53,63.59,93.66,98.16,0.0,0.0,0.0,422.08,380.96,585.13,0.0,13.43,2.15,0.0,0.0,16.98,0.0,5.09,1.93,0.0,0.0,0.0,0.0,18.53,21.06,18.63,0.0,19.61,0.0,0.0,0.0,0.0,0.0,0.0,440.71,399.49,625.81,330.41,55.24,219.34,240.04,298.86,434.36,21.91,134.04,176.01,592.38,488.16,829.73,0.0,0.0,0.0,0.0,0.0,18.58,0.0,8.39,8.76,0.0,0.0,0.0,0.0,8.39,27.34,698.66,543.03,861.59,0.19,0.0,0.0,12.63,0.0,0.03,93.44,46.46,4.48,6,2,4,1167,0,1100,550,0,550,6/27/2014,7/22/2014,8/20/2014,550,0,550,,,,,,,,,,,,,,,,,,,0.0,0.0,0.0,0.0,0.0,0.0,,,,,,,,,,0,0,0,0,0,0,0,0,0,0,0,0,,,,3499,21.32,5.82,88.4
7001504341,109,0.0,0.0,0.0,6/30/2014,7/31/2014,8/31/2014,230.675,226.816,249.823,0.0,0.0,0.0,4.21,3.99,4.58,0.0,0.0,0.0,0.0,0.0,0.0,0.0,0.0,0.0,3.76,2.38,4.58,0.45,1.61,0.0,0.0,0.0,0.0,4.21,3.99,4.58,0.0,0.0,0.0,0.0,0.0,0.0,0.0,0.0,0.0,0.0,0.0,0.0,0.0,0.0,0.0,0.0,0.0,0.0,0.0,0.0,0.0,0.0,0.0,0.0,4.21,3.99,4.58,1.91,0.31,1.33,20.56,24.41,12.29,1.26,0.89,0.0,23.74,25.63,13.63,0.0,0.0,0.3,0.0,0.0,0.0,0.0,0.0,0.0,0.0,0.0,0.0,0.0,0.0,0.3,23.74,25.63,13.93,0.0,0.0,0.0,0.0,0.0,0.0,0.0,0.0,0.0,4,3,2,252,252,252,252,252,252,6/25/2014,7/21/2014,8/25/2014,252,252,0,6/25/2014,7/21/2014,8/18/2014,1.0,1.0,1.0,252.0,252.0,252.0,0.0,0.0,0.0,1.0,1.0,1.0,252.0,252.0,252.0,53.06,166.01,79.61,1906.84,629.96,463.17,213.99,212.18,229.39,212.17,212.17,229.61,0.0,0.0,0.0,0,0,0,0,0,0,1,1,1,0,0,0,1.0,1.0,1.0,3651,600.26,780.48,1750.64
7000203323,109,0.0,0.0,0.0,6/30/2014,7/31/2014,8/31/2014,734.366,86.931,172.116,17.23,8.93,12.31,399.64,71.51,135.76,0.0,0.0,0.0,0.0,0.0,0.0,17.23,5.23,6.31,26.54,8.91,11.98,0.0,0.0,0.0,0.0,0.0,0.0,43.78,14.14,18.29,0.0,3.69,6.0,373.09,62.59,123.78,0.0,0.0,0.0,0.0,0.0,0.0,373.09,66.29,129.78,0.0,0.0,0.0,0.38,0.53,1.24,1.13,0.0,0.0,418.39,80.98,149.33,11.29,7.78,12.36,39.19,22.68,25.71,0.0,0.0,0.0,50.49,30.46,38.08,0.0,2.3,0.0,3.48,0.64,6.24,0.0,0.0,0.0,0.0,0.0,0.0,3.48,2.94,6.24,54.31,34.13,44.84,0.0,0.0,0.25,0.0,0.71,0.0,0.33,0.0,0.26,14,6,7,860,110,182,252,110,50,6/28/2014,7/15/2014,8/31/2014,0,0,25,6/16/2014,,8/31/2014,2.0,,2.0,252.0,,25.0,0.0,,2.0,2.0,,0.0,504.0,,42.0,9.11,0.0,0.0,1882.9,0.0,69.53,448.4,,5.55,436.17,,0.2,0.0,,0.0,0,0,0,0,0,2,2,0,0,0,0,0,1.0,,1.0,251,0.0,35.04,111.95
7000184115,109,0.0,0.0,0.0,6/30/2014,7/31/2014,8/31/2014,339.941,365.22,355.335,673.69,759.49,802.08,85.93,76.58,68.23,0.0,0.0,0.0,0.0,0.0,0.0,2.76,13.24,2.94,28.66,35.63,32.58,0.0,0.86,0.0,0.0,0.0,0.0,31.43,49.74,35.53,670.93,746.24,799.13,57.26,40.08,35.64,0.0,0.0,0.0,0.0,0.0,0.0,728.19,786.33,834.78,0.0,0.0,0.0,0.0,1.68,0.0,0.0,0.0,0.0,759.63,837.76,870.31,5.09,26.26,7.99,60.61,21.26,16.83,0.0,0.0,0.0,65.71,47.53,24.83,2.18,1.86,0.68,31.94,13.33,15.39,0.0,4.26,0.0,0.0,0.0,0.0,34.13,19.46,16.08,127.23,121.19,142.98,0.0,0.0,0.0,27.38,54.19,102.06,0.0,0.0,0.0,5,10,9,366,476,440,110,110,144,6/29/2014,7/28/2014,8/31/2014,36,110,0,,,,,,,,,,,,,,,,,,,0.0,0.0,0.0,0.0,0.0,0.0,,,,,,,,,,0,0,0,0,0,0,0,0,0,0,0,0,,,,1064,0.0,0.0,0.0
7000390321,109,0.0,0.0,0.0,6/30/2014,7/31/2014,8/31/2014,459.447,444.742,241.783,890.61,871.21,422.26,118.54,155.03,39.79,0.0,0.0,0.0,0.0,0.0,0.0,3.96,3.38,0.53,33.58,56.16,6.34,0.0,0.0,0.0,0.0,0.0,0.0,37.54,59.54,6.88,886.64,867.83,421.73,82.63,66.83,22.39,0.0,0.0,0.0,0.0,0.0,0.0,969.28,934.66,444.13,0.0,0.0,0.0,9.86,32.71,11.71,0.0,0.0,0.0,1016.69,1026.93,462.73,19.56,9.49,7.83,7.43,8.86,12.78,0.0,0.0,0.0,26.99,18.36,20.61,0.4,0.03,4.26,5.78,5.09,0.0,0.0,0.0,0.0,0.0,0.0,0.0,6.18,5.13,4.26,33.18,23.49,24.88,0.0,0.0,0.0,0.0,0.0,0.0,0.0,0.0,0.0,17,16,8,566,462,259,90,44,65,6/30/2014,7/31/2014,8/21/2014,44,20,30,,,,,,,,,,,,,,,,,,,0.0,0.0,0.0,0.0,0.0,0.0,,,,,,,,,,0,0,0,0,0,0,0,0,0,0,0,0,,,,682,0.0,0.0,0.0
7000191076,109,0.0,0.0,0.0,6/30/2014,7/31/2014,8/31/2014,390.364,225.762,66.928,48.58,18.63,10.43,352.08,184.54,49.79,0.0,0.0,0.0,0.0,0.0,0.0,48.58,18.63,10.43,348.96,178.43,45.21,1.88,5.43,0.61,0.0,0.0,0.0,399.43,202.49,56.26,0.0,0.0,0.0,0.93,0.0,0.0,0.0,0.0,0.0,0.0,0.0,0.0,0.93,0.0,0.0,0.0,0.0,0.0,4.24,1.59,3.96,1.21,0.0,0.0,405.83,204.09,60.23,6.91,10.98,4.23,193.16,149.39,58.86,7.11,44.64,1.21,207.19,205.03,64.31,0.0,0.0,0.0,0.95,0.0,0.0,0.0,0.0,2.7,0.0,0.0,0.0,0.95,0.0,2.7,208.38,205.39,67.14,0.13,0.36,0.0,0.0,0.0,0.0,0.1,0.0,0.13,13,9,2,450,260,140,110,110,110,6/29/2014,7/20/2014,8/22/2014,20,0,110,,,,,,,,,,,,,,,,,,,0.0,0.0,0.0,0.0,0.0,0.0,,,,,,,,,,0,0,0,0,0,0,0,0,0,0,0,0,,,,416,0.0,0.0,0.0
7000679210,109,0.0,0.0,0.0,6/30/2014,7/31/2014,8/31/2014,70.231,246.054,219.446,0.0,0.58,0.46,6.16,2.86,12.93,0.0,0.0,0.0,0.0,0.0,0.0,0.0,0.58,0.46,6.16,2.49,11.38,0.0,0.36,1.55,0.0,0.0,0.0,6.16,3.44,13.39,0.0,0.0,0.0,0.0,0.0,0.0,0.0,0.0,0.0,0.0,0.0,0.0,0.0,0.0,0.0,0.0,0.0,0.0,0.0,0.0,0.0,0.0,0.0,0.0,6.16,3.44,13.39,0.0,0.0,0.36,1.98,3.76,10.13,0.0,0.41,0.0,1.98,4.18,10.49,0.0,0.0,0.0,0.0,9.08,1.91,0.0,0.38,0.0,0.0,0.0,0.0,0.0,9.46,1.91,1.98,13.69,12.61,0.0,0.0,0.1,0.0,0.0,0.0,0.0,0.05,0.1,2,5,4,110,374,130,110,154,130,6/28/2014,7/27/2014,8/24/2014,110,110,130,,7/19/2014,,,1.0,,,154.0,,,1.0,,,0.0,,,154.0,,0.0,0.01,0.0,0.0,150.52,0.0,,140.02,,,0.0,,,0.0,,0,1,0,0,0,0,0,0,0,0,0,0,,1.0,,358,22.7,0.0,0.0
7002250549,109,0.0,0.0,0.0,6/30/2014,7/31/2014,8/31/2014,128.207,448.934,111.654,4.88,0.14,2.86,69.58,65.58,44.84,0.0,0.0,0.0,0.0,0.0,0.0,4.88,0.14,2.86,68.74,59.96,44.84,0.83,0.0,0.0,0.0,5.61,0.0,74.46,60.11,47.71,0.0,0.0,0.0,0.0,0.0,0.0,0.0,0.0,0.0,0.0,0.0,0.0,0.0,0.0,0.0,0.0,0.0,0.0,0.0,5.61,0.0,0.0,0.0,0.0,74.46,65.73,47.71,10.26,0.21,5.16,32.83,13.09,34.13,9.39,7.94,5.36,52.49,21.26,44.66,0.0,0.0,0.0,0.0,0.45,2.86,0.0,0.93,0.0,0.0,0.0,0.0,0.0,1.38,2.86,52.49,22.64,47.53,0.0,0.0,0.0,0.0,0.0,0.0,0.0,0.0,0.0,6,14,5,90,584,45,90,250,30,6/27/2014,7/28/2014,8/29/2014,0,15,30,,7/3/2014,,,1.0,,,14.0,,,1.0,,,0.0,,,14.0,,0.0,419.39,0.0,0.0,11.78,0.0,,0.0,,,334.91,,,0.0,,0,0,0,0,1,0,0,0,0,0,0,0,,1.0,,2564,180.03,20.26,0.0
7000759882,109,0.0,0.0,0.0,6/30/2014,7/31/2014,8/31/2014,391.682,261.679,94.993,18.78,19.46,8.69,213.56,160.38,51.66,0.0,0.0,0.0,0.0,0.0,0.0,5.25,0.0,4.91,91.63,59.56,33.16,0.0,2.33,0.0,0.0,0.6,0.0,96.88,61.89,38.08,13.53,19.46,3.78,116.64,97.59,18.46,0.0,0.0,0.0,0.0,0.0,0.0,130.18,117.06,22.24,0.0,0.0,0.0,6.36,3.98,0.03,2.04,0.0,0.0,235.48,182.94,60.36,9.43,0.0,0.0,229.39,76.19,18.13,15.05,0.0,0.5,253.88,76.19,18.63,11.96,18.09,4.03,2.31,16.59,0.83,0.0,0.0,0.0,0.0,0.0,0.0,14.28,34.69,4.86,268.16,111.79,25.31,0.0,0.0,0.0,0.0,0.0,0.0,0.0,0.89,1.81,18,13,3,450,303,110,50,56,50,6/29/2014,7/26/2014,8/18/2014,0,0,30,6/26/2014,7/16/2014,,6.0,7.0,,25.0,56.0,,6.0,4.0,,0.0,3.0,,150.0,206.0,,385.4,624.02,0.0,0.0,0.0,0.0,0.0,65.73,,31.3,71.33,,0.0,0.0,,0,0,0,6,4,0,0,0,0,0,3,0,1.0,1.0,,390,0.0,0.0,0.0
7000378012,109,0.0,0.0,0.0,6/30/2014,7/31/2014,8/31/2014,515.06,316.171,210.36,134.68,49.19,10.41,237.93,195.49,176.11,0.0,0.51,0.54,0.0,0.0,3.81,46.41,28.61,3.64,134.69,131.26,128.38,7.44,23.26,18.43,0.0,0.0,0.0,188.56,183.14,150.46,88.26,19.98,6.14,93.64,41.56,24.83,2.13,0.0,1.26,0.0,0.0,0.0,184.04,61.54,32.24,0.0,0.0,0.0,0.0,0.0,0.0,0.0,0.0,0.0,372.61,244.69,182.71,16.34,26.98,18.21,340.54,260.33,233.41,42.49,39.59,18.54,399.39,326.91,270.18,23.31,26.38,7.29,188.54,79.49,92.21,0.0,6.81,21.88,0.0,0.0,0.0,211.86,112.69,121.39,614.21,465.28,391.58,0.0,0.0,0.0,2.95,25.66,0.0,0.0,0.0,0.0,8,5,2,550,310,200,300,200,200,6/14/2014,7/16/2014,8/11/2014,250,200,200,6/14/2014,7/14/2014,8/11/2014,1.0,1.0,1.0,252.0,455.0,449.0,0.0,0.0,0.0,1.0,1.0,1.0,252.0,455.0,449.0,12.59,25.29,136.32,933.3,871.62,1030.56,302.12,410.5,398.63,229.34,413.45,398.61,0.0,0.0,0.0,0,0,0,0,0,0,1,1,1,0,0,0,1.0,1.0,1.0,677,890.95,792.96,597.68
7000773198,109,0.0,0.0,0.0,6/30/2014,7/31/2014,8/31/2014,487.689,247.095,205.846,22.74,128.91,149.51,658.74,294.66,124.34,0.0,0.0,0.0,0.0,0.0,0.0,22.74,128.91,149.51,644.28,292.98,123.28,0.3,1.46,1.06,0.0,2.08,0.0,667.33,423.36,273.86,0.0,0.0,0.0,5.24,0.21,0.0,0.0,0.0,0.0,0.0,0.0,0.0,5.24,0.21,0.0,0.0,0.0,0.0,10.08,5.51,3.34,0.2,0.0,0.0,682.86,429.09,277.21,24.58,38.91,54.76,91.88,81.04,81.68,1.38,1.6,3.68,117.84,121.56,140.13,0.0,0.0,0.0,6.93,0.0,0.0,0.0,0.0,0.0,0.0,0.0,0.0,6.93,0.0,0.0,124.78,121.56,140.13,0.0,0.0,0.0,0.0,0.0,0.0,0.0,0.0,0.0,34,12,18,574,270,235,90,110,50,6/30/2014,7/25/2014,8/29/2014,20,10,10,6/15/2014,,8/5/2014,1.0,,1.0,14.0,,25.0,1.0,,1.0,0.0,,0.0,14.0,,25.0,459.85,0.0,160.51,605.14,0.0,805.65,-0.09,,-7.29,84.55,,52.7,0.0,,0.0,0,0,0,1,0,1,0,0,0,0,0,0,1.0,,1.0,1822,393.85,687.96,109.1
7000748006,109,0.0,0.0,0.0,6/30/2014,7/31/2014,8/31/2014,678.34,0.0,584.952,115.11,,54.73,1710.56,,958.88,0.0,,0.0,0.0,,0.0,60.69,,27.14,448.68,,51.63,0.0,,0.0,3.26,,5.08,509.38,,78.78,54.41,,27.58,1258.03,,890.59,0.0,,0.18,0.0,,0.0,1312.44,,918.36,0.0,,0.0,9.93,,17.33,0.0,,0.0,1831.76,0.0,1014.48,12.23,,11.59,77.66,,36.66,0.68,,0.41,90.58,,48.68,0.0,,0.0,5.26,,1.71,0.0,,0.1,0.0,,0.0,5.26,,1.81,95.84,0.0,50.64,0.0,,0.01,0.0,,0.0,0.0,,0.13,15,1,14,792,0,686,110,0,144,6/29/2014,7/30/2014,8/30/2014,0,0,30,,,,,,,,,,,,,,,,,,,0.0,0.0,0.0,0.0,0.0,0.0,,,,,,,,,,0,0,0,0,0,0,0,0,0,0,0,0,,,,268,0.0,0.0,0.0
7001283488,109,0.0,0.0,0.0,6/30/2014,7/31/2014,8/31/2014,185.769,117.847,133.224,77.38,43.01,41.23,76.56,31.78,23.59,21.13,0.0,0.0,7.51,0.0,0.0,72.81,43.01,41.23,73.41,31.78,23.59,0.0,0.0,0.0,0.0,0.0,0.0,146.23,74.79,64.83,0.0,0.0,0.0,0.2,0.0,0.0,0.0,0.0,0.0,0.0,0.0,0.0,0.2,0.0,0.0,0.0,0.0,0.0,0.0,1.11,0.0,0.0,0.0,0.0,146.43,75.91,64.83,72.26,25.36,27.61,50.63,72.28,58.51,0.93,0.0,0.31,123.83,97.64,86.44,0.0,0.0,0.0,0.23,11.65,0.0,0.0,0.0,0.0,0.0,0.0,0.0,0.23,11.65,0.0,124.06,109.29,86.44,0.0,0.0,0.0,0.0,0.0,0.0,0.0,0.0,0.0,6,6,6,170,150,153,110,30,33,6/26/2014,7/29/2014,8/27/2014,30,30,30,,,,,,,,,,,,,,,,,,,0.0,0.0,0.0,0.0,0.0,0.0,,,,,,,,,,0,0,0,0,0,0,0,0,0,0,0,0,,,,3134,0.0,0.0,0.0
7002334711,109,0.0,0.0,0.0,6/30/2014,7/31/2014,8/31/2014,202.303,133.071,62.167,16.83,26.89,5.91,157.98,85.54,52.29,0.0,0.0,0.0,0.0,0.0,0.0,16.83,26.89,5.91,148.83,53.59,46.61,4.14,0.43,0.4,0.0,0.0,0.0,169.81,80.93,52.93,0.0,0.0,0.0,4.99,0.0,0.0,0.0,31.51,5.28,0.0,0.0,0.0,4.99,31.51,5.28,0.0,0.0,0.0,0.0,0.0,0.0,0.0,0.0,0.0,174.81,112.44,58.21,9.93,3.49,1.93,58.81,78.04,67.91,8.94,0.0,0.0,77.69,81.54,69.84,0.65,0.23,0.0,0.0,0.0,0.0,0.18,6.09,5.81,0.0,0.0,0.0,0.83,6.33,5.81,79.21,87.88,75.66,0.28,0.0,0.0,0.0,0.0,0.0,0.4,0.0,0.0,7,3,2,220,150,50,50,50,50,6/25/2014,7/30/2014,8/12/2014,50,50,0,,,,,,,,,,,,,,,,,,,0.0,0.0,0.0,0.0,0.0,0.0,,,,,,,,,,0,0,0,0,0,0,0,0,0,0,0,0,,,,418,0.0,0.0,0.0
